{
  "0": {
    "CATH": [
      "3.30.70.330"
    ],
    "Pfam": [
      "PF00076",
      "PF19977",
      "PF18440",
      "PF14703",
      "PF04059",
      "PF18444",
      "PF03468",
      "PF08152",
      "PF18528",
      "PF08489",
      "PF17797",
      "PF17799",
      "PF02994",
      "PF12220"
    ]
  },
  "1": {
    "CATH": [
      "3.30.70.1820",
      "3.30.70.1970",
      "3.30.70.2280"
    ],
    "Pfam": [
      "PF03467",
      "PF03880",
      "PF04847",
      "PF05172",
      "PF08675",
      "PF08777",
      "PF08952",
      "PF09162",
      "PF11608",
      "PF11835",
      "PF13893",
      "PF16367",
      "PF16842",
      "PF17774"
    ]
  }
}