PDB_id,Chain_id,Domain,Family_id,PDB_start,PDB_end,Domain_pos,UNP_id,UNP_start,UNP_end
7B9V,Y,RRM_5,PF13893,24,110,domain_1,A0A6A5Q318,24,110
7DCO,p,RRM_5,PF13893,29,103,domain_1,A0A6A5Q318,29,103
7OQB,Y,RRM_5,PF13893,28,110,domain_1,P40567,28,110
5MQ0,Y,RRM_5,PF13893,28,110,domain_1,P40567,28,110
5NRL,Y,RRM_5,PF13893,28,110,domain_1,P40567,28,110
7OQE,Y,RRM_5,PF13893,28,110,domain_1,P40567,28,110
5ZWM,p,RRM_5,PF13893,29,103,domain_1,P40567,29,103
6D12,A,RRM_3,PF08777,454,545,domain_1,Q4G0J3,454,545
6D12,B,RRM_3,PF08777,454,548,domain_1,Q4G0J3,454,548
5KNW,A,RRM_3,PF08777,454,552,domain_1,Q4G0J3,454,552
6ASO,A,RRM_occluded,PF16842,311,393,domain_1,P49960,311,393
5VSU,A,RRM_occluded,PF16842,311,393,domain_1,P49960,311,393
3D45,A,RNA_bind,PF08675,430,503,domain_1,Q8VDG3,430,503
3D45,B,RNA_bind,PF08675,430,505,domain_1,Q8VDG3,430,505
2ROK,A,RNA_bind,PF08675,430,508,domain_1,Q8VDG3,430,508
2MKI,A,RRM_7,PF16367,64,153,domain_1,Q17RY0,471,560
2MKJ,A,RRM_7,PF16367,64,153,domain_1,Q17RY0,471,560
2MKH,A,RRM_7,PF16367,235,330,domain_1,Q9BZB8,310,410
2MKK,A,RRM_7,PF16367,235,330,domain_1,Q9BZB8,310,410
7BBB,A,DbpA,PF03880,384,455,domain_1,P21693,384,455
