PDB_id,Chain_id,Domain,Family_id,PDB_start,PDB_end,Domain_pos,UNP_id,UNP_start,UNP_end
6RXX,CV,RRM_Rrp7,PF17799,30,199,domain_1,G0SDB8,30,199
6RXY,CV,RRM_Rrp7,PF17799,30,199,domain_1,G0SDB8,30,199
6RXZ,CV,RRM_Rrp7,PF17799,30,199,domain_1,G0SDB8,30,199
6RXV,CV,RRM_Rrp7,PF17799,30,199,domain_1,G0SDB8,30,199
6ZQF,CN,RRM_Rrp7,PF17799,8,173,domain_1,P25368,8,173
6ZQD,CN,RRM_Rrp7,PF17799,8,173,domain_1,P25368,8,173
6LQR,RF,RRM_Rrp7,PF17799,8,173,domain_1,P25368,8,173
6LQQ,RF,RRM_Rrp7,PF17799,8,173,domain_1,P25368,8,173
6ZQE,CN,RRM_Rrp7,PF17799,8,173,domain_1,P25368,8,173
5WYJ,CA,RRM_Rrp7,PF17799,8,173,domain_1,P25368,8,173
7AJU,CN,RRM_Rrp7,PF17799,8,173,domain_1,P25368,8,173
6LQU,RF,RRM_Rrp7,PF17799,8,173,domain_1,P25368,8,173
4M5D,B,RRM_Rrp7,PF17799,8,173,domain_1,P25368,8,173
6ZQB,CN,RRM_Rrp7,PF17799,8,173,domain_1,P25368,8,173
6LQP,RF,RRM_Rrp7,PF17799,8,173,domain_1,P25368,8,173
5WLC,NI,RRM_Rrp7,PF17799,8,173,domain_1,P25368,8,173
5WYK,CA,RRM_Rrp7,PF17799,8,173,domain_1,P25368,8,173
7AJT,CN,RRM_Rrp7,PF17799,8,173,domain_1,P25368,8,173
6LQS,RF,RRM_Rrp7,PF17799,8,173,domain_1,P25368,8,173
6ZQA,CN,RRM_Rrp7,PF17799,8,173,domain_1,P25368,8,173
6KE6,RF,RRM_Rrp7,PF17799,8,173,domain_1,P25368,8,173
6LQT,RF,RRM_Rrp7,PF17799,8,173,domain_1,P25368,8,173
6ZQC,CN,RRM_Rrp7,PF17799,8,173,domain_1,P25368,8,173
6FEC,u,RRM_1,PF00076,3,72,domain_1,P23588,98,167
2ADC,A,RRM_1,PF00076,430,495,domain_2,P26599,456,521
1QM9,A,RRM_1,PF00076,97,162,domain_2,P26599,456,521
2EVZ,A,RRM_1,PF00076,107,172,domain_2,P26599,456,521
7ASE,J,RRM_1,PF00076,77,132,domain_1,Q4DY32,85,140
5OPT,h,RRM_1,PF00076,77,132,domain_1,Q4DY32,85,140
5ZUH,A,RRM_1,PF00076,17,82,domain_1,Q9NIH4,99,164
6AGG,Z,DUF1743,PF08489,139,251,domain_1,O28025,139,251
3AU7,A,DUF1743,PF08489,139,251,domain_1,O28025,139,251
3AMU,A,DUF1743,PF08489,139,251,domain_1,O28025,139,251
5XOB,Z,DUF1743,PF08489,139,251,domain_1,O28025,139,251
4RVZ,Z,DUF1743,PF08489,139,251,domain_1,O28025,139,251
3AMT,A,DUF1743,PF08489,139,251,domain_1,O28025,139,251
7OQE,B,U1snRNP70_N,PF12220,6,97,domain_1,Q00916,6,97
6N7X,A,U1snRNP70_N,PF12220,6,97,domain_1,Q00916,6,97
7OQC,B,U1snRNP70_N,PF12220,6,97,domain_1,Q00916,6,97
6N7R,A,U1snRNP70_N,PF12220,6,97,domain_1,Q00916,6,97
6N7P,A,U1snRNP70_N,PF12220,6,97,domain_1,Q00916,6,97
5ZWN,Q,U1snRNP70_N,PF12220,6,97,domain_1,Q00916,6,97
6G90,B,U1snRNP70_N,PF12220,6,97,domain_1,Q00916,6,97
4PJO,k,U1snRNP70_N,PF12220,3,59,domain_1,P08621,3,59
4PJO,n,U1snRNP70_N,PF12220,3,59,domain_1,P08621,3,59
4PJO,K,U1snRNP70_N,PF12220,3,59,domain_1,P08621,3,59
6QX9,1K,U1snRNP70_N,PF12220,3,94,domain_1,P08621,3,94
4PJO,N,U1snRNP70_N,PF12220,6,58,domain_1,P08621,6,58
3CW1,8,U1snRNP70_N,PF12220,609,689,domain_1,P08621,9,89
3CW1,K,U1snRNP70_N,PF12220,9,89,domain_1,P08621,9,89
3CW1,7,U1snRNP70_N,PF12220,409,489,domain_1,P08621,9,89
3CW1,6,U1snRNP70_N,PF12220,209,289,domain_1,P08621,9,89
7B0Y,b,U1snRNP70_N,PF12220,27,94,domain_1,P08621,27,94
3PGW,S,U1snRNP70_N,PF12220,34,94,domain_1,P08621,34,94
3PGW,L,U1snRNP70_N,PF12220,34,94,domain_1,P08621,34,94
4PKD,B,U1snRNP70_N,PF12220,126,159,domain_1,P08621,61,94
