PDB_id,Chain_id,Domain,Family_id,PDB_start,PDB_end,Domain_pos,UNP_id,UNP_start,UNP_end
6ES4,B,RRM_1,PF00076,166,237,domain_1,A0A0B4KHI4,208,279
6ES4,A,RRM_1,PF00076,166,237,domain_1,A0A0B4KHI4,208,279
4UER,b,RRM_1,PF00076,120,180,domain_1,A0A0J9X230,93,153
7B9V,M,RRM_1,PF00076,149,206,domain_1,A0A6A5Q155,149,206
7DCO,R,RRM_1,PF00076,149,206,domain_1,A0A6A5Q155,149,206
2DIS,A,RRM_1,PF00076,11,78,domain_1,A0AV96,153,220
5CA5,A,RRM_1,PF00076,118,181,domain_1,B3GWA1,118,181
5CA5,B,RRM_1,PF00076,118,181,domain_1,B3GWA1,118,181
5CA5,A,RRM_1,PF00076,191,257,domain_2,B3GWA1,191,257
5CA5,B,RRM_1,PF00076,191,257,domain_2,B3GWA1,191,257
2MYF,A,RRM_1,PF00076,10,80,domain_1,C0H5C7,10,80
4C7Q,A,RRM_1,PF00076,8,78,domain_1,D6PZY5,8,78
2MQO,A,RRM_1,PF00076,99,157,domain_1,F1LQ48,101,159
2MQL,A,RRM_1,PF00076,99,157,domain_1,F1LQ48,101,159
5A2Z,A,RL,PF17797,53,123,domain_1,F1NBW0,53,123
5A2X,A,RL,PF17797,53,123,domain_1,F1NBW0,53,123
5A2W,A,RL,PF17797,53,123,domain_1,F1NBW0,53,123
5A2Y,B,RL,PF17797,53,123,domain_1,F1NBW0,53,123
5A2V,A,RL,PF17797,53,123,domain_1,F1NBW0,53,123
5A30,A,RL,PF17797,53,123,domain_1,F1NBW0,53,123
5A2W,B,RL,PF17797,53,123,domain_1,F1NBW0,53,123
5A2Y,A,RL,PF17797,53,123,domain_1,F1NBW0,53,123
5A2Z,B,RL,PF17797,53,123,domain_1,F1NBW0,53,123
5A2X,B,RL,PF17797,53,123,domain_1,F1NBW0,53,123
5A2V,B,RL,PF17797,53,123,domain_1,F1NBW0,53,123
5A30,B,RL,PF17797,53,123,domain_1,F1NBW0,53,123
6RXX,CV,RRM_Rrp7,PF17799,30,199,domain_1,G0SDB8,30,199
6RXY,CV,RRM_Rrp7,PF17799,30,199,domain_1,G0SDB8,30,199
6RXZ,CV,RRM_Rrp7,PF17799,30,199,domain_1,G0SDB8,30,199
6RXV,CV,RRM_Rrp7,PF17799,30,199,domain_1,G0SDB8,30,199
4WPM,B,RRM_9,PF18444,106,177,domain_1,G0SET4,106,177
4WPM,A,RRM_9,PF18444,106,177,domain_1,G0SET4,106,177
5A5U,B,RRM_1,PF00076,104,163,domain_1,G1SZ03,65,124
6CMN,A,RRM_1,PF00076,12,83,domain_1,G1TM83,12,83
2M70,A,RRM_1,PF00076,77,145,domain_1,G3LUH8,110,178
5BJR,A,RRM_1,PF00076,33,102,domain_1,G5ECJ4,33,102
5TKZ,B,RRM_1,PF00076,33,102,domain_1,G5ECJ4,33,102
5TKZ,A,RRM_1,PF00076,33,102,domain_1,G5ECJ4,33,102
5BJR,B,RRM_1,PF00076,33,102,domain_1,G5ECJ4,33,102
6DG0,A,RRM_1,PF00076,23,87,domain_2,G5ECJ4,230,294
6DG0,B,RRM_1,PF00076,23,87,domain_2,G5ECJ4,230,294
2MGZ,A,RRM_1,PF00076,102,170,domain_1,G5EEW7,102,170
4CH1,A,RRM_1,PF00076,37,105,domain_1,H2L051,37,105
2MPU,A,RRM_1,PF00076,11,81,domain_1,J7FTI7,11,81
6FQ1,A,RRM_1,PF00076,4,69,domain_1,O00425,4,69
6FQ1,B,RRM_1,PF00076,4,69,domain_1,O00425,4,69
6FQR,B,RRM_1,PF00076,4,69,domain_1,O00425,4,69
6GX6,A,RRM_1,PF00076,4,69,domain_1,O00425,4,69
6FQR,A,RRM_1,PF00076,4,69,domain_1,O00425,4,69
6FQ1,A,RRM_1,PF00076,83,150,domain_2,O00425,83,150
6FQ1,B,RRM_1,PF00076,83,150,domain_2,O00425,83,150
6FQR,B,RRM_1,PF00076,83,150,domain_2,O00425,83,150
6GX6,A,RRM_1,PF00076,83,150,domain_2,O00425,83,150
2E44,A,RRM_1,PF00076,83,150,domain_2,O00425,83,150
6FQR,A,RRM_1,PF00076,83,150,domain_2,O00425,83,150
1NO8,A,RRM_1,PF00076,107,176,domain_1,O08583,107,176
6U7V,A,xRRM,PF19977,288,402,domain_1,O13795,288,402
6TZN,A,xRRM,PF19977,288,402,domain_1,O13795,288,402
3S8S,A,RRM_1,PF00076,99,166,domain_1,O15047,99,166
2KHC,A,RRM_1,PF00076,522,592,domain_1,O18409,726,796
2KI2,A,RRM_1,PF00076,4,73,domain_1,O25501,4,73
6AGG,Z,DUF1743,PF08489,139,251,domain_1,O28025,139,251
3AU7,A,DUF1743,PF08489,139,251,domain_1,O28025,139,251
3AMU,A,DUF1743,PF08489,139,251,domain_1,O28025,139,251
5XOB,Z,DUF1743,PF08489,139,251,domain_1,O28025,139,251
4RVZ,Z,DUF1743,PF08489,139,251,domain_1,O28025,139,251
3AMT,A,DUF1743,PF08489,139,251,domain_1,O28025,139,251
2CQ3,A,RRM_1,PF00076,123,191,domain_1,O43251,123,191
2DK2,A,RRM_1,PF00076,18,80,domain_1,O43390,343,405
6Y5Q,q,RRM_1,PF00076,135,212,domain_1,O43719,135,212
6Y50,q,RRM_1,PF00076,135,212,domain_1,O43719,135,212
6N3F,C,RRM_1,PF00076,287,343,domain_2,O43719,287,343
6Y5Q,q,RRM_1,PF00076,287,343,domain_2,O43719,287,343
6N3E,A,RRM_1,PF00076,287,343,domain_2,O43719,287,343
6NSX,A,RRM_1,PF00076,287,343,domain_2,O43719,287,343
6N3D,A,RRM_1,PF00076,287,343,domain_2,O43719,287,343
6N3F,A,RRM_1,PF00076,287,343,domain_2,O43719,287,343
6Y53,q,RRM_1,PF00076,287,343,domain_2,O43719,287,343
2DIT,A,RRM_1,PF00076,39,95,domain_2,O43719,287,343
4CH0,S,RRM_1,PF00076,37,104,domain_1,O45189,37,104
2MGZ,B,RRM_1,PF00076,37,104,domain_1,O45189,37,104
2RU3,A,RRM_1,PF00076,37,104,domain_1,O45189,37,104
4CIO,A,RRM_1,PF00076,37,104,domain_1,O45189,37,104
3JB9,a,RRM_1,PF00076,224,272,domain_1,O59800,224,272
6NX5,D,RRM_1,PF00076,2,64,domain_1,O60059,2,64
6NWW,B,RRM_1,PF00076,2,64,domain_1,O60059,2,64
6NX5,A,RRM_1,PF00076,2,64,domain_1,O60059,2,64
6NWW,C,RRM_1,PF00076,2,64,domain_1,O60059,2,64
6NX5,C,RRM_1,PF00076,2,64,domain_1,O60059,2,64
6NWW,A,RRM_1,PF00076,2,64,domain_1,O60059,2,64
6NX5,B,RRM_1,PF00076,2,64,domain_1,O60059,2,64
6NWW,D,RRM_1,PF00076,2,64,domain_1,O60059,2,64
6KOR,A,RRM_1,PF00076,10,77,domain_1,O60506,245,312
6KOR,A,RRM_1,PF00076,105,167,domain_2,O60506,340,402
2DGU,A,RRM_1,PF00076,340,402,domain_2,O60506,340,402
2CQ0,A,RRM_1,PF00076,241,308,domain_1,O75821,241,308
6YBS,o,RRM_1,PF00076,241,308,domain_1,O75821,241,308
5K0Y,O,RRM_1,PF00076,241,308,domain_1,O75821,241,308
6ZMW,o,RRM_1,PF00076,241,308,domain_1,O75821,241,308
4LMZ,A,RRM_1,PF00076,7,78,domain_1,O95319,42,113
4LMZ,A,RRM_1,PF00076,99,167,domain_2,O95319,134,202
4LJM,A,RRM_1,PF00076,407,477,domain_3,O95319,425,495
4TLQ,B,RRM_1,PF00076,15,85,domain_3,O95319,425,495
4TLQ,A,RRM_1,PF00076,15,85,domain_3,O95319,425,495
5M8I,A,RRM_1,PF00076,31,101,domain_3,O95319,425,495
2MY7,A,RRM_1,PF00076,407,477,domain_3,O95319,425,495
2MY8,A,RRM_1,PF00076,407,477,domain_3,O95319,425,495
4LJM,B,RRM_1,PF00076,407,477,domain_3,O95319,425,495
6R5K,F,RRM_1,PF00076,40,110,domain_1,P04147,40,110
6R5K,H,RRM_1,PF00076,40,110,domain_1,P04147,40,110
6R5K,D,RRM_1,PF00076,40,110,domain_1,P04147,40,110
6R5K,F,RRM_1,PF00076,128,197,domain_2,P04147,128,197
6R5K,H,RRM_1,PF00076,128,197,domain_2,P04147,128,197
6R5K,D,RRM_1,PF00076,128,197,domain_2,P04147,128,197
6R5K,H,RRM_1,PF00076,221,290,domain_3,P04147,221,290
6R5K,D,RRM_1,PF00076,221,290,domain_3,P04147,221,290
6R5K,H,RRM_1,PF00076,324,393,domain_4,P04147,324,393
6R5K,D,RRM_1,PF00076,324,393,domain_4,P04147,324,393
1YTY,A,RRM_1,PF00076,113,181,domain_1,P05455,113,181
1ZH5,A,RRM_1,PF00076,113,181,domain_1,P05455,113,181
1YTY,B,RRM_1,PF00076,113,181,domain_1,P05455,113,181
2VOP,A,RRM_1,PF00076,113,181,domain_1,P05455,113,181
2VOD,B,RRM_1,PF00076,113,181,domain_1,P05455,113,181
2VON,A,RRM_1,PF00076,113,181,domain_1,P05455,113,181
2VOO,B,RRM_1,PF00076,113,181,domain_1,P05455,113,181
2VON,B,RRM_1,PF00076,113,181,domain_1,P05455,113,181
1S79,A,RRM_1,PF00076,113,181,domain_1,P05455,113,181
2VOO,A,RRM_1,PF00076,113,181,domain_1,P05455,113,181
2VOD,A,RRM_1,PF00076,113,181,domain_1,P05455,113,181
1ZH5,B,RRM_1,PF00076,113,181,domain_1,P05455,113,181
6ZU9,p,RRM_1,PF00076,93,153,domain_1,P06103,93,153
6FYX,p,RRM_1,PF00076,93,153,domain_1,P06103,93,153
6ZCE,p,RRM_1,PF00076,93,153,domain_1,P06103,93,153
6FYY,p,RRM_1,PF00076,93,153,domain_1,P06103,93,153
3NS5,B,RRM_1,PF00076,93,153,domain_1,P06103,93,153
3NS5,A,RRM_1,PF00076,93,153,domain_1,P06103,93,153
6GSM,p,RRM_1,PF00076,93,153,domain_1,P06103,93,153
3NS6,B,RRM_1,PF00076,93,153,domain_1,P06103,93,153
6GSN,p,RRM_1,PF00076,93,153,domain_1,P06103,93,153
3NS6,A,RRM_1,PF00076,93,153,domain_1,P06103,93,153
2MXY,A,RRM_1,PF00076,18,81,domain_1,P07910,18,81
2MZ1,A,RRM_1,PF00076,18,81,domain_1,P07910,18,81
1WF2,A,RRM_1,PF00076,18,81,domain_1,P07910,18,81
1FJ7,A,RRM_1,PF00076,20,88,domain_1,P08199,310,378
1RKJ,A,RRM_1,PF00076,16,84,domain_1,P08199,310,378
1FJE,B,RRM_1,PF00076,16,84,domain_1,P08199,310,378
1RKJ,A,RRM_1,PF00076,102,167,domain_2,P08199,396,461
1FJC,A,RRM_1,PF00076,19,84,domain_2,P08199,396,461
1FJE,B,RRM_1,PF00076,102,167,domain_2,P08199,396,461
5YZG,p,RRM_1,PF00076,9,80,domain_1,P08579,9,80
5O9Z,1,RRM_1,PF00076,9,80,domain_1,P08579,9,80
5Z58,p,RRM_1,PF00076,9,80,domain_1,P08579,9,80
5Z56,p,RRM_1,PF00076,9,80,domain_1,P08579,9,80
6AH0,p,RRM_1,PF00076,9,80,domain_1,P08579,9,80
1A9N,D,RRM_1,PF00076,12,83,domain_1,P08579,9,80
6ID1,p,RRM_1,PF00076,9,80,domain_1,P08579,9,80
7A5P,X,RRM_1,PF00076,12,83,domain_1,P08579,9,80
7ABG,B,RRM_1,PF00076,9,80,domain_1,P08579,9,80
6Y5Q,b,RRM_1,PF00076,12,83,domain_1,P08579,9,80
5XJC,p,RRM_1,PF00076,9,80,domain_1,P08579,9,80
6AHD,p,RRM_1,PF00076,9,80,domain_1,P08579,9,80
6QDV,Y,RRM_1,PF00076,9,80,domain_1,P08579,9,80
5MQF,X,RRM_1,PF00076,12,83,domain_1,P08579,9,80
6ID0,p,RRM_1,PF00076,9,80,domain_1,P08579,9,80
6ICZ,p,RRM_1,PF00076,9,80,domain_1,P08579,9,80
6FF7,X,RRM_1,PF00076,12,83,domain_1,P08579,9,80
6Y53,b,RRM_1,PF00076,12,83,domain_1,P08579,9,80
5Z57,p,RRM_1,PF00076,9,80,domain_1,P08579,9,80
1A9N,B,RRM_1,PF00076,12,83,domain_1,P08579,9,80
7ABI,B,RRM_1,PF00076,9,80,domain_1,P08579,9,80
6QX9,2B,RRM_1,PF00076,9,80,domain_1,P08579,9,80
5Z58,p,RRM_1,PF00076,153,219,domain_2,P08579,153,219
5Z56,p,RRM_1,PF00076,153,219,domain_2,P08579,153,219
7ABG,B,RRM_1,PF00076,153,219,domain_2,P08579,153,219
6Y5Q,b,RRM_1,PF00076,153,219,domain_2,P08579,153,219
6FF7,X,RRM_1,PF00076,153,219,domain_2,P08579,153,219
6Y53,b,RRM_1,PF00076,153,219,domain_2,P08579,153,219
5Z57,p,RRM_1,PF00076,153,219,domain_2,P08579,153,219
7ABI,B,RRM_1,PF00076,153,219,domain_2,P08579,153,219
4PJO,k,U1snRNP70_N,PF12220,3,59,domain_1,P08621,3,59
4PJO,n,U1snRNP70_N,PF12220,3,59,domain_1,P08621,3,59
4PJO,K,U1snRNP70_N,PF12220,3,59,domain_1,P08621,3,59
6QX9,1K,U1snRNP70_N,PF12220,3,94,domain_1,P08621,3,94
4PJO,N,U1snRNP70_N,PF12220,6,58,domain_1,P08621,6,58
3CW1,8,U1snRNP70_N,PF12220,609,689,domain_1,P08621,9,89
3CW1,K,U1snRNP70_N,PF12220,9,89,domain_1,P08621,9,89
3CW1,7,U1snRNP70_N,PF12220,409,489,domain_1,P08621,9,89
3CW1,6,U1snRNP70_N,PF12220,209,289,domain_1,P08621,9,89
7B0Y,b,U1snRNP70_N,PF12220,27,94,domain_1,P08621,27,94
3PGW,S,U1snRNP70_N,PF12220,34,94,domain_1,P08621,34,94
3PGW,L,U1snRNP70_N,PF12220,34,94,domain_1,P08621,34,94
4PKD,B,U1snRNP70_N,PF12220,126,159,domain_1,P08621,61,94
3CW1,7,RRM_1,PF00076,505,575,domain_2,P08621,105,175
4PKD,B,RRM_1,PF00076,170,240,domain_2,P08621,105,175
7B0Y,b,RRM_1,PF00076,105,175,domain_2,P08621,105,175
6QX9,1K,RRM_1,PF00076,105,175,domain_2,P08621,105,175
3CW1,8,RRM_1,PF00076,705,775,domain_2,P08621,105,175
3PGW,L,RRM_1,PF00076,105,175,domain_2,P08621,105,175
3CW1,6,RRM_1,PF00076,305,375,domain_2,P08621,105,175
3PGW,S,RRM_1,PF00076,105,175,domain_2,P08621,105,175
3CW1,K,RRM_1,PF00076,105,175,domain_2,P08621,105,175
6YYL,A,RRM_2,PF04059,596,692,domain_1,P08965,596,692
7DUS,A,RRM_2,PF04059,596,692,domain_1,P08965,596,692
6YYM,A,RRM_2,PF04059,596,692,domain_1,P08965,596,692
6YYL,C,RRM_2,PF04059,596,692,domain_1,P08965,596,692
1M5O,C,RRM_1,PF00076,12,83,domain_1,P09012,12,83
3G9C,D,RRM_1,PF00076,12,83,domain_1,P09012,12,83
3R1H,D,RRM_1,PF00076,12,83,domain_1,P09012,12,83
6SR7,CCC,RRM_1,PF00076,12,83,domain_1,P09012,12,83
3HHN,B,RRM_1,PF00076,12,83,domain_1,P09012,12,83
6XH2,A,RRM_1,PF00076,12,83,domain_1,P09012,12,83
6SQV,BBB,RRM_1,PF00076,12,83,domain_1,P09012,12,83
6SQN,B,RRM_1,PF00076,12,83,domain_1,P09012,12,83
6LAU,C,RRM_1,PF00076,12,83,domain_1,P09012,12,83
5DDO,G,RRM_1,PF00076,12,83,domain_1,P09012,12,83
6SQV,CCC,RRM_1,PF00076,12,83,domain_1,P09012,12,83
1U6B,A,RRM_1,PF00076,12,83,domain_1,P09012,12,83
2NZ4,A,RRM_1,PF00076,12,83,domain_1,P09012,12,83
1URN,B,RRM_1,PF00076,12,83,domain_1,P09012,12,83
3R1L,D,RRM_1,PF00076,12,83,domain_1,P09012,12,83
4YB1,P,RRM_1,PF00076,12,83,domain_1,P09012,12,83
1SJ4,P,RRM_1,PF00076,12,83,domain_1,P09012,12,83
3IRW,P,RRM_1,PF00076,12,83,domain_1,P09012,12,83
3L3C,A,RRM_1,PF00076,12,83,domain_1,P09012,12,83
5DDR,D,RRM_1,PF00076,11,82,domain_1,P09012,12,83
6LAZ,D,RRM_1,PF00076,12,83,domain_1,P09012,12,83
2NZ4,B,RRM_1,PF00076,12,83,domain_1,P09012,12,83
3HHN,D,RRM_1,PF00076,12,83,domain_1,P09012,12,83
3G96,B,RRM_1,PF00076,12,83,domain_1,P09012,12,83
5DDQ,C,RRM_1,PF00076,11,82,domain_1,P09012,12,83
6SQT,AAA,RRM_1,PF00076,12,83,domain_1,P09012,12,83
4W90,B,RRM_1,PF00076,12,83,domain_1,P09012,12,83
3G9C,B,RRM_1,PF00076,12,83,domain_1,P09012,12,83
6LAU,E,RRM_1,PF00076,12,83,domain_1,P09012,12,83
3R1H,A,RRM_1,PF00076,12,83,domain_1,P09012,12,83
1OIA,A,RRM_1,PF00076,12,83,domain_1,P09012,12,83
1M5V,C,RRM_1,PF00076,12,83,domain_1,P09012,12,83
5FJ4,A,RRM_1,PF00076,12,83,domain_1,P09012,12,83
6SQQ,AAA,RRM_1,PF00076,12,83,domain_1,P09012,12,83
6SQV,AAA,RRM_1,PF00076,12,83,domain_1,P09012,12,83
1M5P,F,RRM_1,PF00076,12,83,domain_1,P09012,12,83
3UCU,P,RRM_1,PF00076,12,83,domain_1,P09012,12,83
6LAS,E,RRM_1,PF00076,12,83,domain_1,P09012,12,83
5FJ4,E,RRM_1,PF00076,12,83,domain_1,P09012,12,83
1SJF,A,RRM_1,PF00076,12,83,domain_1,P09012,12,83
3L3C,C,RRM_1,PF00076,12,83,domain_1,P09012,12,83
1ZZN,A,RRM_1,PF00076,12,83,domain_1,P09012,12,83
3G8T,A,RRM_1,PF00076,12,83,domain_1,P09012,12,83
5DDR,C,RRM_1,PF00076,11,82,domain_1,P09012,12,83
7LHX,A,RRM_1,PF00076,12,83,domain_1,P09012,12,83
3G8S,A,RRM_1,PF00076,12,83,domain_1,P09012,12,83
6SR7,DDD,RRM_1,PF00076,12,83,domain_1,P09012,12,83
2A3J,A,RRM_1,PF00076,32,103,domain_1,P09012,12,83
6LAZ,E,RRM_1,PF00076,12,83,domain_1,P09012,12,83
6LAS,C,RRM_1,PF00076,12,83,domain_1,P09012,12,83
2NZ4,D,RRM_1,PF00076,12,83,domain_1,P09012,12,83
6XH1,A,RRM_1,PF00076,12,83,domain_1,P09012,12,83
1NU4,B,RRM_1,PF00076,12,83,domain_1,P09012,12,83
3G8T,C,RRM_1,PF00076,12,83,domain_1,P09012,12,83
4W92,B,RRM_1,PF00076,12,83,domain_1,P09012,12,83
3G8S,D,RRM_1,PF00076,12,83,domain_1,P09012,12,83
6SR7,AAA,RRM_1,PF00076,12,83,domain_1,P09012,12,83
3BO2,A,RRM_1,PF00076,12,83,domain_1,P09012,12,83
1VBZ,A,RRM_1,PF00076,12,83,domain_1,P09012,12,83
3CUN,A,RRM_1,PF00076,307,378,domain_1,P09012,12,83
1URN,A,RRM_1,PF00076,12,83,domain_1,P09012,12,83
1VBY,A,RRM_1,PF00076,12,83,domain_1,P09012,12,83
5DDQ,D,RRM_1,PF00076,11,82,domain_1,P09012,12,83
1VC6,A,RRM_1,PF00076,12,83,domain_1,P09012,12,83
1OIA,B,RRM_1,PF00076,12,83,domain_1,P09012,12,83
1DZ5,A,RRM_1,PF00076,11,82,domain_1,P09012,12,83
4C4W,B,RRM_1,PF00076,12,83,domain_1,P09012,12,83
1SJ3,P,RRM_1,PF00076,12,83,domain_1,P09012,12,83
3MUR,P,RRM_1,PF00076,12,83,domain_1,P09012,12,83
6LAX,D,RRM_1,PF00076,12,83,domain_1,P09012,12,83
3EGZ,A,RRM_1,PF00076,207,278,domain_1,P09012,12,83
3K0J,B,RRM_1,PF00076,312,383,domain_1,P09012,12,83
6LAU,D,RRM_1,PF00076,12,83,domain_1,P09012,12,83
1M5P,C,RRM_1,PF00076,12,83,domain_1,P09012,12,83
3G8S,B,RRM_1,PF00076,12,83,domain_1,P09012,12,83
2OJ3,A,RRM_1,PF00076,12,83,domain_1,P09012,12,83
3CUL,A,RRM_1,PF00076,307,378,domain_1,P09012,12,83
3BO3,A,RRM_1,PF00076,12,83,domain_1,P09012,12,83
7D7V,C,RRM_1,PF00076,109,180,domain_1,P09012,12,83
6LAX,E,RRM_1,PF00076,12,83,domain_1,P09012,12,83
6SQN,A,RRM_1,PF00076,12,83,domain_1,P09012,12,83
3MUV,P,RRM_1,PF00076,12,83,domain_1,P09012,12,83
6SQN,C,RRM_1,PF00076,12,83,domain_1,P09012,12,83
4PR6,A,RRM_1,PF00076,12,83,domain_1,P09012,12,83
1M5K,C,RRM_1,PF00076,12,83,domain_1,P09012,12,83
6LAX,C,RRM_1,PF00076,12,83,domain_1,P09012,12,83
3PGW,P,RRM_1,PF00076,12,83,domain_1,P09012,12,83
1URN,C,RRM_1,PF00076,12,83,domain_1,P09012,12,83
5DDP,C,RRM_1,PF00076,11,82,domain_1,P09012,12,83
3G96,A,RRM_1,PF00076,12,83,domain_1,P09012,12,83
3UCZ,P,RRM_1,PF00076,12,83,domain_1,P09012,12,83
6LAS,D,RRM_1,PF00076,12,83,domain_1,P09012,12,83
1VC5,A,RRM_1,PF00076,12,83,domain_1,P09012,12,83
5FJ4,F,RRM_1,PF00076,12,83,domain_1,P09012,12,83
1DRZ,A,RRM_1,PF00076,12,83,domain_1,P09012,12,83
3K0J,A,RRM_1,PF00076,212,283,domain_1,P09012,12,83
3G96,D,RRM_1,PF00076,12,83,domain_1,P09012,12,83
1DZ5,B,RRM_1,PF00076,11,82,domain_1,P09012,12,83
3UD4,P,RRM_1,PF00076,12,83,domain_1,P09012,12,83
2OIH,A,RRM_1,PF00076,12,83,domain_1,P09012,12,83
5FJ4,B,RRM_1,PF00076,12,83,domain_1,P09012,12,83
3K0J,D,RRM_1,PF00076,512,583,domain_1,P09012,12,83
3CUL,B,RRM_1,PF00076,407,478,domain_1,P09012,12,83
1M5V,F,RRM_1,PF00076,12,83,domain_1,P09012,12,83
3G9C,A,RRM_1,PF00076,12,83,domain_1,P09012,12,83
4C4W,A,RRM_1,PF00076,12,83,domain_1,P09012,12,83
3UD3,P,RRM_1,PF00076,12,83,domain_1,P09012,12,83
1M5O,F,RRM_1,PF00076,12,83,domain_1,P09012,12,83
6SQT,CCC,RRM_1,PF00076,12,83,domain_1,P09012,12,83
3G9C,C,RRM_1,PF00076,12,83,domain_1,P09012,12,83
6XH3,A,RRM_1,PF00076,12,83,domain_1,P09012,12,83
4C4W,F,RRM_1,PF00076,12,83,domain_1,P09012,12,83
3G96,C,RRM_1,PF00076,12,83,domain_1,P09012,12,83
6SQQ,BBB,RRM_1,PF00076,12,83,domain_1,P09012,12,83
5DDP,D,RRM_1,PF00076,11,82,domain_1,P09012,12,83
3IIN,A,RRM_1,PF00076,12,83,domain_1,P09012,12,83
3MXH,P,RRM_1,PF00076,12,83,domain_1,P09012,12,83
6SR7,BBB,RRM_1,PF00076,12,83,domain_1,P09012,12,83
1M5K,F,RRM_1,PF00076,12,83,domain_1,P09012,12,83
1VC0,A,RRM_1,PF00076,12,83,domain_1,P09012,12,83
4C4W,E,RRM_1,PF00076,12,83,domain_1,P09012,12,83
3PGW,A,RRM_1,PF00076,12,83,domain_1,P09012,12,83
6QX9,1A,RRM_1,PF00076,12,83,domain_1,P09012,12,83
4PRF,A,RRM_1,PF00076,12,83,domain_1,P09012,12,83
3IWN,D,RRM_1,PF00076,907,978,domain_1,P09012,12,83
3G8S,C,RRM_1,PF00076,12,83,domain_1,P09012,12,83
3K0J,C,RRM_1,PF00076,412,483,domain_1,P09012,12,83
3L3C,D,RRM_1,PF00076,12,83,domain_1,P09012,12,83
6LAZ,C,RRM_1,PF00076,12,83,domain_1,P09012,12,83
6SQT,BBB,RRM_1,PF00076,12,83,domain_1,P09012,12,83
2NZ4,C,RRM_1,PF00076,12,83,domain_1,P09012,12,83
1NU4,A,RRM_1,PF00076,12,83,domain_1,P09012,12,83
3MUT,P,RRM_1,PF00076,12,83,domain_1,P09012,12,83
3BO4,A,RRM_1,PF00076,12,83,domain_1,P09012,12,83
3G8T,D,RRM_1,PF00076,12,83,domain_1,P09012,12,83
6SQV,DDD,RRM_1,PF00076,12,83,domain_1,P09012,12,83
1FHT,A,RRM_1,PF00076,11,82,domain_1,P09012,12,83
1VBX,A,RRM_1,PF00076,12,83,domain_1,P09012,12,83
3MUM,P,RRM_1,PF00076,12,83,domain_1,P09012,12,83
3P49,B,RRM_1,PF00076,12,83,domain_1,P09012,12,83
7B0Y,c,RRM_1,PF00076,12,83,domain_1,P09012,12,83
6XH0,A,RRM_1,PF00076,12,83,domain_1,P09012,12,83
3CUN,B,RRM_1,PF00076,407,478,domain_1,P09012,12,83
6SQQ,CCC,RRM_1,PF00076,12,83,domain_1,P09012,12,83
1AUD,A,RRM_1,PF00076,11,82,domain_1,P09012,12,83
3IWN,C,RRM_1,PF00076,807,878,domain_1,P09012,12,83
3G8T,B,RRM_1,PF00076,12,83,domain_1,P09012,12,83
5DDO,C,RRM_1,PF00076,12,83,domain_1,P09012,12,83
3R1L,A,RRM_1,PF00076,12,83,domain_1,P09012,12,83
3L3C,B,RRM_1,PF00076,12,83,domain_1,P09012,12,83
2U1A,A,RRM_1,PF00076,16,81,domain_2,P09012,210,275
7AEP,A,RRM_1,PF00076,210,275,domain_2,P09012,210,275
6DCL,B,RRM_1,PF00076,16,85,domain_1,P09651,16,85
1L3K,A,RRM_1,PF00076,16,85,domain_1,P09651,16,85
1PGZ,A,RRM_1,PF00076,16,85,domain_1,P09651,16,85
1U1N,A,RRM_1,PF00076,16,85,domain_1,P09651,16,85
1HA1,A,RRM_1,PF00076,15,84,domain_1,P09651,16,85
1U1K,A,RRM_1,PF00076,16,85,domain_1,P09651,16,85
1PO6,A,RRM_1,PF00076,16,85,domain_1,P09651,16,85
2UP1,A,RRM_1,PF00076,16,85,domain_1,P09651,16,85
1U1Q,A,RRM_1,PF00076,16,85,domain_1,P09651,16,85
1U1O,A,RRM_1,PF00076,16,85,domain_1,P09651,16,85
6DCL,A,RRM_1,PF00076,16,85,domain_1,P09651,16,85
4YOE,A,RRM_1,PF00076,16,85,domain_1,P09651,16,85
1UP1,A,RRM_1,PF00076,16,85,domain_1,P09651,16,85
5MPG,A,RRM_1,PF00076,16,85,domain_1,P09651,16,85
1U1M,A,RRM_1,PF00076,16,85,domain_1,P09651,16,85
1U1L,A,RRM_1,PF00076,16,85,domain_1,P09651,16,85
1U1P,A,RRM_1,PF00076,16,85,domain_1,P09651,16,85
2LYV,A,RRM_1,PF00076,16,85,domain_1,P09651,16,85
1U1R,A,RRM_1,PF00076,16,85,domain_1,P09651,16,85
6DCL,B,RRM_1,PF00076,107,176,domain_2,P09651,107,176
1L3K,A,RRM_1,PF00076,107,176,domain_2,P09651,107,176
1PGZ,A,RRM_1,PF00076,107,176,domain_2,P09651,107,176
1U1N,A,RRM_1,PF00076,107,176,domain_2,P09651,107,176
1HA1,A,RRM_1,PF00076,106,175,domain_2,P09651,107,176
5MPL,A,RRM_1,PF00076,107,176,domain_2,P09651,107,176
1U1K,A,RRM_1,PF00076,107,176,domain_2,P09651,107,176
1PO6,A,RRM_1,PF00076,107,176,domain_2,P09651,107,176
2UP1,A,RRM_1,PF00076,107,176,domain_2,P09651,107,176
1U1Q,A,RRM_1,PF00076,107,176,domain_2,P09651,107,176
1U1O,A,RRM_1,PF00076,107,176,domain_2,P09651,107,176
6DCL,A,RRM_1,PF00076,107,176,domain_2,P09651,107,176
4YOE,A,RRM_1,PF00076,107,176,domain_2,P09651,107,176
1UP1,A,RRM_1,PF00076,107,176,domain_2,P09651,107,176
1U1M,A,RRM_1,PF00076,107,176,domain_2,P09651,107,176
1U1L,A,RRM_1,PF00076,107,176,domain_2,P09651,107,176
1U1P,A,RRM_1,PF00076,107,176,domain_2,P09651,107,176
2LYV,A,RRM_1,PF00076,107,176,domain_2,P09651,107,176
1U1R,A,RRM_1,PF00076,107,176,domain_2,P09651,107,176
2FY1,A,RRM_1,PF00076,10,79,domain_1,P0DJD3,10,79
1CVJ,G,RRM_1,PF00076,13,83,domain_1,P11940,13,83
1CVJ,C,RRM_1,PF00076,13,83,domain_1,P11940,13,83
1CVJ,A,RRM_1,PF00076,13,83,domain_1,P11940,13,83
4F02,D,RRM_1,PF00076,13,83,domain_1,P11940,13,83
4F02,A,RRM_1,PF00076,13,83,domain_1,P11940,13,83
1CVJ,H,RRM_1,PF00076,13,83,domain_1,P11940,13,83
1CVJ,B,RRM_1,PF00076,13,83,domain_1,P11940,13,83
1CVJ,D,RRM_1,PF00076,13,83,domain_1,P11940,13,83
1CVJ,E,RRM_1,PF00076,13,83,domain_1,P11940,13,83
1CVJ,F,RRM_1,PF00076,13,83,domain_1,P11940,13,83
1CVJ,H,RRM_1,PF00076,101,152,domain_2,P11940,101,152
1CVJ,B,RRM_1,PF00076,101,159,domain_2,P11940,101,159
1CVJ,G,RRM_1,PF00076,101,168,domain_2,P11940,101,168
4F25,A,RRM_1,PF00076,101,168,domain_2,P11940,101,168
4F26,A,RRM_1,PF00076,101,168,domain_2,P11940,101,168
1CVJ,C,RRM_1,PF00076,101,168,domain_2,P11940,101,168
1CVJ,A,RRM_1,PF00076,101,168,domain_2,P11940,101,168
4F02,D,RRM_1,PF00076,101,168,domain_2,P11940,101,168
4F02,A,RRM_1,PF00076,101,168,domain_2,P11940,101,168
2K8G,A,RRM_1,PF00076,101,168,domain_2,P11940,101,168
1CVJ,D,RRM_1,PF00076,101,168,domain_2,P11940,101,168
1CVJ,E,RRM_1,PF00076,101,168,domain_2,P11940,101,168
1CVJ,F,RRM_1,PF00076,101,168,domain_2,P11940,101,168
2D9P,A,RRM_1,PF00076,296,364,domain_3,P11940,296,364
3R27,B,RRM_1,PF00076,104,162,domain_1,P14866,104,162
3R27,A,RRM_1,PF00076,104,162,domain_1,P14866,104,162
1X5P,A,RRM_1,PF00076,21,80,domain_1,P18615,267,326
2BZ2,A,RRM_1,PF00076,45,104,domain_1,P18615,267,326
2JX2,A,RRM_1,PF00076,45,104,domain_1,P18615,267,326
2KRR,A,RRM_1,PF00076,10,78,domain_1,P19338,309,377
2KRR,A,RRM_1,PF00076,96,161,domain_2,P19338,395,460
2FC9,A,RRM_1,PF00076,18,84,domain_3,P19338,488,554
2FC8,A,RRM_1,PF00076,18,85,domain_4,P19338,574,641
3SXL,C,RRM_1,PF00076,127,197,domain_1,P19339,127,197
4QQB,B,RRM_1,PF00076,127,197,domain_1,P19339,127,197
1B7F,B,RRM_1,PF00076,127,197,domain_1,P19339,127,197
1B7F,A,RRM_1,PF00076,127,197,domain_1,P19339,127,197
3SXL,A,RRM_1,PF00076,127,197,domain_1,P19339,127,197
2SXL,A,RRM_1,PF00076,6,76,domain_1,P19339,127,197
4QQB,A,RRM_1,PF00076,127,197,domain_1,P19339,127,197
3SXL,B,RRM_1,PF00076,127,197,domain_1,P19339,127,197
3SXL,C,RRM_1,PF00076,213,275,domain_2,P19339,213,275
3SXL,A,RRM_1,PF00076,213,275,domain_2,P19339,213,275
3SXL,B,RRM_1,PF00076,213,275,domain_2,P19339,213,275
1SXL,A,RRM_1,PF00076,16,84,domain_2,P19339,213,281
4QQB,B,RRM_1,PF00076,213,281,domain_2,P19339,213,281
1B7F,B,RRM_1,PF00076,213,281,domain_2,P19339,213,281
1B7F,A,RRM_1,PF00076,213,281,domain_2,P19339,213,281
4QQB,A,RRM_1,PF00076,213,281,domain_2,P19339,213,281
5HO4,A,RRM_1,PF00076,23,92,domain_1,P22626,23,92
5WWF,C,RRM_1,PF00076,23,92,domain_1,P22626,23,92
1X4B,A,RRM_1,PF00076,30,99,domain_1,P22626,23,92
5WWE,A,RRM_1,PF00076,23,92,domain_1,P22626,23,92
5EN1,A,RRM_1,PF00076,23,92,domain_1,P22626,23,92
5WWG,A,RRM_1,PF00076,23,92,domain_1,P22626,23,92
5WWF,A,RRM_1,PF00076,23,92,domain_1,P22626,23,92
5HO4,A,RRM_1,PF00076,114,183,domain_2,P22626,114,183
5WWF,C,RRM_1,PF00076,114,183,domain_2,P22626,114,183
5WWE,A,RRM_1,PF00076,114,183,domain_2,P22626,114,183
5EN1,A,RRM_1,PF00076,114,183,domain_2,P22626,114,183
5WWG,A,RRM_1,PF00076,114,183,domain_2,P22626,114,183
5WWF,A,RRM_1,PF00076,114,183,domain_2,P22626,114,183
6WMZ,C,RRM_1,PF00076,299,363,domain_1,P23246,299,363
6WMZ,A,RRM_1,PF00076,299,363,domain_1,P23246,299,363
7LRU,B,RRM_1,PF00076,299,363,domain_1,P23246,299,363
4WIJ,A,RRM_1,PF00076,299,363,domain_1,P23246,299,363
6OWJ,A,RRM_1,PF00076,299,363,domain_1,P23246,299,363
6OWJ,B,RRM_1,PF00076,299,363,domain_1,P23246,299,363
4WII,A,RRM_1,PF00076,299,363,domain_1,P23246,299,363
4WIJ,B,RRM_1,PF00076,299,363,domain_1,P23246,299,363
4WII,B,RRM_1,PF00076,299,363,domain_1,P23246,299,363
7LRQ,A,RRM_1,PF00076,299,363,domain_1,P23246,299,363
5WPA,A,RRM_1,PF00076,299,363,domain_1,P23246,299,363
6NCQ,A,RRM_1,PF00076,299,363,domain_1,P23246,299,363
6WMZ,C,RRM_1,PF00076,373,440,domain_2,P23246,373,440
6WMZ,A,RRM_1,PF00076,373,440,domain_2,P23246,373,440
7LRU,B,RRM_1,PF00076,373,440,domain_2,P23246,373,440
4WIJ,A,RRM_1,PF00076,373,440,domain_2,P23246,373,440
4WIK,B,RRM_1,PF00076,373,440,domain_2,P23246,373,440
6OWJ,A,RRM_1,PF00076,373,440,domain_2,P23246,373,440
6OWJ,B,RRM_1,PF00076,373,440,domain_2,P23246,373,440
4WII,A,RRM_1,PF00076,373,440,domain_2,P23246,373,440
4WIJ,B,RRM_1,PF00076,373,440,domain_2,P23246,373,440
4WII,B,RRM_1,PF00076,373,440,domain_2,P23246,373,440
4WIK,A,RRM_1,PF00076,373,440,domain_2,P23246,373,440
7LRQ,A,RRM_1,PF00076,373,440,domain_2,P23246,373,440
5WPA,A,RRM_1,PF00076,373,440,domain_2,P23246,373,440
6NCQ,A,RRM_1,PF00076,373,440,domain_2,P23246,373,440
1WI8,A,RRM_1,PF00076,98,167,domain_1,P23588,98,167
2J76,E,RRM_1,PF00076,3,72,domain_1,P23588,98,167
6FEC,u,RRM_1,PF00076,3,72,domain_1,P23588,98,167
2X1A,A,RRM_1,PF00076,20,90,domain_1,P25299,20,90
2X1B,A,RRM_1,PF00076,20,90,domain_1,P25299,20,90
2X1F,A,RRM_1,PF00076,20,90,domain_1,P25299,20,90
2KM8,B,RRM_1,PF00076,28,98,domain_1,P25299,20,90
6ZQF,CN,RRM_Rrp7,PF17799,8,173,domain_1,P25368,8,173
6ZQD,CN,RRM_Rrp7,PF17799,8,173,domain_1,P25368,8,173
6LQR,RF,RRM_Rrp7,PF17799,8,173,domain_1,P25368,8,173
6LQQ,RF,RRM_Rrp7,PF17799,8,173,domain_1,P25368,8,173
6ZQE,CN,RRM_Rrp7,PF17799,8,173,domain_1,P25368,8,173
5WYJ,CA,RRM_Rrp7,PF17799,8,173,domain_1,P25368,8,173
7AJU,CN,RRM_Rrp7,PF17799,8,173,domain_1,P25368,8,173
6LQU,RF,RRM_Rrp7,PF17799,8,173,domain_1,P25368,8,173
4M5D,B,RRM_Rrp7,PF17799,8,173,domain_1,P25368,8,173
6ZQB,CN,RRM_Rrp7,PF17799,8,173,domain_1,P25368,8,173
6LQP,RF,RRM_Rrp7,PF17799,8,173,domain_1,P25368,8,173
5WLC,NI,RRM_Rrp7,PF17799,8,173,domain_1,P25368,8,173
5WYK,CA,RRM_Rrp7,PF17799,8,173,domain_1,P25368,8,173
7AJT,CN,RRM_Rrp7,PF17799,8,173,domain_1,P25368,8,173
6LQS,RF,RRM_Rrp7,PF17799,8,173,domain_1,P25368,8,173
6ZQA,CN,RRM_Rrp7,PF17799,8,173,domain_1,P25368,8,173
6KE6,RF,RRM_Rrp7,PF17799,8,173,domain_1,P25368,8,173
6LQT,RF,RRM_Rrp7,PF17799,8,173,domain_1,P25368,8,173
6ZQC,CN,RRM_Rrp7,PF17799,8,173,domain_1,P25368,8,173
2MZQ,A,RRM_1,PF00076,351,420,domain_1,P25555,351,420
3VAH,B,RRM_1,PF00076,151,225,domain_1,P26368,151,225
3VAG,A,RRM_1,PF00076,151,225,domain_1,P26368,151,225
3VAJ,B,RRM_1,PF00076,151,225,domain_1,P26368,151,225
4TU7,A,RRM_1,PF00076,151,225,domain_1,P26368,151,225
3VAK,A,RRM_1,PF00076,151,225,domain_1,P26368,151,225
5EV1,A,RRM_1,PF00076,151,225,domain_1,P26368,151,225
2HZC,A,RRM_1,PF00076,151,225,domain_1,P26368,151,225
3VAG,B,RRM_1,PF00076,151,225,domain_1,P26368,151,225
3VAF,B,RRM_1,PF00076,151,225,domain_1,P26368,151,225
2YH0,A,RRM_1,PF00076,151,225,domain_1,P26368,151,225
3VAL,D,RRM_1,PF00076,151,225,domain_1,P26368,151,225
2G4B,A,RRM_1,PF00076,151,225,domain_1,P26368,151,225
4TU7,B,RRM_1,PF00076,151,225,domain_1,P26368,151,225
5EV3,A,RRM_1,PF00076,151,225,domain_1,P26368,151,225
5EV2,A,RRM_1,PF00076,151,225,domain_1,P26368,151,225
3VAK,B,RRM_1,PF00076,151,225,domain_1,P26368,151,225
3VAL,I,RRM_1,PF00076,151,225,domain_1,P26368,151,225
3VAL,B,RRM_1,PF00076,151,225,domain_1,P26368,151,225
6TR0,A,RRM_1,PF00076,151,225,domain_1,P26368,151,225
5EV4,A,RRM_1,PF00076,151,225,domain_1,P26368,151,225
3VAH,A,RRM_1,PF00076,151,225,domain_1,P26368,151,225
4TU9,A,RRM_1,PF00076,151,225,domain_1,P26368,151,225
3VAJ,A,RRM_1,PF00076,151,225,domain_1,P26368,151,225
6XLW,A,RRM_1,PF00076,151,225,domain_1,P26368,151,225
5W0G,A,RRM_1,PF00076,151,225,domain_1,P26368,151,225
4TU8,A,RRM_1,PF00076,151,225,domain_1,P26368,151,225
2YH1,A,RRM_1,PF00076,151,225,domain_1,P26368,151,225
3VAI,B,RRM_1,PF00076,151,225,domain_1,P26368,151,225
3VAL,A,RRM_1,PF00076,151,225,domain_1,P26368,151,225
6XLV,A,RRM_1,PF00076,151,225,domain_1,P26368,151,225
4TU8,B,RRM_1,PF00076,151,225,domain_1,P26368,151,225
3VAM,A,RRM_1,PF00076,151,225,domain_1,P26368,151,225
4TU9,B,RRM_1,PF00076,151,225,domain_1,P26368,151,225
1U2F,A,RRM_1,PF00076,4,78,domain_1,P26368,151,225
3VAM,B,RRM_1,PF00076,151,225,domain_1,P26368,151,225
6XLX,A,RRM_1,PF00076,151,225,domain_1,P26368,151,225
3VAI,A,RRM_1,PF00076,151,225,domain_1,P26368,151,225
3VAF,A,RRM_1,PF00076,151,225,domain_1,P26368,151,225
3VAH,B,RRM_1,PF00076,261,331,domain_2,P26368,261,331
3VAG,A,RRM_1,PF00076,261,331,domain_2,P26368,261,331
2U2F,A,RRM_1,PF00076,4,74,domain_2,P26368,261,331
3VAJ,B,RRM_1,PF00076,261,331,domain_2,P26368,261,331
4TU7,A,RRM_1,PF00076,261,331,domain_2,P26368,261,331
3VAK,A,RRM_1,PF00076,261,331,domain_2,P26368,261,331
5EV1,A,RRM_1,PF00076,261,331,domain_2,P26368,261,331
3VAG,B,RRM_1,PF00076,261,331,domain_2,P26368,261,331
3VAF,B,RRM_1,PF00076,261,331,domain_2,P26368,261,331
2YH0,A,RRM_1,PF00076,261,331,domain_2,P26368,261,331
3VAL,D,RRM_1,PF00076,261,331,domain_2,P26368,261,331
2G4B,A,RRM_1,PF00076,261,331,domain_2,P26368,261,331
5W0H,A,RRM_1,PF00076,261,331,domain_2,P26368,261,331
4TU7,B,RRM_1,PF00076,261,331,domain_2,P26368,261,331
5EV3,A,RRM_1,PF00076,261,331,domain_2,P26368,261,331
5EV2,A,RRM_1,PF00076,261,331,domain_2,P26368,261,331
3VAK,B,RRM_1,PF00076,261,331,domain_2,P26368,261,331
3VAL,I,RRM_1,PF00076,261,331,domain_2,P26368,261,331
3VAL,B,RRM_1,PF00076,261,331,domain_2,P26368,261,331
6TR0,A,RRM_1,PF00076,261,331,domain_2,P26368,261,331
5EV4,A,RRM_1,PF00076,261,331,domain_2,P26368,261,331
3VAH,A,RRM_1,PF00076,261,331,domain_2,P26368,261,331
4TU9,A,RRM_1,PF00076,261,331,domain_2,P26368,261,331
3VAJ,A,RRM_1,PF00076,261,331,domain_2,P26368,261,331
6XLW,A,RRM_1,PF00076,261,331,domain_2,P26368,261,331
4TU8,A,RRM_1,PF00076,261,331,domain_2,P26368,261,331
2YH1,A,RRM_1,PF00076,261,331,domain_2,P26368,261,331
3VAI,B,RRM_1,PF00076,261,331,domain_2,P26368,261,331
3VAL,A,RRM_1,PF00076,261,331,domain_2,P26368,261,331
6XLV,A,RRM_1,PF00076,261,331,domain_2,P26368,261,331
4TU8,B,RRM_1,PF00076,261,331,domain_2,P26368,261,331
3VAM,A,RRM_1,PF00076,261,331,domain_2,P26368,261,331
4TU9,B,RRM_1,PF00076,261,331,domain_2,P26368,261,331
3VAM,B,RRM_1,PF00076,261,331,domain_2,P26368,261,331
6XLX,A,RRM_1,PF00076,261,331,domain_2,P26368,261,331
3VAI,A,RRM_1,PF00076,261,331,domain_2,P26368,261,331
3VAF,A,RRM_1,PF00076,261,331,domain_2,P26368,261,331
2M0G,B,RRM_1,PF00076,399,460,domain_3,P26368,399,460
1O0P,A,RRM_1,PF00076,399,460,domain_3,P26368,399,460
4FXW,A,RRM_1,PF00076,399,460,domain_3,P26368,399,460
1OPI,A,RRM_1,PF00076,399,460,domain_3,P26368,399,460
4FXW,C,RRM_1,PF00076,399,460,domain_3,P26368,399,460
2M52,A,RRM_1,PF00076,29,90,domain_1,P26369,399,460
3V4M,A,RRM_1,PF00076,399,460,domain_1,P26369,399,460
4Z2X,B,RRM_1,PF00076,399,460,domain_1,P26369,399,460
3V4M,B,RRM_1,PF00076,399,460,domain_1,P26369,399,460
4Z2X,A,RRM_1,PF00076,399,460,domain_1,P26369,399,460
1G2E,A,RRM_1,PF00076,41,111,domain_1,P26378,53,123
1FXL,A,RRM_1,PF00076,41,111,domain_1,P26378,53,123
1G2E,A,RRM_1,PF00076,127,195,domain_2,P26378,139,207
1FXL,A,RRM_1,PF00076,127,195,domain_2,P26378,139,207
3ZZZ,A,RRM_1,PF00076,186,252,domain_1,P26599,186,252
2ADB,A,RRM_1,PF00076,186,252,domain_1,P26599,186,252
3ZZY,B,RRM_1,PF00076,186,252,domain_1,P26599,186,252
1SJR,A,RRM_1,PF00076,49,115,domain_1,P26599,186,252
3ZZZ,B,RRM_1,PF00076,186,252,domain_1,P26599,186,252
3ZZY,A,RRM_1,PF00076,186,252,domain_1,P26599,186,252
2ADC,A,RRM_1,PF00076,430,495,domain_2,P26599,456,521
1QM9,A,RRM_1,PF00076,97,162,domain_2,P26599,456,521
2EVZ,A,RRM_1,PF00076,107,172,domain_2,P26599,456,521
6M75,A,RRM_1,PF00076,7,72,domain_1,P29558,64,129
7C36,A,RRM_1,PF00076,7,72,domain_1,P29558,64,129
6M75,A,RRM_1,PF00076,86,152,domain_2,P29558,143,209
1X5O,A,RRM_1,PF00076,28,94,domain_2,P29558,143,209
7C36,A,RRM_1,PF00076,86,152,domain_2,P29558,143,209
6ELD,A,RRM_1,PF00076,9,77,domain_1,P31483,9,77
5O2V,A,RRM_1,PF00076,9,77,domain_1,P31483,9,77
3BS9,B,RRM_1,PF00076,97,167,domain_2,P31483,108,178
5ITH,A,RRM_1,PF00076,97,167,domain_2,P31483,108,178
3BS9,A,RRM_1,PF00076,97,167,domain_2,P31483,108,178
5O3J,A,RRM_1,PF00076,2,72,domain_2,P31483,108,178
2MJN,A,RRM_1,PF00076,97,167,domain_2,P31483,108,178
2MJN,A,RRM_1,PF00076,205,269,domain_3,P31483,216,280
2LXU,A,RRM_1,PF00076,13,84,domain_1,P31943,13,84
6DHS,A,RRM_1,PF00076,13,84,domain_1,P31943,13,84
6DHS,C,RRM_1,PF00076,13,84,domain_1,P31943,13,84
6DHS,B,RRM_1,PF00076,13,84,domain_1,P31943,13,84
6DHS,D,RRM_1,PF00076,13,84,domain_1,P31943,13,84
6DHS,A,RRM_1,PF00076,113,182,domain_2,P31943,113,182
6DHS,C,RRM_1,PF00076,113,182,domain_2,P31943,113,182
6DHS,B,RRM_1,PF00076,113,182,domain_2,P31943,113,182
6DHS,D,RRM_1,PF00076,113,182,domain_2,P31943,113,182
3MD3,A,RRM_1,PF00076,77,146,domain_1,P32588,77,146
3MD3,A,RRM_1,PF00076,164,234,domain_2,P32588,164,234
3MD1,B,RRM_1,PF00076,164,234,domain_2,P32588,164,234
3MD1,A,RRM_1,PF00076,164,234,domain_2,P32588,164,234
6Z29,A,RRM_1,PF00076,343,407,domain_3,P32588,343,407
2LA4,A,RRM_1,PF00076,343,407,domain_3,P32588,343,407
1P1T,A,RRM_1,PF00076,18,88,domain_1,P33240,18,88
6Q2I,A,RRM_1,PF00076,18,88,domain_1,P33240,18,88
6TZE,A,RRM_1,PF00076,18,88,domain_1,P33240,18,88
6GBM,B,RRM_1,PF00076,287,365,domain_1,P35637,287,365
2LCW,A,RRM_1,PF00076,287,365,domain_1,P35637,287,365
2LA6,A,RRM_1,PF00076,16,94,domain_1,P35637,287,365
6SNJ,A,RRM_1,PF00076,287,365,domain_1,P35637,287,365
2MB0,B,RRM_1,PF00076,10,80,domain_1,P38159,10,80
2MKS,A,RRM_1,PF00076,12,82,domain_1,P38159,10,80
5D77,A,RRM_1,PF00076,315,383,domain_1,P38760,315,383
5D78,A,RRM_1,PF00076,315,383,domain_1,P38760,315,383
2MZR,A,RRM_1,PF00076,163,230,domain_1,P38922,163,230
2MZS,A,RRM_1,PF00076,263,332,domain_2,P38922,263,332
2MZT,A,RRM_1,PF00076,378,447,domain_3,P38922,378,447
2XNR,A,RRM_1,PF00076,332,395,domain_1,P38996,332,395
2XNQ,A,RRM_1,PF00076,332,395,domain_1,P38996,332,395
2L41,A,RRM_1,PF00076,5,68,domain_1,P38996,332,395
2KVI,A,RRM_1,PF00076,5,68,domain_1,P38996,332,395
6EZ7,A,RRM_1,PF00076,305,373,domain_1,P39684,305,373
5GM6,V,RRM_1,PF00076,33,103,domain_1,P40565,33,103
2MY3,A,RRM_1,PF00076,13,83,domain_1,P40565,33,103
2MY2,A,RRM_1,PF00076,13,83,domain_1,P40565,33,103
4UQT,A,RRM_1,PF00076,33,103,domain_1,P40565,33,103
2MKC,A,RRM_1,PF00076,13,83,domain_1,P40565,33,103
5ZWO,X,RRM_1,PF00076,33,103,domain_1,P40565,33,103
5LQW,J,RRM_1,PF00076,33,103,domain_1,P40565,33,103
5ZWM,X,RRM_1,PF00076,33,103,domain_1,P40565,33,103
6F4I,F,RRM_1,PF00076,9,80,domain_1,P43332,9,80
2K3K,A,RRM_1,PF00076,9,80,domain_1,P43332,9,80
6F4I,B,RRM_1,PF00076,9,80,domain_1,P43332,9,80
6F4J,D,RRM_1,PF00076,9,80,domain_1,P43332,9,80
6F4J,C,RRM_1,PF00076,9,80,domain_1,P43332,9,80
6F4H,E,RRM_1,PF00076,9,80,domain_1,P43332,9,80
6F4H,C,RRM_1,PF00076,9,80,domain_1,P43332,9,80
6F4G,B,RRM_1,PF00076,9,80,domain_1,P43332,9,80
6F4H,A,RRM_1,PF00076,9,80,domain_1,P43332,9,80
6F4I,E,RRM_1,PF00076,9,80,domain_1,P43332,9,80
6F4G,E,RRM_1,PF00076,9,80,domain_1,P43332,9,80
6F4I,C,RRM_1,PF00076,9,80,domain_1,P43332,9,80
6F4I,D,RRM_1,PF00076,9,80,domain_1,P43332,9,80
6F4I,A,RRM_1,PF00076,9,80,domain_1,P43332,9,80
2AYM,A,RRM_1,PF00076,11,76,domain_2,P43332,144,209
2B0G,A,RRM_1,PF00076,11,76,domain_2,P43332,144,209
2GHP,G,RRM_1,PF00076,43,110,domain_1,P49960,43,110
2GHP,C,RRM_1,PF00076,43,110,domain_1,P49960,43,110
4N0T,A,RRM_1,PF00076,43,110,domain_1,P49960,43,110
5TF6,A,RRM_1,PF00076,43,110,domain_1,P49960,43,110
2GHP,A,RRM_1,PF00076,43,110,domain_1,P49960,43,110
2GHP,H,RRM_1,PF00076,43,110,domain_1,P49960,43,110
2GHP,B,RRM_1,PF00076,43,110,domain_1,P49960,43,110
5VSU,A,RRM_1,PF00076,43,110,domain_1,P49960,43,110
2GO9,A,RRM_1,PF00076,7,74,domain_1,P49960,43,110
2GHP,D,RRM_1,PF00076,43,110,domain_1,P49960,43,110
2GHP,F,RRM_1,PF00076,43,110,domain_1,P49960,43,110
6ASO,A,RRM_1,PF00076,43,110,domain_1,P49960,43,110
2GHP,E,RRM_1,PF00076,43,110,domain_1,P49960,43,110
5TF6,C,RRM_1,PF00076,43,110,domain_1,P49960,43,110
2GHP,G,RRM_1,PF00076,119,189,domain_2,P49960,119,189
2GHP,C,RRM_1,PF00076,119,189,domain_2,P49960,119,189
4N0T,A,RRM_1,PF00076,119,189,domain_2,P49960,119,189
5TF6,A,RRM_1,PF00076,119,189,domain_2,P49960,119,189
2GHP,A,RRM_1,PF00076,119,189,domain_2,P49960,119,189
2GHP,H,RRM_1,PF00076,119,189,domain_2,P49960,119,189
2GHP,B,RRM_1,PF00076,119,189,domain_2,P49960,119,189
5VSU,A,RRM_1,PF00076,119,189,domain_2,P49960,119,189
2KH9,A,RRM_1,PF00076,119,189,domain_2,P49960,119,189
2GO9,A,RRM_1,PF00076,83,153,domain_2,P49960,119,189
2GHP,D,RRM_1,PF00076,119,189,domain_2,P49960,119,189
2GHP,F,RRM_1,PF00076,119,189,domain_2,P49960,119,189
6ASO,A,RRM_1,PF00076,119,189,domain_2,P49960,119,189
2GHP,E,RRM_1,PF00076,119,189,domain_2,P49960,119,189
5TF6,C,RRM_1,PF00076,119,189,domain_2,P49960,119,189
2GHP,G,RRM_1,PF00076,212,283,domain_3,P49960,212,283
2GHP,C,RRM_1,PF00076,212,283,domain_3,P49960,212,283
4N0T,A,RRM_1,PF00076,212,283,domain_3,P49960,212,283
5TF6,A,RRM_1,PF00076,212,283,domain_3,P49960,212,283
2GHP,A,RRM_1,PF00076,212,283,domain_3,P49960,212,283
2GHP,H,RRM_1,PF00076,212,283,domain_3,P49960,212,283
2GHP,B,RRM_1,PF00076,212,283,domain_3,P49960,212,283
5VSU,A,RRM_1,PF00076,212,283,domain_3,P49960,212,283
2GHP,D,RRM_1,PF00076,212,283,domain_3,P49960,212,283
2GHP,F,RRM_1,PF00076,212,283,domain_3,P49960,212,283
6ASO,A,RRM_1,PF00076,212,283,domain_3,P49960,212,283
2GHP,E,RRM_1,PF00076,212,283,domain_3,P49960,212,283
5TF6,C,RRM_1,PF00076,212,283,domain_3,P49960,212,283
2DO0,A,RRM_1,PF00076,205,274,domain_1,P52272,206,275
2DGV,A,RRM_1,PF00076,654,722,domain_2,P52272,655,723
2DH9,A,RRM_1,PF00076,540,608,domain_2,P52272,655,723
3FEX,B,RRM_1,PF00076,42,112,domain_1,P52298,42,112
5OO6,E,RRM_1,PF00076,42,112,domain_1,P52298,42,112
5OO6,H,RRM_1,PF00076,42,112,domain_1,P52298,42,112
5OOB,B,RRM_1,PF00076,42,112,domain_1,P52298,42,112
1H2V,Z,RRM_1,PF00076,42,112,domain_1,P52298,42,112
1H2U,Y,RRM_1,PF00076,42,112,domain_1,P52298,42,112
5OOB,G,RRM_1,PF00076,42,112,domain_1,P52298,42,112
5OO6,N,RRM_1,PF00076,42,112,domain_1,P52298,42,112
1N52,B,RRM_1,PF00076,42,112,domain_1,P52298,42,112
1H6K,Z,RRM_1,PF00076,42,112,domain_1,P52298,42,112
1N54,B,RRM_1,PF00076,42,112,domain_1,P52298,42,112
5OO6,B,RRM_1,PF00076,42,112,domain_1,P52298,42,112
1H6K,X,RRM_1,PF00076,42,112,domain_1,P52298,42,112
5OO6,K,RRM_1,PF00076,42,112,domain_1,P52298,42,112
1H2U,X,RRM_1,PF00076,42,112,domain_1,P52298,42,112
5OO6,Q,RRM_1,PF00076,42,112,domain_1,P52298,42,112
5OOB,J,RRM_1,PF00076,42,112,domain_1,P52298,42,112
5OO6,T,RRM_1,PF00076,42,112,domain_1,P52298,42,112
7ABG,A1,RRM_1,PF00076,42,112,domain_1,P52298,42,112
3FEY,B,RRM_1,PF00076,42,112,domain_1,P52298,42,112
5OO6,W,RRM_1,PF00076,42,112,domain_1,P52298,42,112
5OOB,D,RRM_1,PF00076,42,112,domain_1,P52298,42,112
1H2T,Z,RRM_1,PF00076,42,112,domain_1,P52298,42,112
1H6K,Y,RRM_1,PF00076,42,112,domain_1,P52298,42,112
6D0Y,A,RRM_1,PF00076,42,112,domain_1,P52298,42,112
2KG0,A,RRM_1,PF00076,113,182,domain_1,P52597,113,182
2HGM,A,RRM_1,PF00076,113,182,domain_1,P52597,113,182
2KG1,A,RRM_1,PF00076,291,358,domain_2,P52597,291,358
2HGN,A,RRM_1,PF00076,291,358,domain_2,P52597,291,358
2RNE,A,RRM_1,PF00076,99,169,domain_1,P52912,108,178
2DGO,A,RRM_1,PF00076,80,150,domain_1,P52912,108,178
5O1Z,A,RRM_1,PF00076,341,400,domain_1,P53617,341,400
5O1T,A,RRM_1,PF00076,341,400,domain_1,P53617,341,400
5O1Y,A,RRM_1,PF00076,341,400,domain_1,P53617,341,400
5O1X,A,RRM_1,PF00076,341,400,domain_1,P53617,341,400
2M88,A,RRM_1,PF00076,35,94,domain_1,P53617,341,400
5O20,A,RRM_1,PF00076,341,400,domain_1,P53617,341,400
5O1W,A,RRM_1,PF00076,341,400,domain_1,P53617,341,400
6EM1,o,RRM_1,PF00076,93,163,domain_1,P53927,93,163
6EM3,o,RRM_1,PF00076,93,163,domain_1,P53927,93,163
5T9P,B,RRM_1,PF00076,93,163,domain_1,P53927,93,163
7BTB,o,RRM_1,PF00076,93,163,domain_1,P53927,93,163
6C0F,o,RRM_1,PF00076,93,163,domain_1,P53927,93,163
5T9P,C,RRM_1,PF00076,93,163,domain_1,P53927,93,163
6CB1,o,RRM_1,PF00076,93,163,domain_1,P53927,93,163
6YLY,o,RRM_1,PF00076,93,163,domain_1,P53927,93,163
6ELZ,o,RRM_1,PF00076,93,163,domain_1,P53927,93,163
6EM5,o,RRM_1,PF00076,93,163,domain_1,P53927,93,163
5T9P,D,RRM_1,PF00076,93,163,domain_1,P53927,93,163
5T9P,A,RRM_1,PF00076,93,163,domain_1,P53927,93,163
5Z3G,E,RRM_1,PF00076,93,163,domain_1,P53927,93,163
6M62,o,RRM_1,PF00076,93,163,domain_1,P53927,93,163
6YLX,o,RRM_1,PF00076,93,163,domain_1,P53927,93,163
6EM4,o,RRM_1,PF00076,93,163,domain_1,P53927,93,163
3JCT,o,RRM_1,PF00076,93,163,domain_1,P53927,93,163
6DG1,A,RRM_1,PF00076,113,182,domain_1,P55795,113,182
1WG5,A,RRM_1,PF00076,18,87,domain_1,P55795,113,182
1WEZ,A,RRM_1,PF00076,18,85,domain_2,P55795,291,358
2KRB,A,RRM_1,PF00076,33,91,domain_1,P55884,202,260
7A09,B,RRM_1,PF00076,202,260,domain_1,P55884,202,260
5K1H,B,RRM_1,PF00076,105,163,domain_1,P55884,202,260
6ZP4,B,RRM_1,PF00076,202,260,domain_1,P55884,202,260
6ZVJ,B,RRM_1,PF00076,202,260,domain_1,P55884,202,260
6ZMW,1,RRM_1,PF00076,202,260,domain_1,P55884,202,260
2NLW,A,RRM_1,PF00076,33,91,domain_1,P55884,202,260
6ZON,B,RRM_1,PF00076,202,260,domain_1,P55884,202,260
6YBT,1,RRM_1,PF00076,202,260,domain_1,P55884,202,260
2YWK,A,RRM_1,PF00076,12,81,domain_1,P57052,12,81
2RRB,A,RRM_1,PF00076,120,190,domain_1,P62995,120,190
2CQC,A,RRM_1,PF00076,120,190,domain_1,P62995,120,190
2RRA,A,RRM_1,PF00076,120,190,domain_1,P62995,120,190
2KXN,B,RRM_1,PF00076,120,190,domain_1,P62995,120,190
5X8R,v,RRM_1,PF00076,24,94,domain_1,P82277,86,156
5X8P,v,RRM_1,PF00076,24,94,domain_1,P82277,86,156
5X8R,v,RRM_1,PF00076,124,194,domain_2,P82277,186,256
5MMJ,v,RRM_1,PF00076,186,256,domain_2,P82277,186,256
5MMM,v,RRM_1,PF00076,186,256,domain_2,P82277,186,256
5X8P,v,RRM_1,PF00076,124,194,domain_2,P82277,186,256
2I38,A,RRM_1,PF00076,76,141,domain_1,P84103,12,77
2I2Y,A,RRM_1,PF00076,76,141,domain_1,P84103,12,77
3JB9,Y,RRM_1,PF00076,176,241,domain_1,P87126,176,241
2LXI,A,RRM_1,PF00076,4,75,domain_1,P98175,131,202
7OQC,F,RRM_1,PF00076,165,236,domain_1,Q00539,165,236
7OQE,F,RRM_1,PF00076,165,236,domain_1,Q00539,165,236
6N7P,F,RRM_1,PF00076,165,236,domain_1,Q00539,165,236
6N7X,F,RRM_1,PF00076,315,379,domain_2,Q00539,315,379
6G90,F,RRM_1,PF00076,315,379,domain_2,Q00539,315,379
7OQC,F,RRM_1,PF00076,315,379,domain_2,Q00539,315,379
7OQE,F,RRM_1,PF00076,315,379,domain_2,Q00539,315,379
6N7P,F,RRM_1,PF00076,315,379,domain_2,Q00539,315,379
5ZWN,V,RRM_1,PF00076,315,379,domain_2,Q00539,315,379
6N7R,F,RRM_1,PF00076,315,379,domain_2,Q00539,315,379
7OQE,B,U1snRNP70_N,PF12220,6,97,domain_1,Q00916,6,97
6N7X,A,U1snRNP70_N,PF12220,6,97,domain_1,Q00916,6,97
7OQC,B,U1snRNP70_N,PF12220,6,97,domain_1,Q00916,6,97
6N7R,A,U1snRNP70_N,PF12220,6,97,domain_1,Q00916,6,97
6N7P,A,U1snRNP70_N,PF12220,6,97,domain_1,Q00916,6,97
5ZWN,Q,U1snRNP70_N,PF12220,6,97,domain_1,Q00916,6,97
6G90,B,U1snRNP70_N,PF12220,6,97,domain_1,Q00916,6,97
6G90,B,RRM_1,PF00076,109,176,domain_2,Q00916,109,176
6N7P,A,RRM_1,PF00076,109,176,domain_2,Q00916,109,176
7OQE,B,RRM_1,PF00076,109,176,domain_2,Q00916,109,176
6N7R,A,RRM_1,PF00076,109,176,domain_2,Q00916,109,176
7OQC,B,RRM_1,PF00076,109,176,domain_2,Q00916,109,176
6N7X,A,RRM_1,PF00076,109,176,domain_2,Q00916,109,176
5ZWN,Q,RRM_1,PF00076,109,176,domain_2,Q00916,109,176
1JMT,A,RRM_1,PF00076,82,141,domain_1,Q01081,82,141
2CQI,A,RRM_1,PF00076,11,79,domain_1,Q01085,11,79
2DH7,A,RRM_1,PF00076,99,169,domain_2,Q01085,99,169
1X4G,A,RRM_1,PF00076,28,92,domain_3,Q01085,207,271
2LEA,A,RRM_1,PF00076,16,86,domain_1,Q01130,16,86
2LEB,A,RRM_1,PF00076,16,86,domain_1,Q01130,16,86
2LEC,A,RRM_1,PF00076,16,86,domain_1,Q01130,16,86
2KN4,A,RRM_1,PF00076,73,143,domain_1,Q01130,16,86
2JVO,A,RRM_1,PF00076,34,96,domain_1,Q01560,127,189
2OSQ,A,RRM_1,PF00076,13,75,domain_1,Q01560,127,189
2OSR,A,RRM_1,PF00076,88,155,domain_2,Q01560,202,269
2JVR,A,RRM_1,PF00076,31,98,domain_2,Q01560,202,269
2CPE,A,RRM_1,PF00076,363,441,domain_1,Q01844,363,441
4PKD,B,RRM_1,PF00076,12,83,domain_1,Q06AA4,12,83
1X4A,A,RRM_1,PF00076,25,92,domain_1,Q07955,18,85
6HPJ,B,RRM_1,PF00076,18,85,domain_1,Q07955,18,85
2M7S,A,RRM_1,PF00076,18,81,domain_2,Q07955,123,186
4C0O,D,RRM_1,PF00076,123,186,domain_2,Q07955,123,186
3BEG,B,RRM_1,PF00076,123,186,domain_2,Q07955,123,186
2M8D,B,RRM_1,PF00076,123,186,domain_2,Q07955,123,186
4C0O,C,RRM_1,PF00076,123,186,domain_2,Q07955,123,186
2O3D,A,RRM_1,PF00076,123,186,domain_2,Q07955,123,186
7ABG,A6,RRM_1,PF00076,123,186,domain_2,Q07955,123,186
6N7P,Y,RRM_1,PF00076,48,118,domain_1,Q08920,48,118
7C06,M,RRM_1,PF00076,72,135,domain_1,Q09176,72,135
7C07,M,RRM_1,PF00076,72,135,domain_1,Q09176,72,135
7C06,G,RRM_1,PF00076,72,135,domain_1,Q09176,72,135
7C06,D,RRM_1,PF00076,72,135,domain_1,Q09176,72,135
7C08,S,RRM_1,PF00076,72,135,domain_1,Q09176,72,135
7C08,G,RRM_1,PF00076,72,135,domain_1,Q09176,72,135
7C07,A,RRM_1,PF00076,72,135,domain_1,Q09176,72,135
7C07,G,RRM_1,PF00076,72,135,domain_1,Q09176,72,135
7C06,P,RRM_1,PF00076,72,135,domain_1,Q09176,72,135
7C07,P,RRM_1,PF00076,72,135,domain_1,Q09176,72,135
7C08,P,RRM_1,PF00076,72,135,domain_1,Q09176,72,135
7C08,D,RRM_1,PF00076,72,135,domain_1,Q09176,72,135
7C06,J,RRM_1,PF00076,72,135,domain_1,Q09176,72,135
4YH8,A,RRM_1,PF00076,72,135,domain_1,Q09176,72,135
7C08,Y,RRM_1,PF00076,72,135,domain_1,Q09176,72,135
7C06,A,RRM_1,PF00076,72,135,domain_1,Q09176,72,135
7C07,V,RRM_1,PF00076,72,135,domain_1,Q09176,72,135
7C08,M,RRM_1,PF00076,72,135,domain_1,Q09176,72,135
7C06,Y,RRM_1,PF00076,72,135,domain_1,Q09176,72,135
7C06,V,RRM_1,PF00076,72,135,domain_1,Q09176,72,135
7C06,S,RRM_1,PF00076,72,135,domain_1,Q09176,72,135
7C07,J,RRM_1,PF00076,72,135,domain_1,Q09176,72,135
7C08,J,RRM_1,PF00076,72,135,domain_1,Q09176,72,135
7C08,V,RRM_1,PF00076,72,135,domain_1,Q09176,72,135
7C08,A,RRM_1,PF00076,72,135,domain_1,Q09176,72,135
7C07,Y,RRM_1,PF00076,72,135,domain_1,Q09176,72,135
7C07,D,RRM_1,PF00076,72,135,domain_1,Q09176,72,135
7C07,S,RRM_1,PF00076,72,135,domain_1,Q09176,72,135
7D1L,B,RRM_1,PF00076,16,83,domain_1,Q09293,16,83
7OCX,C,RRM_1,PF00076,16,83,domain_1,Q09293,16,83
7D2Y,B,RRM_1,PF00076,16,83,domain_1,Q09293,16,83
7D1L,A,RRM_1,PF00076,16,83,domain_1,Q09293,16,83
7D2Y,A,RRM_1,PF00076,16,83,domain_1,Q09293,16,83
7OCX,D,RRM_1,PF00076,16,83,domain_1,Q09293,16,83
2RT3,A,RRM_1,PF00076,208,264,domain_1,Q09702,208,264
5YLZ,N,RRM_1,PF00076,149,206,domain_1,Q12046,149,206
5LJ3,M,RRM_1,PF00076,149,206,domain_1,Q12046,149,206
5WSG,R,RRM_1,PF00076,149,206,domain_1,Q12046,149,206
3U1L,A,RRM_1,PF00076,149,206,domain_1,Q12046,149,206
5GM6,R,RRM_1,PF00076,149,206,domain_1,Q12046,149,206
5GMK,R,RRM_1,PF00076,149,206,domain_1,Q12046,149,206
6EXN,M,RRM_1,PF00076,149,206,domain_1,Q12046,149,206
3TP2,A,RRM_1,PF00076,149,206,domain_1,Q12046,149,206
5Y88,N,RRM_1,PF00076,149,206,domain_1,Q12046,149,206
5MPS,M,RRM_1,PF00076,149,206,domain_1,Q12046,149,206
3TP2,B,RRM_1,PF00076,149,206,domain_1,Q12046,149,206
5LJ5,M,RRM_1,PF00076,149,206,domain_1,Q12046,149,206
6BK8,G,RRM_1,PF00076,149,206,domain_1,Q12046,149,206
6J6Q,R,RRM_1,PF00076,149,206,domain_1,Q12046,149,206
3U1M,A,RRM_1,PF00076,149,206,domain_1,Q12046,149,206
6J6H,R,RRM_1,PF00076,149,206,domain_1,Q12046,149,206
6J6G,R,RRM_1,PF00076,149,206,domain_1,Q12046,149,206
6J6N,R,RRM_1,PF00076,149,206,domain_1,Q12046,149,206
5MQ0,M,RRM_1,PF00076,149,206,domain_1,Q12046,149,206
5LQW,F,RRM_1,PF00076,154,206,domain_1,Q12046,154,206
4BS2,A,RRM_1,PF00076,106,172,domain_1,Q13148,106,172
4Y00,D,RRM_1,PF00076,106,172,domain_1,Q13148,106,172
4Y0F,A,RRM_1,PF00076,106,172,domain_1,Q13148,106,172
2CQG,A,RRM_1,PF00076,106,172,domain_1,Q13148,106,172
4Y00,B,RRM_1,PF00076,106,172,domain_1,Q13148,106,172
4Y00,A,RRM_1,PF00076,106,172,domain_1,Q13148,106,172
4Y00,C,RRM_1,PF00076,106,172,domain_1,Q13148,106,172
4IUF,A,RRM_1,PF00076,106,172,domain_1,Q13148,106,172
4Y0F,B,RRM_1,PF00076,106,172,domain_1,Q13148,106,172
4BS2,A,RRM_1,PF00076,193,243,domain_2,Q13148,193,243
1WF0,A,RRM_1,PF00076,8,58,domain_2,Q13148,193,243
5TBX,B,RRM_1,PF00076,9,79,domain_1,Q14011,8,78
5TBX,A,RRM_1,PF00076,9,79,domain_1,Q14011,8,78
1X5S,A,RRM_1,PF00076,15,85,domain_1,Q14011,8,78
1HD1,A,RRM_1,PF00076,99,168,domain_1,Q14103,99,168
5IM0,B,RRM_1,PF00076,80,149,domain_1,Q14103,99,168
1HD0,A,RRM_1,PF00076,99,168,domain_1,Q14103,99,168
5IM0,A,RRM_1,PF00076,80,149,domain_1,Q14103,99,168
1X0F,A,RRM_1,PF00076,184,255,domain_2,Q14103,184,255
1IQT,A,RRM_1,PF00076,184,255,domain_2,Q14103,184,255
1WTB,A,RRM_1,PF00076,184,255,domain_2,Q14103,184,255
2MHN,A,RRM_1,PF00076,15,83,domain_1,Q14498,155,223
4YUD,A,RRM_1,PF00076,155,223,domain_1,Q14498,155,223
6Q0W,D,RRM_1,PF00076,252,322,domain_2,Q14498,252,322
6UE5,C,RRM_1,PF00076,252,322,domain_2,Q14498,252,322
6Q0V,D,RRM_1,PF00076,252,322,domain_2,Q14498,252,322
6PAI,D,RRM_1,PF00076,252,322,domain_2,Q14498,252,322
6Q0R,D,RRM_1,PF00076,252,322,domain_2,Q14498,252,322
6UD7,C,RRM_1,PF00076,252,322,domain_2,Q14498,252,322
6SJ7,C,RRM_1,PF00076,252,322,domain_2,Q14498,252,322
2JRS,A,RRM_1,PF00076,29,99,domain_2,Q14498,252,322
6SXW,A,RRM_1,PF00076,678,737,domain_1,Q14966,678,737
2DO4,A,RRM_1,PF00076,803,872,domain_1,Q15020,803,872
5IFM,H,RRM_1,PF00076,76,140,domain_1,Q15233,76,140
6WMZ,D,RRM_1,PF00076,76,140,domain_1,Q15233,76,140
5IFM,C,RRM_1,PF00076,76,140,domain_1,Q15233,76,140
3SDE,B,RRM_1,PF00076,76,140,domain_1,Q15233,76,140
5IFM,L,RRM_1,PF00076,76,140,domain_1,Q15233,76,140
5IFM,K,RRM_1,PF00076,76,140,domain_1,Q15233,76,140
6WMZ,B,RRM_1,PF00076,76,140,domain_1,Q15233,76,140
5IFM,B,RRM_1,PF00076,76,140,domain_1,Q15233,76,140
5IFM,G,RRM_1,PF00076,76,140,domain_1,Q15233,76,140
5IFM,J,RRM_1,PF00076,76,140,domain_1,Q15233,76,140
5IFM,E,RRM_1,PF00076,76,140,domain_1,Q15233,76,140
5IFM,A,RRM_1,PF00076,76,140,domain_1,Q15233,76,140
5IFM,I,RRM_1,PF00076,76,140,domain_1,Q15233,76,140
7LRQ,B,RRM_1,PF00076,76,140,domain_1,Q15233,76,140
5IFM,D,RRM_1,PF00076,76,140,domain_1,Q15233,76,140
5IFM,F,RRM_1,PF00076,76,140,domain_1,Q15233,76,140
5IFM,H,RRM_1,PF00076,150,217,domain_2,Q15233,150,217
6WMZ,D,RRM_1,PF00076,150,217,domain_2,Q15233,150,217
5IFM,C,RRM_1,PF00076,150,217,domain_2,Q15233,150,217
3SDE,B,RRM_1,PF00076,150,217,domain_2,Q15233,150,217
5IFM,L,RRM_1,PF00076,150,217,domain_2,Q15233,150,217
5IFM,K,RRM_1,PF00076,150,217,domain_2,Q15233,150,217
6WMZ,B,RRM_1,PF00076,150,217,domain_2,Q15233,150,217
5IFM,B,RRM_1,PF00076,150,217,domain_2,Q15233,150,217
5IFM,G,RRM_1,PF00076,150,217,domain_2,Q15233,150,217
5IFM,J,RRM_1,PF00076,150,217,domain_2,Q15233,150,217
5IFM,E,RRM_1,PF00076,150,217,domain_2,Q15233,150,217
5IFM,A,RRM_1,PF00076,150,217,domain_2,Q15233,150,217
5IFM,I,RRM_1,PF00076,150,217,domain_2,Q15233,150,217
7LRQ,B,RRM_1,PF00076,150,217,domain_2,Q15233,150,217
5IFM,D,RRM_1,PF00076,150,217,domain_2,Q15233,150,217
5IFM,F,RRM_1,PF00076,150,217,domain_2,Q15233,150,217
4A8X,A,RRM_1,PF00076,163,234,domain_1,Q15287,163,234
6Y53,o,RRM_1,PF00076,15,85,domain_1,Q15427,15,85
6AHD,4,RRM_1,PF00076,15,85,domain_1,Q15427,15,85
7ONB,K,RRM_1,PF00076,15,85,domain_1,Q15427,15,85
7ABI,w,RRM_1,PF00076,15,85,domain_1,Q15427,15,85
5GVQ,A,RRM_1,PF00076,18,88,domain_1,Q15427,15,85
7ABH,w,RRM_1,PF00076,15,85,domain_1,Q15427,15,85
7DVQ,4,RRM_1,PF00076,15,85,domain_1,Q15427,15,85
6AH0,4,RRM_1,PF00076,15,85,domain_1,Q15427,15,85
5Z58,4,RRM_1,PF00076,15,85,domain_1,Q15427,15,85
7ABG,w,RRM_1,PF00076,15,85,domain_1,Q15427,15,85
6Y5Q,o,RRM_1,PF00076,15,85,domain_1,Q15427,15,85
6QX9,B4,RRM_1,PF00076,15,85,domain_1,Q15427,15,85
5Z56,4,RRM_1,PF00076,15,85,domain_1,Q15427,15,85
5Z57,4,RRM_1,PF00076,15,85,domain_1,Q15427,15,85
6Y53,o,RRM_1,PF00076,102,173,domain_2,Q15427,102,173
1X5T,A,RRM_1,PF00076,8,79,domain_2,Q15427,102,173
6Y5Q,o,RRM_1,PF00076,102,173,domain_2,Q15427,102,173
1X4E,A,RRM_1,PF00076,8,73,domain_1,Q15434,58,123
3HI9,D,RRM_1,PF00076,22,92,domain_1,Q15717,22,92
4FXV,C,RRM_1,PF00076,22,92,domain_1,Q15717,22,92
4ED5,A,RRM_1,PF00076,22,92,domain_1,Q15717,22,92
5SZW,A,RRM_1,PF00076,24,94,domain_1,Q15717,22,92
4FXV,D,RRM_1,PF00076,22,92,domain_1,Q15717,22,92
4FXV,A,RRM_1,PF00076,22,92,domain_1,Q15717,22,92
3HI9,C,RRM_1,PF00076,22,92,domain_1,Q15717,22,92
4FXV,B,RRM_1,PF00076,22,92,domain_1,Q15717,22,92
3HI9,A,RRM_1,PF00076,22,92,domain_1,Q15717,22,92
4ED5,B,RRM_1,PF00076,22,92,domain_1,Q15717,22,92
3HI9,B,RRM_1,PF00076,22,92,domain_1,Q15717,22,92
4EGL,A,RRM_1,PF00076,22,92,domain_1,Q15717,22,92
4ED5,A,RRM_1,PF00076,108,176,domain_2,Q15717,108,176
4ED5,B,RRM_1,PF00076,108,176,domain_2,Q15717,108,176
4EGL,A,RRM_1,PF00076,108,176,domain_2,Q15717,108,176
6GD2,C,RRM_1,PF00076,246,316,domain_3,Q15717,246,316
6GD1,A,RRM_1,PF00076,116,186,domain_3,Q15717,246,316
6GC5,C,RRM_1,PF00076,246,316,domain_3,Q15717,246,316
6G2K,C,RRM_1,PF00076,246,316,domain_3,Q15717,246,316
6GD3,A,RRM_1,PF00076,246,316,domain_3,Q15717,246,316
6G2K,B,RRM_1,PF00076,246,316,domain_3,Q15717,246,316
6GC5,A,RRM_1,PF00076,246,316,domain_3,Q15717,246,316
6G2K,A,RRM_1,PF00076,246,316,domain_3,Q15717,246,316
6GD2,A,RRM_1,PF00076,246,316,domain_3,Q15717,246,316
6GD3,B,RRM_1,PF00076,246,316,domain_3,Q15717,246,316
6GC5,D,RRM_1,PF00076,246,316,domain_3,Q15717,246,316
6GD2,B,RRM_1,PF00076,246,316,domain_3,Q15717,246,316
6GD3,C,RRM_1,PF00076,246,316,domain_3,Q15717,246,316
6GD1,B,RRM_1,PF00076,116,186,domain_3,Q15717,246,316
6GC5,B,RRM_1,PF00076,246,316,domain_3,Q15717,246,316
2HVZ,A,RRM_1,PF00076,3,68,domain_1,Q16629,13,78
3Q2T,C,RRM_1,PF00076,83,154,domain_1,Q16630,83,154
3P5T,N,RRM_1,PF00076,83,154,domain_1,Q16630,83,154
3P5T,M,RRM_1,PF00076,83,154,domain_1,Q16630,83,154
3Q2T,D,RRM_1,PF00076,83,154,domain_1,Q16630,83,154
3P6Y,H,RRM_1,PF00076,83,154,domain_1,Q16630,83,154
3Q2S,C,RRM_1,PF00076,83,154,domain_1,Q16630,83,154
3P6Y,K,RRM_1,PF00076,83,154,domain_1,Q16630,83,154
3P6Y,G,RRM_1,PF00076,83,154,domain_1,Q16630,83,154
3P6Y,L,RRM_1,PF00076,83,154,domain_1,Q16630,83,154
3P5T,L,RRM_1,PF00076,83,154,domain_1,Q16630,83,154
3P6Y,C,RRM_1,PF00076,83,154,domain_1,Q16630,83,154
3P5T,O,RRM_1,PF00076,83,154,domain_1,Q16630,83,154
3P5T,P,RRM_1,PF00076,83,154,domain_1,Q16630,83,154
3P6Y,D,RRM_1,PF00076,83,154,domain_1,Q16630,83,154
3Q2S,D,RRM_1,PF00076,83,154,domain_1,Q16630,83,154
3P6Y,O,RRM_1,PF00076,83,154,domain_1,Q16630,83,154
3P5T,Q,RRM_1,PF00076,83,154,domain_1,Q16630,83,154
3P6Y,P,RRM_1,PF00076,84,154,domain_1,Q16630,84,154
2E5J,A,RRM_1,PF00076,308,373,domain_1,Q2M296,308,373
6E4P,I,RRM_1,PF00076,204,266,domain_1,Q389P7,194,256
6E4O,C,RRM_1,PF00076,204,266,domain_1,Q389P7,194,256
6E4P,E,RRM_1,PF00076,204,266,domain_1,Q389P7,194,256
6E4P,F,RRM_1,PF00076,204,266,domain_1,Q389P7,194,256
6E4P,G,RRM_1,PF00076,204,266,domain_1,Q389P7,194,256
6E4O,B,RRM_1,PF00076,204,266,domain_1,Q389P7,194,256
6E4P,D,RRM_1,PF00076,204,266,domain_1,Q389P7,194,256
6E4P,C,RRM_1,PF00076,204,266,domain_1,Q389P7,194,256
6E4P,A,RRM_1,PF00076,204,266,domain_1,Q389P7,194,256
6E4N,A,RRM_1,PF00076,204,266,domain_1,Q389P7,194,256
6E4O,A,RRM_1,PF00076,204,266,domain_1,Q389P7,194,256
6E4O,D,RRM_1,PF00076,204,266,domain_1,Q389P7,194,256
6E4P,H,RRM_1,PF00076,204,266,domain_1,Q389P7,194,256
6E4P,B,RRM_1,PF00076,204,266,domain_1,Q389P7,194,256
2N6D,A,GlcNAc-1_reg,PF18440,85,172,domain_1,Q3T906,218,305
7ASE,J,RRM_1,PF00076,77,132,domain_1,Q4DY32,85,140
5OPT,h,RRM_1,PF00076,77,132,domain_1,Q4DY32,85,140
7ASE,J,RRM_1,PF00076,151,214,domain_2,Q4DY32,159,222
5OPT,h,RRM_1,PF00076,151,214,domain_2,Q4DY32,159,222
4WKR,A,RRM_1,PF00076,127,189,domain_1,Q4G0J3,127,189
4WKR,B,RRM_1,PF00076,127,189,domain_1,Q4G0J3,127,189
2DNO,A,RRM_1,PF00076,73,141,domain_1,Q5SZQ8,97,165
6OCE,B,PHM7_cyt,PF14703,197,359,domain_1,Q5TKG1,197,359
6OCE,A,PHM7_cyt,PF14703,197,359,domain_1,Q5TKG1,197,359
6MGW,A,PHM7_cyt,PF14703,201,363,domain_1,Q5XEZ5,201,363
6IJZ,A,PHM7_cyt,PF14703,201,363,domain_1,Q5XEZ5,201,363
6MGV,B,PHM7_cyt,PF14703,201,363,domain_1,Q5XEZ5,201,363
6MGV,A,PHM7_cyt,PF14703,201,363,domain_1,Q5XEZ5,201,363
6MGW,B,PHM7_cyt,PF14703,201,363,domain_1,Q5XEZ5,201,363
6IJZ,B,PHM7_cyt,PF14703,201,363,domain_1,Q5XEZ5,201,363
1FNX,H,RRM_1,PF00076,41,111,domain_1,Q60900,41,111
1D8Z,A,RRM_1,PF00076,6,76,domain_1,Q60900,41,111
1FNX,H,RRM_1,PF00076,127,195,domain_2,Q60900,127,195
1D9A,A,RRM_1,PF00076,4,72,domain_2,Q60900,127,195
1UAW,A,RRM_1,PF00076,22,91,domain_1,Q61474,22,91
2RS2,A,RRM_1,PF00076,22,91,domain_1,Q61474,22,91
2MSS,A,RRM_1,PF00076,111,180,domain_2,Q61474,111,180
2MST,A,RRM_1,PF00076,111,180,domain_2,Q61474,111,180
5X3Y,A,RRM_1,PF00076,111,180,domain_2,Q61474,111,180
5X3Z,A,RRM_1,PF00076,111,180,domain_2,Q61474,111,180
2XS5,A,RRM_1,PF00076,42,109,domain_1,Q64368,42,109
2XS2,A,RRM_1,PF00076,42,109,domain_1,Q64368,42,109
2XSF,A,RRM_1,PF00076,42,109,domain_1,Q64368,42,109
2XS5,B,RRM_1,PF00076,42,109,domain_1,Q64368,42,109
2XS7,A,RRM_1,PF00076,42,109,domain_1,Q64368,42,109
1X4C,A,RRM_1,PF00076,18,81,domain_1,Q6PDM2,123,186
1WHY,A,RRM_1,PF00076,93,155,domain_1,Q6PHZ5,416,478
2JWN,B,RRM_1,PF00076,39,108,domain_1,Q6TY21,95,164
2JWN,A,RRM_1,PF00076,39,108,domain_1,Q6TY21,95,164
2M9K,A,RRM_1,PF00076,33,97,domain_1,Q6ZRY4,33,97
2M9K,B,RRM_1,PF00076,33,97,domain_1,Q6ZRY4,33,97
3JB9,k,RRM_1,PF00076,6,77,domain_1,Q7LL14,6,77
7JLY,A,RRM_1,PF00076,5,75,domain_1,Q7MWI3,5,75
2B4V,A,Ret2_MD,PF18528,166,258,domain_1,Q86MV5,166,258
2B56,A,Ret2_MD,PF18528,166,258,domain_1,Q86MV5,166,258
2B51,A,Ret2_MD,PF18528,166,258,domain_1,Q86MV5,166,258
2CQ4,A,RRM_1,PF00076,152,220,domain_1,Q86U06,168,236
2DNZ,A,RRM_1,PF00076,231,301,domain_2,Q86U06,265,335
3B4M,A,RRM_1,PF00076,174,243,domain_1,Q86U42,174,243
3B4D,A,RRM_1,PF00076,174,243,domain_1,Q86U42,174,243
3B4M,D,RRM_1,PF00076,174,243,domain_1,Q86U42,174,243
3B4M,B,RRM_1,PF00076,174,243,domain_1,Q86U42,174,243
3B4M,C,RRM_1,PF00076,174,243,domain_1,Q86U42,174,243
3UCG,A,RRM_1,PF00076,174,243,domain_1,Q86U42,174,243
3ULH,A,RRM_1,PF00076,108,177,domain_1,Q86V81,108,177
2CPI,A,RRM_1,PF00076,111,187,domain_1,Q8BT14,111,187
1X4H,A,RRM_1,PF00076,18,87,domain_1,Q8CGC6,327,396
2N3L,A,RRM_1,PF00076,10,77,domain_1,Q8I3T5,10,77
2N7C,A,RRM_1,PF00076,10,77,domain_1,Q8I3T5,10,77
7CSZ,A,RRM_1,PF00076,31,97,domain_1,Q8IUH3,31,97
7CSX,A,RRM_1,PF00076,31,97,domain_1,Q8IUH3,31,97
7CSZ,A,RRM_1,PF00076,113,186,domain_2,Q8IUH3,113,186
7CSX,A,RRM_1,PF00076,113,186,domain_2,Q8IUH3,113,186
3VF0,B,RRM_1,PF00076,61,124,domain_1,Q8IY67,61,124
3H2V,F,RRM_1,PF00076,61,124,domain_1,Q8IY67,61,124
3H2V,H,RRM_1,PF00076,61,124,domain_1,Q8IY67,61,124
3H2V,G,RRM_1,PF00076,61,124,domain_1,Q8IY67,61,124
3H2U,B,RRM_1,PF00076,61,124,domain_1,Q8IY67,61,124
3H2U,D,RRM_1,PF00076,61,124,domain_1,Q8IY67,61,124
3SMZ,A,RRM_1,PF00076,61,124,domain_1,Q8IY67,61,124
3H2V,E,RRM_1,PF00076,61,124,domain_1,Q8IY67,61,124
3VF0,B,RRM_1,PF00076,134,204,domain_2,Q8IY67,134,204
3H2U,B,RRM_1,PF00076,134,204,domain_2,Q8IY67,134,204
3H2U,D,RRM_1,PF00076,134,204,domain_2,Q8IY67,134,204
3SMZ,A,RRM_1,PF00076,134,204,domain_2,Q8IY67,134,204
3VF0,B,RRM_1,PF00076,224,293,domain_3,Q8IY67,224,293
3H2U,B,RRM_1,PF00076,224,293,domain_3,Q8IY67,224,293
3H2U,D,RRM_1,PF00076,224,293,domain_3,Q8IY67,224,293
3SMZ,A,RRM_1,PF00076,224,293,domain_3,Q8IY67,224,293
3N9U,C,RRM_1,PF00076,84,156,domain_1,Q8N684,84,156
3N9U,I,RRM_1,PF00076,84,156,domain_1,Q8N684,84,156
2DNH,A,RRM_1,PF00076,136,204,domain_1,Q8N6W0,136,204
1WHW,A,RRM_1,PF00076,40,110,domain_1,Q8R3C6,402,472
2CPF,A,RRM_1,PF00076,362,435,domain_2,Q8R3C6,724,797
2CPH,A,RRM_1,PF00076,464,536,domain_3,Q8R3C6,826,898
2CQP,A,RRM_1,PF00076,928,998,domain_1,Q8R4X3,918,988
2E5H,A,RRM_1,PF00076,12,82,domain_1,Q8TBF4,12,82
3U02,B,DUF1743,PF08489,140,250,domain_1,Q8TZX0,140,250
3U02,A,DUF1743,PF08489,140,250,domain_1,Q8TZX0,140,250
3U02,C,DUF1743,PF08489,140,250,domain_1,Q8TZX0,140,250
3U02,D,DUF1743,PF08489,141,250,domain_1,Q8TZX0,141,250
4E8U,A,XS,PF03468,124,236,domain_1,Q8VZ79,124,236
4E8U,C,XS,PF03468,125,236,domain_1,Q8VZ79,125,236
3SDE,A,RRM_1,PF00076,84,148,domain_1,Q8WXF1,84,148
5IFN,B,RRM_1,PF00076,84,148,domain_1,Q8WXF1,84,148
5WPA,B,RRM_1,PF00076,84,148,domain_1,Q8WXF1,84,148
5IFN,A,RRM_1,PF00076,84,148,domain_1,Q8WXF1,84,148
3SDE,A,RRM_1,PF00076,158,223,domain_2,Q8WXF1,158,223
5IFN,B,RRM_1,PF00076,158,223,domain_2,Q8WXF1,158,223
5WPA,B,RRM_1,PF00076,158,223,domain_2,Q8WXF1,158,223
5IFN,A,RRM_1,PF00076,158,223,domain_2,Q8WXF1,158,223
3D2W,A,RRM_1,PF00076,193,243,domain_1,Q921F2,193,243
1WEX,A,RRM_1,PF00076,18,70,domain_1,Q921F4,127,179
2MMY,A,RRM_1,PF00076,236,314,domain_1,Q92804,236,314
2DHS,A,RRM_1,PF00076,18,88,domain_1,Q92879,18,88
3NMR,A,RRM_1,PF00076,18,88,domain_1,Q92879,18,88
3NNH,D,RRM_1,PF00076,18,88,domain_1,Q92879,18,88
3NNH,A,RRM_1,PF00076,18,88,domain_1,Q92879,18,88
3NNH,B,RRM_1,PF00076,18,88,domain_1,Q92879,18,88
3NNH,C,RRM_1,PF00076,18,88,domain_1,Q92879,18,88
3NNC,A,RRM_1,PF00076,18,88,domain_1,Q92879,18,88
3NNA,A,RRM_1,PF00076,18,88,domain_1,Q92879,18,88
2DHS,A,RRM_1,PF00076,110,178,domain_2,Q92879,110,178
3NMR,A,RRM_1,PF00076,110,178,domain_2,Q92879,110,178
3NNC,A,RRM_1,PF00076,110,178,domain_2,Q92879,110,178
3NNA,A,RRM_1,PF00076,110,178,domain_2,Q92879,110,178
2CPZ,A,RRM_1,PF00076,403,473,domain_3,Q92879,403,473
2RQ4,A,RRM_1,PF00076,403,473,domain_3,Q92879,403,473
2RQC,A,RRM_1,PF00076,403,473,domain_3,Q92879,403,473
5CYJ,B,RRM_1,PF00076,26,89,domain_1,Q93062,26,89
5CYJ,A,RRM_1,PF00076,26,89,domain_1,Q93062,26,89
5DET,A,RRM_1,PF00076,26,89,domain_1,Q93062,26,89
5DET,B,RRM_1,PF00076,26,89,domain_1,Q93062,26,89
1U6F,A,RRM_1,PF00076,45,115,domain_1,Q967R0,45,115
6DBP,A,RRM_1,PF00076,3,72,domain_1,Q96DH6,23,92
6NTY,B,RRM_1,PF00076,23,92,domain_1,Q96DH6,23,92
6DBP,B,RRM_1,PF00076,3,72,domain_1,Q96DH6,23,92
6NTY,A,RRM_1,PF00076,23,92,domain_1,Q96DH6,23,92
6C8U,1,RRM_1,PF00076,23,92,domain_1,Q96DH6,23,92
2DH8,A,RRM_1,PF00076,12,81,domain_1,Q96EP5,12,81
2DGS,A,RRM_1,PF00076,115,184,domain_2,Q96EP5,115,184
5LSO,A,RRM_1,PF00076,323,383,domain_1,Q96I25,323,383
2PEH,A,RRM_1,PF00076,323,383,domain_1,Q96I25,323,383
2PE8,A,RRM_1,PF00076,323,383,domain_1,Q96I25,323,383
2PEH,B,RRM_1,PF00076,323,383,domain_1,Q96I25,323,383
5LSO,B,RRM_1,PF00076,323,383,domain_1,Q96I25,323,383
6HIP,B,RRM_1,PF00076,323,383,domain_1,Q96I25,323,383
6HIP,A,RRM_1,PF00076,323,383,domain_1,Q96I25,323,383
2CPX,A,RRM_1,PF00076,311,381,domain_1,Q96IZ5,311,381
2DGQ,A,RRM_1,PF00076,48,117,domain_1,Q96J87,48,117
5OBN,A,RRM_1,PF00076,422,497,domain_1,Q96LT9,422,497
3EGN,A,RRM_1,PF00076,422,497,domain_1,Q96LT9,422,497
2DNP,A,RRM_1,PF00076,81,143,domain_1,Q96PK6,81,143
4P6Q,A,RRM_1,PF00076,337,407,domain_1,Q96T58,337,407
4P6Q,A,RRM_1,PF00076,440,507,domain_2,Q96T58,440,507
4P6Q,A,RRM_1,PF00076,519,583,domain_3,Q96T58,519,583
5ZWM,4,RRM_1,PF00076,11,82,domain_1,Q99181,11,82
5LSL,D,RRM_1,PF00076,11,82,domain_1,Q99181,11,82
5LSB,F,RRM_1,PF00076,11,82,domain_1,Q99181,11,82
6G90,R,RRM_1,PF00076,11,82,domain_1,Q99181,11,82
5GM6,e,RRM_1,PF00076,11,82,domain_1,Q99181,11,82
5LSL,B,RRM_1,PF00076,11,82,domain_1,Q99181,11,82
5ZWO,4,RRM_1,PF00076,11,82,domain_1,Q99181,11,82
5LSB,A,RRM_1,PF00076,11,82,domain_1,Q99181,11,82
5LSB,C,RRM_1,PF00076,11,82,domain_1,Q99181,11,82
5NRL,R,RRM_1,PF00076,11,82,domain_1,Q99181,11,82
5LSL,C,RRM_1,PF00076,11,82,domain_1,Q99181,11,82
5LSL,A,RRM_1,PF00076,11,82,domain_1,Q99181,11,82
7OQB,R,RRM_1,PF00076,11,82,domain_1,Q99181,11,82
7OQE,R,RRM_1,PF00076,11,82,domain_1,Q99181,11,82
5ZWM,4,RRM_1,PF00076,110,179,domain_2,Q99181,110,179
5LSB,F,RRM_1,PF00076,110,179,domain_2,Q99181,110,179
6G90,R,RRM_1,PF00076,110,179,domain_2,Q99181,110,179
5GM6,e,RRM_1,PF00076,110,179,domain_2,Q99181,110,179
5ZWO,4,RRM_1,PF00076,110,179,domain_2,Q99181,110,179
5LSB,A,RRM_1,PF00076,110,179,domain_2,Q99181,110,179
5LSB,C,RRM_1,PF00076,110,179,domain_2,Q99181,110,179
5NRL,R,RRM_1,PF00076,110,179,domain_2,Q99181,110,179
7OQB,R,RRM_1,PF00076,110,179,domain_2,Q99181,110,179
7OQE,R,RRM_1,PF00076,110,179,domain_2,Q99181,110,179
4WWU,G,RRM_9,PF18444,23,91,domain_1,Q99257,23,91
4WWU,D,RRM_9,PF18444,23,91,domain_1,Q99257,23,91
4WWU,A,RRM_9,PF18444,23,92,domain_1,Q99257,23,92
4WWU,J,RRM_9,PF18444,23,92,domain_1,Q99257,23,92
2KM8,C,RRM_1,PF00076,161,229,domain_1,Q99383,161,229
2CJK,A,RRM_1,PF00076,161,229,domain_1,Q99383,161,229
2KM8,C,RRM_1,PF00076,245,314,domain_2,Q99383,245,314
2CJK,A,RRM_1,PF00076,245,314,domain_2,Q99383,245,314
3S7R,B,RRM_1,PF00076,71,140,domain_1,Q99729,71,140
3S7R,A,RRM_1,PF00076,71,140,domain_1,Q99729,71,140
2RS8,A,RRM_1,PF00076,78,142,domain_1,Q99K48,78,142
2CPJ,A,RRM_1,PF00076,75,139,domain_1,Q99K48,78,142
2DGT,A,RRM_1,PF00076,80,142,domain_1,Q9BQ04,80,142
2E29,A,GUCT,PF08152,8,92,domain_1,Q9BQ39,575,659
2DNM,A,RRM_1,PF00076,16,86,domain_1,Q9BRL6,16,86
6QW6,R,RRM_1,PF00076,383,453,domain_1,Q9BTD8,383,453
6QX9,R,RRM_1,PF00076,383,453,domain_1,Q9BTD8,383,453
2DNQ,A,RRM_1,PF00076,4,66,domain_1,Q9BWF3,4,66
2DGP,A,RRM_1,PF00076,56,125,domain_1,Q9BZC1,56,125
2DNK,A,RRM_1,PF00076,153,221,domain_2,Q9BZC1,154,222
5Z1F,A,PHM7_cyt,PF14703,191,351,domain_1,Q9C8G5,191,351
5Z1F,B,PHM7_cyt,PF14703,191,351,domain_1,Q9C8G5,191,351
1WI6,A,RRM_1,PF00076,69,132,domain_1,Q9CW46,61,124
1WG4,A,RRM_1,PF00076,18,81,domain_1,Q9D0B0,114,177
6JVX,A,RRM_1,PF00076,36,103,domain_1,Q9H0Z9,36,103
2CQD,A,RRM_1,PF00076,13,80,domain_1,Q9H0Z9,36,103
6JVY,A,RRM_1,PF00076,36,103,domain_1,Q9H0Z9,36,103
2E5G,A,RRM_1,PF00076,68,132,domain_1,Q9H6E5,58,122
5WU6,A,RRM_1,PF00076,58,122,domain_1,Q9H6E5,58,122
5WU6,C,RRM_1,PF00076,58,122,domain_1,Q9H6E5,58,122
5WU6,B,RRM_1,PF00076,58,122,domain_1,Q9H6E5,58,122
1WG1,A,RRM_1,PF00076,97,160,domain_1,Q9HCJ3,71,134
2F3J,A,RRM_1,PF00076,77,146,domain_1,Q9JJW6,77,146
2YKA,A,RRM_1,PF00076,77,146,domain_1,Q9JJW6,77,146
2KT5,A,RRM_1,PF00076,77,146,domain_1,Q9JJW6,77,146
5ZUH,A,RRM_1,PF00076,17,82,domain_1,Q9NIH4,99,164
2CPD,A,RRM_1,PF00076,233,297,domain_1,Q9NQ94,233,297
2M3D,A,GUCT,PF08152,5,95,domain_1,Q9NR30,620,710
1WEL,A,RRM_1,PF00076,432,501,domain_1,Q9NTZ6,432,501
2CPY,A,RRM_1,PF00076,547,614,domain_2,Q9NTZ6,547,614
2EK1,F,RRM_1,PF00076,878,948,domain_3,Q9NTZ6,858,928
2EK1,H,RRM_1,PF00076,878,948,domain_3,Q9NTZ6,858,928
2EK1,G,RRM_1,PF00076,878,948,domain_3,Q9NTZ6,858,928
2EK6,B,RRM_1,PF00076,16,86,domain_3,Q9NTZ6,858,928
2EK1,A,RRM_1,PF00076,878,948,domain_3,Q9NTZ6,858,928
2EK1,B,RRM_1,PF00076,878,948,domain_3,Q9NTZ6,858,928
2EK1,C,RRM_1,PF00076,878,948,domain_3,Q9NTZ6,858,928
2EK6,D,RRM_1,PF00076,16,86,domain_3,Q9NTZ6,858,928
2EK1,E,RRM_1,PF00076,878,948,domain_3,Q9NTZ6,858,928
2EK6,A,RRM_1,PF00076,16,86,domain_3,Q9NTZ6,858,928
2EK6,C,RRM_1,PF00076,16,86,domain_3,Q9NTZ6,858,928
2EK1,D,RRM_1,PF00076,878,948,domain_3,Q9NTZ6,858,928
2D9O,A,RRM_1,PF00076,187,241,domain_1,Q9NVM6,187,241
3PQ1,B,RL,PF17797,62,130,domain_1,Q9NVV4,62,130
3PQ1,A,RL,PF17797,62,132,domain_1,Q9NVV4,62,132
6FF4,P,RRM_1,PF00076,234,299,domain_1,Q9NW64,234,299
5YZG,O,RRM_1,PF00076,234,299,domain_1,Q9NW64,234,299
6FF7,P,RRM_1,PF00076,234,299,domain_1,Q9NW64,234,299
6ID1,O,RRM_1,PF00076,234,299,domain_1,Q9NW64,234,299
5Z56,O,RRM_1,PF00076,234,299,domain_1,Q9NW64,234,299
2YTC,A,RRM_1,PF00076,241,306,domain_1,Q9NW64,234,299
5MQF,P,RRM_1,PF00076,234,299,domain_1,Q9NW64,234,299
7A5P,P,RRM_1,PF00076,234,299,domain_1,Q9NW64,234,299
7ABI,P,RRM_1,PF00076,234,299,domain_1,Q9NW64,234,299
5XJC,O,RRM_1,PF00076,234,299,domain_1,Q9NW64,234,299
6QDV,M,RRM_1,PF00076,234,299,domain_1,Q9NW64,234,299
5Z57,O,RRM_1,PF00076,234,299,domain_1,Q9NW64,234,299
6ICZ,O,RRM_1,PF00076,234,299,domain_1,Q9NW64,234,299
6ID0,O,RRM_1,PF00076,234,299,domain_1,Q9NW64,234,299
4ZKA,F,RRM_1,PF00076,11,79,domain_1,Q9NWB1,119,187
4ZKA,B,RRM_1,PF00076,11,79,domain_1,Q9NWB1,119,187
2N82,B,RRM_1,PF00076,119,187,domain_1,Q9NWB1,119,187
4ZKA,D,RRM_1,PF00076,11,79,domain_1,Q9NWB1,119,187
4ZKA,C,RRM_1,PF00076,11,79,domain_1,Q9NWB1,119,187
4ZKA,E,RRM_1,PF00076,11,79,domain_1,Q9NWB1,119,187
2ERR,A,RRM_1,PF00076,119,187,domain_1,Q9NWB1,119,187
4ZKA,A,RRM_1,PF00076,11,79,domain_1,Q9NWB1,119,187
2DIV,A,RRM_1,PF00076,12,82,domain_1,Q9NX07,5,75
2DHG,A,RRM_1,PF00076,98,169,domain_2,Q9NX07,98,169
2KXF,A,RRM_1,PF00076,114,184,domain_1,Q9UHX1,131,201
2QFJ,B,RRM_1,PF00076,114,184,domain_1,Q9UHX1,131,201
5KW6,B,RRM_1,PF00076,131,201,domain_1,Q9UHX1,131,201
5KVY,A,RRM_1,PF00076,131,201,domain_1,Q9UHX1,131,201
5KW6,A,RRM_1,PF00076,131,201,domain_1,Q9UHX1,131,201
5KW1,B,RRM_1,PF00076,131,201,domain_1,Q9UHX1,131,201
5KW1,A,RRM_1,PF00076,131,201,domain_1,Q9UHX1,131,201
3UWT,A,RRM_1,PF00076,131,201,domain_1,Q9UHX1,131,201
2QFJ,A,RRM_1,PF00076,114,184,domain_1,Q9UHX1,131,201
2KXH,A,RRM_1,PF00076,114,184,domain_1,Q9UHX1,131,201
5KWQ,A,RRM_1,PF00076,114,184,domain_1,Q9UHX1,131,201
5KVY,B,RRM_1,PF00076,131,201,domain_1,Q9UHX1,131,201
5KWQ,B,RRM_1,PF00076,114,184,domain_1,Q9UHX1,131,201
2KXF,A,RRM_1,PF00076,211,281,domain_2,Q9UHX1,228,298
2QFJ,B,RRM_1,PF00076,211,281,domain_2,Q9UHX1,228,298
5KW6,B,RRM_1,PF00076,228,298,domain_2,Q9UHX1,228,298
5KVY,A,RRM_1,PF00076,228,298,domain_2,Q9UHX1,228,298
5KW6,A,RRM_1,PF00076,228,298,domain_2,Q9UHX1,228,298
5KW1,B,RRM_1,PF00076,228,298,domain_2,Q9UHX1,228,298
5KW1,A,RRM_1,PF00076,228,298,domain_2,Q9UHX1,228,298
3UWT,A,RRM_1,PF00076,228,298,domain_2,Q9UHX1,228,298
2QFJ,A,RRM_1,PF00076,211,281,domain_2,Q9UHX1,228,298
2KXH,A,RRM_1,PF00076,211,281,domain_2,Q9UHX1,228,298
5KWQ,A,RRM_1,PF00076,211,281,domain_2,Q9UHX1,228,298
5KVY,B,RRM_1,PF00076,228,298,domain_2,Q9UHX1,228,298
5KWQ,B,RRM_1,PF00076,211,281,domain_2,Q9UHX1,228,298
4CQ1,F,RRM_1,PF00076,457,520,domain_1,Q9UKA9,457,520
2MJU,A,RRM_1,PF00076,457,520,domain_1,Q9UKA9,457,520
4CQ1,D,RRM_1,PF00076,457,520,domain_1,Q9UKA9,457,520
4CQ1,B,RRM_1,PF00076,457,520,domain_1,Q9UKA9,457,520
4CQ1,A,RRM_1,PF00076,457,520,domain_1,Q9UKA9,457,520
4CQ1,G,RRM_1,PF00076,457,520,domain_1,Q9UKA9,457,520
4CQ1,H,RRM_1,PF00076,457,520,domain_1,Q9UKA9,457,520
4CQ1,C,RRM_1,PF00076,457,520,domain_1,Q9UKA9,457,520
4CQ1,E,RRM_1,PF00076,457,520,domain_1,Q9UKA9,457,520
1WF1,A,RRM_1,PF00076,30,93,domain_1,Q9UKM9,23,86
2YKO,C,Transposase_22,PF02994,155,252,domain_1,Q9UN81,155,252
2YKQ,C,Transposase_22,PF02994,155,252,domain_1,Q9UN81,155,252
2YKQ,A,Transposase_22,PF02994,155,252,domain_1,Q9UN81,155,252
2YKQ,B,Transposase_22,PF02994,155,252,domain_1,Q9UN81,155,252
2YKP,B,Transposase_22,PF02994,155,252,domain_1,Q9UN81,155,252
2YKP,C,Transposase_22,PF02994,155,252,domain_1,Q9UN81,155,252
2YKO,B,Transposase_22,PF02994,155,252,domain_1,Q9UN81,155,252
2YKO,A,Transposase_22,PF02994,155,252,domain_1,Q9UN81,155,252
2YKP,A,Transposase_22,PF02994,155,252,domain_1,Q9UN81,155,252
2W7A,A,Transposase_22,PF02994,157,252,domain_1,Q9UN81,157,252
2LDY,A,Transposase_22,PF02994,157,252,domain_1,Q9UN81,157,252
2W7A,B,Transposase_22,PF02994,157,252,domain_1,Q9UN81,157,252
7A5P,o,RRM_1,PF00076,8,78,domain_1,Q9UNP9,8,78
6FF7,o,RRM_1,PF00076,8,78,domain_1,Q9UNP9,8,78
6ICZ,y,RRM_1,PF00076,8,78,domain_1,Q9UNP9,8,78
3MDF,B,RRM_1,PF00076,8,78,domain_1,Q9UNP9,8,78
6ID1,y,RRM_1,PF00076,8,78,domain_1,Q9UNP9,8,78
6ID0,y,RRM_1,PF00076,8,78,domain_1,Q9UNP9,8,78
7ABI,o,RRM_1,PF00076,8,78,domain_1,Q9UNP9,8,78
3LPY,A,RRM_1,PF00076,8,78,domain_1,Q9UNP9,8,78
2KU7,A,RRM_1,PF00076,66,136,domain_1,Q9UNP9,8,78
5Z57,y,RRM_1,PF00076,8,78,domain_1,Q9UNP9,8,78
2KYX,A,RRM_1,PF00076,8,78,domain_1,Q9UNP9,8,78
3MDF,A,RRM_1,PF00076,8,78,domain_1,Q9UNP9,8,78
5YZG,1,RRM_1,PF00076,8,78,domain_1,Q9UNP9,8,78
5MQF,o,RRM_1,PF00076,8,78,domain_1,Q9UNP9,8,78
5Z56,y,RRM_1,PF00076,8,78,domain_1,Q9UNP9,8,78
3LPY,B,RRM_1,PF00076,8,78,domain_1,Q9UNP9,8,78
2CQB,A,RRM_1,PF00076,8,78,domain_1,Q9UNP9,8,78
7MI2,A,RRM_1,PF00076,408,472,domain_1,Q9UTE3,408,472
5MDU,A,RRM_1,PF00076,408,472,domain_1,Q9UTE3,408,472
1RK8,A,RRM_1,PF00076,75,145,domain_1,Q9V535,75,145
1HL6,A,RRM_1,PF00076,75,145,domain_1,Q9V535,75,145
2X1G,A,RRM_1,PF00076,75,145,domain_1,Q9V535,75,145
1OO0,B,RRM_1,PF00076,75,145,domain_1,Q9V535,75,145
2X1G,C,RRM_1,PF00076,75,145,domain_1,Q9V535,75,145
1HL6,C,RRM_1,PF00076,75,145,domain_1,Q9V535,75,145
5UZG,A,RRM_1,PF00076,51,123,domain_1,Q9VGH5,51,123
5UZG,B,RRM_1,PF00076,51,123,domain_1,Q9VGH5,51,123
5UZM,A,RRM_1,PF00076,148,219,domain_2,Q9VGH5,148,219
5UZM,B,RRM_1,PF00076,148,219,domain_2,Q9VGH5,148,219
2DNG,A,RRM_1,PF00076,43,111,domain_1,Q9WUK2,44,112
6JPF,A,PHM7_cyt,PF14703,201,364,domain_1,Q9XEA1,201,364
6JPF,B,PHM7_cyt,PF14703,201,364,domain_1,Q9XEA1,201,364
5Z58,Y,RRM_1,PF00076,38,108,domain_1,Q9Y388,38,108
7ABI,1,RRM_1,PF00076,38,108,domain_1,Q9Y388,38,108
6FF4,1,RRM_1,PF00076,38,108,domain_1,Q9Y388,38,108
5Z57,Y,RRM_1,PF00076,38,108,domain_1,Q9Y388,38,108
5Z56,Y,RRM_1,PF00076,38,108,domain_1,Q9Y388,38,108
6FF7,1,RRM_1,PF00076,38,108,domain_1,Q9Y388,38,108
7ABH,1,RRM_1,PF00076,38,108,domain_1,Q9Y388,38,108
7DVQ,Y,RRM_1,PF00076,38,108,domain_1,Q9Y388,38,108
2F9J,B,RRM_1,PF00076,21,88,domain_1,Q9Y3B4,21,88
6FF7,N,RRM_1,PF00076,21,88,domain_1,Q9Y3B4,21,88
7DVQ,5,RRM_1,PF00076,21,88,domain_1,Q9Y3B4,21,88
3LQV,B,RRM_1,PF00076,21,88,domain_1,Q9Y3B4,21,88
7ABI,z,RRM_1,PF00076,21,88,domain_1,Q9Y3B4,21,88
2F9D,B,RRM_1,PF00076,21,88,domain_1,Q9Y3B4,21,88
6FF7,z,RRM_1,PF00076,21,88,domain_1,Q9Y3B4,21,88
2FHO,B,RRM_1,PF00076,21,88,domain_1,Q9Y3B4,21,88
6Y53,z,RRM_1,PF00076,21,88,domain_1,Q9Y3B4,21,88
5Z56,5,RRM_1,PF00076,21,88,domain_1,Q9Y3B4,21,88
7ABH,z,RRM_1,PF00076,21,88,domain_1,Q9Y3B4,21,88
6Y5Q,z,RRM_1,PF00076,21,88,domain_1,Q9Y3B4,21,88
5Z57,5,RRM_1,PF00076,21,88,domain_1,Q9Y3B4,21,88
6AHD,5,RRM_1,PF00076,21,88,domain_1,Q9Y3B4,21,88
7ABG,z,RRM_1,PF00076,21,88,domain_1,Q9Y3B4,21,88
2F9J,A,RRM_1,PF00076,21,88,domain_1,Q9Y3B4,21,88
3LQV,A,RRM_1,PF00076,21,88,domain_1,Q9Y3B4,21,88
6AH0,5,RRM_1,PF00076,21,88,domain_1,Q9Y3B4,21,88
2F9D,A,RRM_1,PF00076,21,88,domain_1,Q9Y3B4,21,88
5Z58,5,RRM_1,PF00076,21,88,domain_1,Q9Y3B4,21,88
6FF4,z,RRM_1,PF00076,21,88,domain_1,Q9Y3B4,21,88
2DGW,A,RRM_1,PF00076,296,363,domain_1,Q9Y4C8,296,363
5LXY,A,RRM_1,PF00076,12,81,domain_1,Q9Y580,12,81
5LXY,M,RRM_1,PF00076,12,81,domain_1,Q9Y580,12,81
5LXY,K,RRM_1,PF00076,12,81,domain_1,Q9Y580,12,81
5IQQ,B,RRM_1,PF00076,12,81,domain_1,Q9Y580,12,81
2M8H,A,RRM_1,PF00076,19,88,domain_1,Q9Y580,12,81
5LXY,E,RRM_1,PF00076,12,81,domain_1,Q9Y580,12,81
5LXR,A,RRM_1,PF00076,12,81,domain_1,Q9Y580,12,81
5IQQ,C,RRM_1,PF00076,12,81,domain_1,Q9Y580,12,81
5IQQ,E,RRM_1,PF00076,12,81,domain_1,Q9Y580,12,81
5IQQ,A,RRM_1,PF00076,12,81,domain_1,Q9Y580,12,81
5LXY,B,RRM_1,PF00076,12,81,domain_1,Q9Y580,12,81
5LXY,G,RRM_1,PF00076,12,81,domain_1,Q9Y580,12,81
5IQQ,D,RRM_1,PF00076,12,81,domain_1,Q9Y580,12,81
5LXY,I,RRM_1,PF00076,13,81,domain_1,Q9Y580,13,81
2HYI,H,RRM_1,PF00076,75,145,domain_1,Q9Y5S9,75,145
2J0S,D,RRM_1,PF00076,75,145,domain_1,Q9Y5S9,75,145
2J0Q,D,RRM_1,PF00076,75,145,domain_1,Q9Y5S9,75,145
2J0Q,G,RRM_1,PF00076,75,145,domain_1,Q9Y5S9,75,145
3EX7,G,RRM_1,PF00076,75,145,domain_1,Q9Y5S9,75,145
6QDV,8,RRM_1,PF00076,75,145,domain_1,Q9Y5S9,75,145
2XB2,Z,RRM_1,PF00076,75,145,domain_1,Q9Y5S9,75,145
3EX7,B,RRM_1,PF00076,75,145,domain_1,Q9Y5S9,75,145
2XB2,D,RRM_1,PF00076,75,145,domain_1,Q9Y5S9,75,145
1P27,D,RRM_1,PF00076,75,145,domain_1,Q9Y5S9,75,145
1P27,B,RRM_1,PF00076,75,145,domain_1,Q9Y5S9,75,145
5YZG,w,RRM_1,PF00076,75,145,domain_1,Q9Y5S9,75,145
2HYI,B,RRM_1,PF00076,75,145,domain_1,Q9Y5S9,75,145
7A5P,w,RRM_1,PF00076,75,145,domain_1,Q9Y5S9,75,145
6ICZ,w,RRM_1,PF00076,75,145,domain_1,Q9Y5S9,75,145
5XJC,w,RRM_1,PF00076,75,145,domain_1,Q9Y5S9,75,145
2CQH,A,RRM_1,PF00076,5,69,domain_1,Q9Y6M1,5,69
