#Query In,#Target In,#Query chain,#Target chain,#Query Out,#Target Out,#Kscore,#Gscore,#Jscore,#Mscore,#Tscore,#Nquery,#Ntarget,#Nsegments,#Ncolumns,#Ncover,#Naligned,#Nmatched,#Nanchor,#Nidentity,#RMSD-aligned,#RMSD-matched,#RMSD-anchor,#MaxDist,#Contact
core_avgStruct,PF13893_avgStruct,A,A,core_avgStruct_query.pdb,PF13893_avgStruct_core_avgStruct.pdb,59.01,68.52,0.6909,0.9265,0.9257,76,96,1,98,77,74,74,72,20(27.03!),1.04,1.04,0.66,6.05,7.00
core_avgStruct,PF11835_avgStruct,A,A,core_avgStruct_query.pdb,PF11835_avgStruct_core_avgStruct.pdb,50.98,62.42,0.5551,0.8603,0.8693,76,111,1,114,81,73,73,68,22(30.14!),1.43,1.43,0.96,5.10,7.00
core_avgStruct,PF04847_avgStruct,A,A,core_avgStruct_query.pdb,PF04847_avgStruct_core_avgStruct.pdb,40.26,55.31,0.4529,0.7976,0.7980,76,104,1,110,84,70,70,65,11(15.71!),1.52,1.52,1.39,4.36,7.00
core_avgStruct,PF16367_avgStruct,A,A,core_avgStruct_query.pdb,PF16367_avgStruct_core_avgStruct.pdb,49.39,54.97,0.5283,0.7997,0.8040,76,115,1,119,97,72,72,67,21(29.17!),1.66,1.66,1.43,4.42,7.00
core_avgStruct,PF16842_avgStruct,A,A,core_avgStruct_query.pdb,PF16842_avgStruct_core_avgStruct.pdb,45.36,54.63,0.4916,0.7852,0.7986,76,112,1,116,82,72,72,63,14(19.44!),1.87,1.87,1.25,6.98,7.00
core_avgStruct,PF05172_avgStruct,A,A,core_avgStruct_query.pdb,PF05172_avgStruct_core_avgStruct.pdb,47.64,54.60,0.6188,0.7872,0.7872,76,78,1,85,76,69,69,65,15(21.74!),1.52,1.52,1.40,3.83,7.00
core_avgStruct,PF08952_avgStruct,A,A,core_avgStruct_query.pdb,PF08952_avgStruct_core_avgStruct.pdb,47.62,53.02,0.5356,0.7618,0.7713,76,104,1,111,90,69,69,60,16(23.19!),1.77,1.77,1.17,5.97,7.00
core_avgStruct,PF11608_avgStruct,A,A,core_avgStruct_query.pdb,PF11608_avgStruct_core_avgStruct.pdb,45.65,51.90,0.6129,0.7843,0.7855,76,73,1,81,78,68,68,62,18(26.47!),1.72,1.72,1.37,5.69,7.00
core_avgStruct,PF03467_avgStruct,A,A,core_avgStruct_query.pdb,PF03467_avgStruct_core_avgStruct.pdb,47.47,51.51,0.5240,0.7757,0.7889,76,108,1,109,97,75,75,67,13(17.33!),1.98,1.98,1.63,5.11,7.00
core_avgStruct,PF03880_avgStruct,A,A,core_avgStruct_query.pdb,PF03880_avgStruct_core_avgStruct.pdb,41.26,50.41,0.5465,0.7557,0.7513,76,75,1,84,83,67,67,62,10(14.93!),1.62,1.62,1.45,3.90,7.00
core_avgStruct,PF08675_avgStruct,A,A,core_avgStruct_query.pdb,PF08675_avgStruct_core_avgStruct.pdb,35.01,49.86,0.3495,0.7261,0.7281,76,132,1,143,109,65,65,59,14(21.54!),1.62,1.62,1.47,4.01,7.00
core_avgStruct,PF17774_avgStruct,A,X,core_avgStruct_query.pdb,PF17774_avgStruct_core_avgStruct.pdb,34.10,44.47,0.4170,0.6756,0.6876,76,88,1,98,85,66,66,57,7(10.61!),1.99,1.99,1.68,4.64,7.00
core_avgStruct,PF09162_avgStruct,A,A,core_avgStruct_query.pdb,PF09162_avgStruct_core_avgStruct.pdb,39.94,41.23,0.5029,0.6522,0.6738,76,83,1,90,82,69,69,56,7(10.14!),2.31,2.31,1.86,6.18,7.00
core_avgStruct,PF00276_avgStruct,A,A,core_avgStruct_query.pdb,PF00276_avgStruct_core_avgStruct.pdb,35.14,39.18,0.4136,0.5604,0.5648,76,95,1,121,96,50,50,41,6(12.00!),1.76,1.76,1.18,6.46,7.00
core_avgStruct,PF08777_avgStruct,A,A,core_avgStruct_query.pdb,PF08777_avgStruct_core_avgStruct.pdb,35.57,38.29,0.3838,0.6184,0.6480,76,113,1,120,88,69,69,55,20(28.99!),2.47,2.47,2.02,5.84,7.00
core_avgStruct,PF00511_avgStruct,A,A,core_avgStruct_query.pdb,PF00511_avgStruct_core_avgStruct.pdb,39.73,33.74,0.5003,0.5360,0.5831,76,83,1,95,88,64,64,45,3(4.69!),2.70,2.70,2.01,6.17,7.00
core_avgStruct,PF01282_avgStruct,A,A,core_avgStruct_query.pdb,PF01282_avgStruct_core_avgStruct.pdb,26.57,28.74,0.3178,0.4440,0.4469,76,92,1,125,70,43,43,37,4(9.30!),1.93,1.93,1.75,3.70,7.00
