PDB_id,Chain_id,Domain,Family_id,PDB_start,PDB_end,Domain_pos,UNP_id,UNP_start,UNP_end
3CW1,7,RRM_1,PF00076,505,575,domain_1,P08621,105,175
7B0Y,b,RRM_1,PF00076,105,175,domain_1,P08621,105,175
6QX9,1K,RRM_1,PF00076,105,175,domain_1,P08621,105,175
3CW1,8,RRM_1,PF00076,705,775,domain_1,P08621,105,175
3PGW,L,RRM_1,PF00076,105,175,domain_1,P08621,105,175
3CW1,6,RRM_1,PF00076,305,375,domain_1,P08621,105,175
3PGW,S,RRM_1,PF00076,105,175,domain_1,P08621,105,175
3CW1,K,RRM_1,PF00076,105,175,domain_1,P08621,105,175
5O3J,A,RRM_1,PF00076,2,72,domain_2,P31483,108,178
5X8R,v,RRM_1,PF00076,124,194,domain_2,P82277,186,256
5MMM,v,RRM_1,PF00076,186,256,domain_2,P82277,186,256
5X8P,v,RRM_1,PF00076,124,194,domain_2,P82277,186,256
5Z58,Y,RRM_1,PF00076,38,108,domain_1,Q9Y388,38,108
7ABI,1,RRM_1,PF00076,38,108,domain_1,Q9Y388,38,108
6FF4,1,RRM_1,PF00076,38,108,domain_1,Q9Y388,38,108
5Z57,Y,RRM_1,PF00076,38,108,domain_1,Q9Y388,38,108
5Z56,Y,RRM_1,PF00076,38,108,domain_1,Q9Y388,38,108
6FF7,1,RRM_1,PF00076,38,108,domain_1,Q9Y388,38,108
7ABH,1,RRM_1,PF00076,38,108,domain_1,Q9Y388,38,108
7DVQ,Y,RRM_1,PF00076,38,108,domain_1,Q9Y388,38,108
5GM6,V,RRM_1,PF00076,33,103,domain_1,P40565,33,103
2MY3,A,RRM_1,PF00076,13,83,domain_1,P40565,33,103
2MY2,A,RRM_1,PF00076,13,83,domain_1,P40565,33,103
5ZWO,X,RRM_1,PF00076,33,103,domain_1,P40565,33,103
5LQW,J,RRM_1,PF00076,33,103,domain_1,P40565,33,103
5ZWM,X,RRM_1,PF00076,33,103,domain_1,P40565,33,103
7OQC,F,RRM_1,PF00076,165,236,domain_1,Q00539,165,236
7OQE,F,RRM_1,PF00076,165,236,domain_1,Q00539,165,236
6N7P,F,RRM_1,PF00076,165,236,domain_1,Q00539,165,236
7JLY,A,RRM_1,PF00076,5,75,domain_1,Q7MWI3,5,75
6Q0W,D,RRM_1,PF00076,252,322,domain_2,Q14498,252,322
6UE5,C,RRM_1,PF00076,252,322,domain_2,Q14498,252,322
6Q0V,D,RRM_1,PF00076,252,322,domain_2,Q14498,252,322
6PAI,D,RRM_1,PF00076,252,322,domain_2,Q14498,252,322
6Q0R,D,RRM_1,PF00076,252,322,domain_2,Q14498,252,322
6UD7,C,RRM_1,PF00076,252,322,domain_2,Q14498,252,322
6SJ7,C,RRM_1,PF00076,252,322,domain_2,Q14498,252,322
5YZG,w,RRM_1,PF00076,75,145,domain_1,Q9Y5S9,75,145
7A5P,w,RRM_1,PF00076,75,145,domain_1,Q9Y5S9,75,145
5XJC,w,RRM_1,PF00076,75,145,domain_1,Q9Y5S9,75,145
6QDV,8,RRM_1,PF00076,75,145,domain_1,Q9Y5S9,75,145
6GD2,C,RRM_1,PF00076,246,316,domain_3,Q15717,246,316
6GD1,A,RRM_1,PF00076,116,186,domain_3,Q15717,246,316
6GC5,C,RRM_1,PF00076,246,316,domain_3,Q15717,246,316
6G2K,C,RRM_1,PF00076,246,316,domain_3,Q15717,246,316
6GD3,A,RRM_1,PF00076,246,316,domain_3,Q15717,246,316
6G2K,B,RRM_1,PF00076,246,316,domain_3,Q15717,246,316
6GC5,A,RRM_1,PF00076,246,316,domain_3,Q15717,246,316
6G2K,A,RRM_1,PF00076,246,316,domain_3,Q15717,246,316
6GD2,A,RRM_1,PF00076,246,316,domain_3,Q15717,246,316
6GD3,B,RRM_1,PF00076,246,316,domain_3,Q15717,246,316
6GC5,D,RRM_1,PF00076,246,316,domain_3,Q15717,246,316
6GD2,B,RRM_1,PF00076,246,316,domain_3,Q15717,246,316
6GD3,C,RRM_1,PF00076,246,316,domain_3,Q15717,246,316
6GD1,B,RRM_1,PF00076,116,186,domain_3,Q15717,246,316
6GC5,B,RRM_1,PF00076,246,316,domain_3,Q15717,246,316
6ES4,B,RRM_1,PF00076,166,237,domain_1,A0A0B4KHI4,208,279
6ES4,A,RRM_1,PF00076,166,237,domain_1,A0A0B4KHI4,208,279
5ZWM,4,RRM_1,PF00076,11,82,domain_1,Q99181,11,82
6G90,R,RRM_1,PF00076,11,82,domain_1,Q99181,11,82
5GM6,e,RRM_1,PF00076,11,82,domain_1,Q99181,11,82
5ZWO,4,RRM_1,PF00076,11,82,domain_1,Q99181,11,82
5NRL,R,RRM_1,PF00076,11,82,domain_1,Q99181,11,82
7OQB,R,RRM_1,PF00076,11,82,domain_1,Q99181,11,82
7OQE,R,RRM_1,PF00076,11,82,domain_1,Q99181,11,82
6Q2I,A,RRM_1,PF00076,18,88,domain_1,P33240,18,88
6TZE,A,RRM_1,PF00076,18,88,domain_1,P33240,18,88
5X8R,v,RRM_1,PF00076,24,94,domain_1,P82277,86,156
5X8P,v,RRM_1,PF00076,24,94,domain_1,P82277,86,156
7A5P,o,RRM_1,PF00076,8,78,domain_1,Q9UNP9,8,78
6FF7,o,RRM_1,PF00076,8,78,domain_1,Q9UNP9,8,78
7ABI,o,RRM_1,PF00076,8,78,domain_1,Q9UNP9,8,78
2KU7,A,RRM_1,PF00076,66,136,domain_1,Q9UNP9,8,78
5Z57,y,RRM_1,PF00076,8,78,domain_1,Q9UNP9,8,78
5YZG,1,RRM_1,PF00076,8,78,domain_1,Q9UNP9,8,78
5MQF,o,RRM_1,PF00076,8,78,domain_1,Q9UNP9,8,78
5Z56,y,RRM_1,PF00076,8,78,domain_1,Q9UNP9,8,78
6N7P,Y,RRM_1,PF00076,48,118,domain_1,Q08920,48,118
6N7X,F,RRM_1,PF00076,315,379,domain_2,Q00539,315,379
6G90,F,RRM_1,PF00076,315,379,domain_2,Q00539,315,379
7OQC,F,RRM_1,PF00076,315,379,domain_2,Q00539,315,379
7OQE,F,RRM_1,PF00076,315,379,domain_2,Q00539,315,379
6N7P,F,RRM_1,PF00076,315,379,domain_2,Q00539,315,379
5ZWN,V,RRM_1,PF00076,315,379,domain_2,Q00539,315,379
6N7R,F,RRM_1,PF00076,315,379,domain_2,Q00539,315,379
7ABG,A1,RRM_1,PF00076,42,112,domain_1,P52298,42,112
6Y53,o,RRM_1,PF00076,15,85,domain_1,Q15427,15,85
6AHD,4,RRM_1,PF00076,15,85,domain_1,Q15427,15,85
7ONB,K,RRM_1,PF00076,15,85,domain_1,Q15427,15,85
7ABI,w,RRM_1,PF00076,15,85,domain_1,Q15427,15,85
7ABH,w,RRM_1,PF00076,15,85,domain_1,Q15427,15,85
7DVQ,4,RRM_1,PF00076,15,85,domain_1,Q15427,15,85
6AH0,4,RRM_1,PF00076,15,85,domain_1,Q15427,15,85
5Z58,4,RRM_1,PF00076,15,85,domain_1,Q15427,15,85
7ABG,w,RRM_1,PF00076,15,85,domain_1,Q15427,15,85
6Y5Q,o,RRM_1,PF00076,15,85,domain_1,Q15427,15,85
6QX9,B4,RRM_1,PF00076,15,85,domain_1,Q15427,15,85
5Z56,4,RRM_1,PF00076,15,85,domain_1,Q15427,15,85
5Z57,4,RRM_1,PF00076,15,85,domain_1,Q15427,15,85
6KOR,A,RRM_1,PF00076,105,167,domain_2,O60506,340,402
6EM1,o,RRM_1,PF00076,93,163,domain_1,P53927,93,163
6EM3,o,RRM_1,PF00076,93,163,domain_1,P53927,93,163
5T9P,B,RRM_1,PF00076,93,163,domain_1,P53927,93,163
7BTB,o,RRM_1,PF00076,93,163,domain_1,P53927,93,163
6C0F,o,RRM_1,PF00076,93,163,domain_1,P53927,93,163
5T9P,C,RRM_1,PF00076,93,163,domain_1,P53927,93,163
6CB1,o,RRM_1,PF00076,93,163,domain_1,P53927,93,163
6YLY,o,RRM_1,PF00076,93,163,domain_1,P53927,93,163
6ELZ,o,RRM_1,PF00076,93,163,domain_1,P53927,93,163
6EM5,o,RRM_1,PF00076,93,163,domain_1,P53927,93,163
5T9P,D,RRM_1,PF00076,93,163,domain_1,P53927,93,163
5T9P,A,RRM_1,PF00076,93,163,domain_1,P53927,93,163
5Z3G,E,RRM_1,PF00076,93,163,domain_1,P53927,93,163
6M62,o,RRM_1,PF00076,93,163,domain_1,P53927,93,163
6YLX,o,RRM_1,PF00076,93,163,domain_1,P53927,93,163
6EM4,o,RRM_1,PF00076,93,163,domain_1,P53927,93,163
3JCT,o,RRM_1,PF00076,93,163,domain_1,P53927,93,163
6YBS,o,RRM_1,PF00076,241,308,domain_1,O75821,241,308
5K0Y,O,RRM_1,PF00076,241,308,domain_1,O75821,241,308
6ZMW,o,RRM_1,PF00076,241,308,domain_1,O75821,241,308
6Y53,o,RRM_1,PF00076,102,173,domain_2,Q15427,102,173
6Y5Q,o,RRM_1,PF00076,102,173,domain_2,Q15427,102,173
5YZG,p,RRM_1,PF00076,9,80,domain_1,P08579,9,80
5O9Z,1,RRM_1,PF00076,9,80,domain_1,P08579,9,80
5Z58,p,RRM_1,PF00076,9,80,domain_1,P08579,9,80
5Z56,p,RRM_1,PF00076,9,80,domain_1,P08579,9,80
6AH0,p,RRM_1,PF00076,9,80,domain_1,P08579,9,80
7A5P,X,RRM_1,PF00076,12,83,domain_1,P08579,9,80
7ABG,B,RRM_1,PF00076,9,80,domain_1,P08579,9,80
6Y5Q,b,RRM_1,PF00076,12,83,domain_1,P08579,9,80
5XJC,p,RRM_1,PF00076,9,80,domain_1,P08579,9,80
6AHD,p,RRM_1,PF00076,9,80,domain_1,P08579,9,80
6QDV,Y,RRM_1,PF00076,9,80,domain_1,P08579,9,80
5MQF,X,RRM_1,PF00076,12,83,domain_1,P08579,9,80
6FF7,X,RRM_1,PF00076,12,83,domain_1,P08579,9,80
6Y53,b,RRM_1,PF00076,12,83,domain_1,P08579,9,80
5Z57,p,RRM_1,PF00076,9,80,domain_1,P08579,9,80
7ABI,B,RRM_1,PF00076,9,80,domain_1,P08579,9,80
6QX9,2B,RRM_1,PF00076,9,80,domain_1,P08579,9,80
6FF7,N,RRM_1,PF00076,21,88,domain_1,Q9Y3B4,21,88
7DVQ,5,RRM_1,PF00076,21,88,domain_1,Q9Y3B4,21,88
7ABI,z,RRM_1,PF00076,21,88,domain_1,Q9Y3B4,21,88
6FF7,z,RRM_1,PF00076,21,88,domain_1,Q9Y3B4,21,88
6Y53,z,RRM_1,PF00076,21,88,domain_1,Q9Y3B4,21,88
5Z56,5,RRM_1,PF00076,21,88,domain_1,Q9Y3B4,21,88
7ABH,z,RRM_1,PF00076,21,88,domain_1,Q9Y3B4,21,88
6Y5Q,z,RRM_1,PF00076,21,88,domain_1,Q9Y3B4,21,88
5Z57,5,RRM_1,PF00076,21,88,domain_1,Q9Y3B4,21,88
6AHD,5,RRM_1,PF00076,21,88,domain_1,Q9Y3B4,21,88
7ABG,z,RRM_1,PF00076,21,88,domain_1,Q9Y3B4,21,88
6AH0,5,RRM_1,PF00076,21,88,domain_1,Q9Y3B4,21,88
5Z58,5,RRM_1,PF00076,21,88,domain_1,Q9Y3B4,21,88
6FF4,z,RRM_1,PF00076,21,88,domain_1,Q9Y3B4,21,88
5VSU,A,RRM_1,PF00076,212,283,domain_3,P49960,212,283
6ASO,A,RRM_1,PF00076,212,283,domain_3,P49960,212,283
6SR7,CCC,RRM_1,PF00076,12,83,domain_1,P09012,12,83
6XH2,A,RRM_1,PF00076,12,83,domain_1,P09012,12,83
6SQV,BBB,RRM_1,PF00076,12,83,domain_1,P09012,12,83
6SQN,B,RRM_1,PF00076,12,83,domain_1,P09012,12,83
6LAU,C,RRM_1,PF00076,12,83,domain_1,P09012,12,83
6SQV,CCC,RRM_1,PF00076,12,83,domain_1,P09012,12,83
6LAZ,D,RRM_1,PF00076,12,83,domain_1,P09012,12,83
6SQT,AAA,RRM_1,PF00076,12,83,domain_1,P09012,12,83
6LAU,E,RRM_1,PF00076,12,83,domain_1,P09012,12,83
6SQQ,AAA,RRM_1,PF00076,12,83,domain_1,P09012,12,83
6SQV,AAA,RRM_1,PF00076,12,83,domain_1,P09012,12,83
6LAS,E,RRM_1,PF00076,12,83,domain_1,P09012,12,83
7LHX,A,RRM_1,PF00076,12,83,domain_1,P09012,12,83
6SR7,DDD,RRM_1,PF00076,12,83,domain_1,P09012,12,83
6LAZ,E,RRM_1,PF00076,12,83,domain_1,P09012,12,83
6LAS,C,RRM_1,PF00076,12,83,domain_1,P09012,12,83
6XH1,A,RRM_1,PF00076,12,83,domain_1,P09012,12,83
6SR7,AAA,RRM_1,PF00076,12,83,domain_1,P09012,12,83
6LAX,D,RRM_1,PF00076,12,83,domain_1,P09012,12,83
6LAU,D,RRM_1,PF00076,12,83,domain_1,P09012,12,83
7D7V,C,RRM_1,PF00076,109,180,domain_1,P09012,12,83
6LAX,E,RRM_1,PF00076,12,83,domain_1,P09012,12,83
6SQN,A,RRM_1,PF00076,12,83,domain_1,P09012,12,83
6SQN,C,RRM_1,PF00076,12,83,domain_1,P09012,12,83
6LAX,C,RRM_1,PF00076,12,83,domain_1,P09012,12,83
3PGW,P,RRM_1,PF00076,12,83,domain_1,P09012,12,83
6LAS,D,RRM_1,PF00076,12,83,domain_1,P09012,12,83
6SQT,CCC,RRM_1,PF00076,12,83,domain_1,P09012,12,83
6XH3,A,RRM_1,PF00076,12,83,domain_1,P09012,12,83
6SQQ,BBB,RRM_1,PF00076,12,83,domain_1,P09012,12,83
3IIN,A,RRM_1,PF00076,12,83,domain_1,P09012,12,83
6SR7,BBB,RRM_1,PF00076,12,83,domain_1,P09012,12,83
3PGW,A,RRM_1,PF00076,12,83,domain_1,P09012,12,83
6QX9,1A,RRM_1,PF00076,12,83,domain_1,P09012,12,83
6LAZ,C,RRM_1,PF00076,12,83,domain_1,P09012,12,83
6SQT,BBB,RRM_1,PF00076,12,83,domain_1,P09012,12,83
6SQV,DDD,RRM_1,PF00076,12,83,domain_1,P09012,12,83
7B0Y,c,RRM_1,PF00076,12,83,domain_1,P09012,12,83
6XH0,A,RRM_1,PF00076,12,83,domain_1,P09012,12,83
6SQQ,CCC,RRM_1,PF00076,12,83,domain_1,P09012,12,83
6JVX,A,RRM_1,PF00076,36,103,domain_1,Q9H0Z9,36,103
6JVY,A,RRM_1,PF00076,36,103,domain_1,Q9H0Z9,36,103
7CSZ,A,RRM_1,PF00076,113,186,domain_2,Q8IUH3,113,186
7CSX,A,RRM_1,PF00076,113,186,domain_2,Q8IUH3,113,186
5ZWM,4,RRM_1,PF00076,110,179,domain_2,Q99181,110,179
5LSB,F,RRM_1,PF00076,110,179,domain_2,Q99181,110,179
6G90,R,RRM_1,PF00076,110,179,domain_2,Q99181,110,179
5GM6,e,RRM_1,PF00076,110,179,domain_2,Q99181,110,179
5ZWO,4,RRM_1,PF00076,110,179,domain_2,Q99181,110,179
5LSB,A,RRM_1,PF00076,110,179,domain_2,Q99181,110,179
5LSB,C,RRM_1,PF00076,110,179,domain_2,Q99181,110,179
5NRL,R,RRM_1,PF00076,110,179,domain_2,Q99181,110,179
7OQB,R,RRM_1,PF00076,110,179,domain_2,Q99181,110,179
7OQE,R,RRM_1,PF00076,110,179,domain_2,Q99181,110,179
6ELD,A,RRM_1,PF00076,9,77,domain_1,P31483,9,77
6WMZ,D,RRM_1,PF00076,76,140,domain_1,Q15233,76,140
6WMZ,B,RRM_1,PF00076,76,140,domain_1,Q15233,76,140
7LRQ,B,RRM_1,PF00076,76,140,domain_1,Q15233,76,140
6SNJ,A,RRM_1,PF00076,287,365,domain_1,P35637,287,365
6E4P,I,RRM_1,PF00076,204,266,domain_1,Q389P7,194,256
6E4O,C,RRM_1,PF00076,204,266,domain_1,Q389P7,194,256
6E4P,E,RRM_1,PF00076,204,266,domain_1,Q389P7,194,256
6E4P,F,RRM_1,PF00076,204,266,domain_1,Q389P7,194,256
6E4P,G,RRM_1,PF00076,204,266,domain_1,Q389P7,194,256
6E4O,B,RRM_1,PF00076,204,266,domain_1,Q389P7,194,256
6E4P,D,RRM_1,PF00076,204,266,domain_1,Q389P7,194,256
6E4P,C,RRM_1,PF00076,204,266,domain_1,Q389P7,194,256
6E4P,A,RRM_1,PF00076,204,266,domain_1,Q389P7,194,256
6E4N,A,RRM_1,PF00076,204,266,domain_1,Q389P7,194,256
6E4O,A,RRM_1,PF00076,204,266,domain_1,Q389P7,194,256
6E4O,D,RRM_1,PF00076,204,266,domain_1,Q389P7,194,256
6E4P,H,RRM_1,PF00076,204,266,domain_1,Q389P7,194,256
6E4P,B,RRM_1,PF00076,204,266,domain_1,Q389P7,194,256
6DHS,A,RRM_1,PF00076,113,182,domain_2,P31943,113,182
6DHS,C,RRM_1,PF00076,113,182,domain_2,P31943,113,182
6DHS,B,RRM_1,PF00076,113,182,domain_2,P31943,113,182
6DHS,D,RRM_1,PF00076,113,182,domain_2,P31943,113,182
5VSU,A,RRM_1,PF00076,43,110,domain_1,P49960,43,110
6ASO,A,RRM_1,PF00076,43,110,domain_1,P49960,43,110
6Y5Q,q,RRM_1,PF00076,135,212,domain_1,O43719,135,212
6Y50,q,RRM_1,PF00076,135,212,domain_1,O43719,135,212
5M8I,A,RRM_1,PF00076,31,101,domain_3,O95319,425,495
5Z58,p,RRM_1,PF00076,153,219,domain_2,P08579,153,219
5Z56,p,RRM_1,PF00076,153,219,domain_2,P08579,153,219
7ABG,B,RRM_1,PF00076,153,219,domain_2,P08579,153,219
6Y5Q,b,RRM_1,PF00076,153,219,domain_2,P08579,153,219
6FF7,X,RRM_1,PF00076,153,219,domain_2,P08579,153,219
6Y53,b,RRM_1,PF00076,153,219,domain_2,P08579,153,219
5Z57,p,RRM_1,PF00076,153,219,domain_2,P08579,153,219
7ABI,B,RRM_1,PF00076,153,219,domain_2,P08579,153,219
6WMZ,C,RRM_1,PF00076,299,363,domain_1,P23246,299,363
6WMZ,A,RRM_1,PF00076,299,363,domain_1,P23246,299,363
7LRU,B,RRM_1,PF00076,299,363,domain_1,P23246,299,363
4WIJ,A,RRM_1,PF00076,299,363,domain_1,P23246,299,363
6OWJ,A,RRM_1,PF00076,299,363,domain_1,P23246,299,363
6OWJ,B,RRM_1,PF00076,299,363,domain_1,P23246,299,363
4WIJ,B,RRM_1,PF00076,299,363,domain_1,P23246,299,363
7LRQ,A,RRM_1,PF00076,299,363,domain_1,P23246,299,363
6NCQ,A,RRM_1,PF00076,299,363,domain_1,P23246,299,363
6M75,A,RRM_1,PF00076,86,152,domain_2,P29558,143,209
7C36,A,RRM_1,PF00076,86,152,domain_2,P29558,143,209
6G90,B,RRM_1,PF00076,109,176,domain_1,Q00916,109,176
6N7P,A,RRM_1,PF00076,109,176,domain_1,Q00916,109,176
7OQE,B,RRM_1,PF00076,109,176,domain_1,Q00916,109,176
6N7R,A,RRM_1,PF00076,109,176,domain_1,Q00916,109,176
7OQC,B,RRM_1,PF00076,109,176,domain_1,Q00916,109,176
6N7X,A,RRM_1,PF00076,109,176,domain_1,Q00916,109,176
5ZWN,Q,RRM_1,PF00076,109,176,domain_1,Q00916,109,176
6NX5,D,RRM_1,PF00076,2,64,domain_1,O60059,2,64
6NWW,B,RRM_1,PF00076,2,64,domain_1,O60059,2,64
6NX5,A,RRM_1,PF00076,2,64,domain_1,O60059,2,64
6NWW,C,RRM_1,PF00076,2,64,domain_1,O60059,2,64
6NX5,C,RRM_1,PF00076,2,64,domain_1,O60059,2,64
6NWW,A,RRM_1,PF00076,2,64,domain_1,O60059,2,64
6NX5,B,RRM_1,PF00076,2,64,domain_1,O60059,2,64
6NWW,D,RRM_1,PF00076,2,64,domain_1,O60059,2,64
6R5K,F,RRM_1,PF00076,40,110,domain_1,P04147,40,110
6R5K,H,RRM_1,PF00076,40,110,domain_1,P04147,40,110
6R5K,D,RRM_1,PF00076,40,110,domain_1,P04147,40,110
6DHS,A,RRM_1,PF00076,13,84,domain_1,P31943,13,84
6DHS,C,RRM_1,PF00076,13,84,domain_1,P31943,13,84
6DHS,B,RRM_1,PF00076,13,84,domain_1,P31943,13,84
6DHS,D,RRM_1,PF00076,13,84,domain_1,P31943,13,84
2DGP,A,RRM_1,PF00076,56,125,domain_1,Q9BZC1,56,125
5VSU,A,RRM_1,PF00076,119,189,domain_2,P49960,119,189
6ASO,A,RRM_1,PF00076,119,189,domain_2,P49960,119,189
6WMZ,C,RRM_1,PF00076,373,440,domain_2,P23246,373,440
6WMZ,A,RRM_1,PF00076,373,440,domain_2,P23246,373,440
7LRU,B,RRM_1,PF00076,373,440,domain_2,P23246,373,440
4WIJ,A,RRM_1,PF00076,373,440,domain_2,P23246,373,440
4WIK,B,RRM_1,PF00076,373,440,domain_2,P23246,373,440
6OWJ,A,RRM_1,PF00076,373,440,domain_2,P23246,373,440
6OWJ,B,RRM_1,PF00076,373,440,domain_2,P23246,373,440
4WIJ,B,RRM_1,PF00076,373,440,domain_2,P23246,373,440
4WIK,A,RRM_1,PF00076,373,440,domain_2,P23246,373,440
7LRQ,A,RRM_1,PF00076,373,440,domain_2,P23246,373,440
6NCQ,A,RRM_1,PF00076,373,440,domain_2,P23246,373,440
5OBN,A,RRM_1,PF00076,422,497,domain_1,Q96LT9,422,497
7MI2,A,RRM_1,PF00076,408,472,domain_1,Q9UTE3,408,472
5MDU,A,RRM_1,PF00076,408,472,domain_1,Q9UTE3,408,472
6QW6,R,RRM_1,PF00076,383,453,domain_1,Q9BTD8,383,453
6QX9,R,RRM_1,PF00076,383,453,domain_1,Q9BTD8,383,453
7CSZ,A,RRM_1,PF00076,31,97,domain_1,Q8IUH3,31,97
7CSX,A,RRM_1,PF00076,31,97,domain_1,Q8IUH3,31,97
6DBP,A,RRM_1,PF00076,3,72,domain_1,Q96DH6,23,92
6NTY,B,RRM_1,PF00076,23,92,domain_1,Q96DH6,23,92
6DBP,B,RRM_1,PF00076,3,72,domain_1,Q96DH6,23,92
6NTY,A,RRM_1,PF00076,23,92,domain_1,Q96DH6,23,92
6C8U,1,RRM_1,PF00076,23,92,domain_1,Q96DH6,23,92
6FF4,P,RRM_1,PF00076,234,299,domain_1,Q9NW64,234,299
5YZG,O,RRM_1,PF00076,234,299,domain_1,Q9NW64,234,299
6FF7,P,RRM_1,PF00076,234,299,domain_1,Q9NW64,234,299
6ID1,O,RRM_1,PF00076,234,299,domain_1,Q9NW64,234,299
5Z56,O,RRM_1,PF00076,234,299,domain_1,Q9NW64,234,299
5MQF,P,RRM_1,PF00076,234,299,domain_1,Q9NW64,234,299
7A5P,P,RRM_1,PF00076,234,299,domain_1,Q9NW64,234,299
7ABI,P,RRM_1,PF00076,234,299,domain_1,Q9NW64,234,299
5XJC,O,RRM_1,PF00076,234,299,domain_1,Q9NW64,234,299
6QDV,M,RRM_1,PF00076,234,299,domain_1,Q9NW64,234,299
5Z57,O,RRM_1,PF00076,234,299,domain_1,Q9NW64,234,299
6ICZ,O,RRM_1,PF00076,234,299,domain_1,Q9NW64,234,299
6ID0,O,RRM_1,PF00076,234,299,domain_1,Q9NW64,234,299
5EV1,A,RRM_1,PF00076,261,331,domain_2,P26368,261,331
5EV3,A,RRM_1,PF00076,261,331,domain_2,P26368,261,331
5EV2,A,RRM_1,PF00076,261,331,domain_2,P26368,261,331
6TR0,A,RRM_1,PF00076,261,331,domain_2,P26368,261,331
5EV4,A,RRM_1,PF00076,261,331,domain_2,P26368,261,331
6XLW,A,RRM_1,PF00076,261,331,domain_2,P26368,261,331
6XLV,A,RRM_1,PF00076,261,331,domain_2,P26368,261,331
6XLX,A,RRM_1,PF00076,261,331,domain_2,P26368,261,331
5EV1,A,RRM_1,PF00076,151,225,domain_1,P26368,151,225
5EV3,A,RRM_1,PF00076,151,225,domain_1,P26368,151,225
5EV2,A,RRM_1,PF00076,151,225,domain_1,P26368,151,225
6TR0,A,RRM_1,PF00076,151,225,domain_1,P26368,151,225
5EV4,A,RRM_1,PF00076,151,225,domain_1,P26368,151,225
6XLW,A,RRM_1,PF00076,151,225,domain_1,P26368,151,225
6XLV,A,RRM_1,PF00076,151,225,domain_1,P26368,151,225
6XLX,A,RRM_1,PF00076,151,225,domain_1,P26368,151,225
6FQ1,A,RRM_1,PF00076,83,150,domain_2,O00425,83,150
6FQ1,B,RRM_1,PF00076,83,150,domain_2,O00425,83,150
6FQR,B,RRM_1,PF00076,83,150,domain_2,O00425,83,150
6GX6,A,RRM_1,PF00076,83,150,domain_2,O00425,83,150
6FQR,A,RRM_1,PF00076,83,150,domain_2,O00425,83,150
6WMZ,D,RRM_1,PF00076,150,217,domain_2,Q15233,150,217
6WMZ,B,RRM_1,PF00076,150,217,domain_2,Q15233,150,217
7LRQ,B,RRM_1,PF00076,150,217,domain_2,Q15233,150,217
6M75,A,RRM_1,PF00076,7,72,domain_1,P29558,64,129
7C36,A,RRM_1,PF00076,7,72,domain_1,P29558,64,129
6FQ1,A,RRM_1,PF00076,4,69,domain_1,O00425,4,69
6FQ1,B,RRM_1,PF00076,4,69,domain_1,O00425,4,69
6FQR,B,RRM_1,PF00076,4,69,domain_1,O00425,4,69
6GX6,A,RRM_1,PF00076,4,69,domain_1,O00425,4,69
6FQR,A,RRM_1,PF00076,4,69,domain_1,O00425,4,69
6R5K,H,RRM_1,PF00076,221,290,domain_3,P04147,221,290
6R5K,D,RRM_1,PF00076,221,290,domain_3,P04147,221,290
3JB9,Y,RRM_1,PF00076,176,241,domain_1,P87126,176,241
6Z29,A,RRM_1,PF00076,343,407,domain_3,P32588,343,407
7ABG,A6,RRM_1,PF00076,123,186,domain_2,Q07955,123,186
6R5K,H,RRM_1,PF00076,324,393,domain_4,P04147,324,393
6R5K,D,RRM_1,PF00076,324,393,domain_4,P04147,324,393
7AEP,A,RRM_1,PF00076,210,275,domain_2,P09012,210,275
6DG0,A,RRM_1,PF00076,23,87,domain_2,G5ECJ4,230,294
6DG0,B,RRM_1,PF00076,23,87,domain_2,G5ECJ4,230,294
6R5K,F,RRM_1,PF00076,128,197,domain_2,P04147,128,197
6R5K,H,RRM_1,PF00076,128,197,domain_2,P04147,128,197
6R5K,D,RRM_1,PF00076,128,197,domain_2,P04147,128,197
5O1Z,A,RRM_1,PF00076,341,400,domain_1,P53617,341,400
5O1T,A,RRM_1,PF00076,341,400,domain_1,P53617,341,400
5O1Y,A,RRM_1,PF00076,341,400,domain_1,P53617,341,400
5O1X,A,RRM_1,PF00076,341,400,domain_1,P53617,341,400
5O20,A,RRM_1,PF00076,341,400,domain_1,P53617,341,400
5O1W,A,RRM_1,PF00076,341,400,domain_1,P53617,341,400
7C06,M,RRM_1,PF00076,72,135,domain_1,Q09176,72,135
7C07,M,RRM_1,PF00076,72,135,domain_1,Q09176,72,135
7C06,G,RRM_1,PF00076,72,135,domain_1,Q09176,72,135
7C06,D,RRM_1,PF00076,72,135,domain_1,Q09176,72,135
7C08,S,RRM_1,PF00076,72,135,domain_1,Q09176,72,135
7C08,G,RRM_1,PF00076,72,135,domain_1,Q09176,72,135
7C07,A,RRM_1,PF00076,72,135,domain_1,Q09176,72,135
7C07,G,RRM_1,PF00076,72,135,domain_1,Q09176,72,135
7C06,P,RRM_1,PF00076,72,135,domain_1,Q09176,72,135
7C07,P,RRM_1,PF00076,72,135,domain_1,Q09176,72,135
7C08,P,RRM_1,PF00076,72,135,domain_1,Q09176,72,135
7C08,D,RRM_1,PF00076,72,135,domain_1,Q09176,72,135
7C06,J,RRM_1,PF00076,72,135,domain_1,Q09176,72,135
4YH8,A,RRM_1,PF00076,72,135,domain_1,Q09176,72,135
7C08,Y,RRM_1,PF00076,72,135,domain_1,Q09176,72,135
7C06,A,RRM_1,PF00076,72,135,domain_1,Q09176,72,135
7C07,V,RRM_1,PF00076,72,135,domain_1,Q09176,72,135
7C08,M,RRM_1,PF00076,72,135,domain_1,Q09176,72,135
7C06,Y,RRM_1,PF00076,72,135,domain_1,Q09176,72,135
7C06,V,RRM_1,PF00076,72,135,domain_1,Q09176,72,135
7C06,S,RRM_1,PF00076,72,135,domain_1,Q09176,72,135
7C07,J,RRM_1,PF00076,72,135,domain_1,Q09176,72,135
7C08,J,RRM_1,PF00076,72,135,domain_1,Q09176,72,135
7C08,V,RRM_1,PF00076,72,135,domain_1,Q09176,72,135
7C08,A,RRM_1,PF00076,72,135,domain_1,Q09176,72,135
7C07,Y,RRM_1,PF00076,72,135,domain_1,Q09176,72,135
7C07,D,RRM_1,PF00076,72,135,domain_1,Q09176,72,135
7C07,S,RRM_1,PF00076,72,135,domain_1,Q09176,72,135
4UER,b,RRM_1,PF00076,120,180,domain_1,A0A0J9X230,93,153
6Y5Q,q,RRM_1,PF00076,287,343,domain_2,O43719,287,343
6NSX,A,RRM_1,PF00076,287,343,domain_2,O43719,287,343
6Y53,q,RRM_1,PF00076,287,343,domain_2,O43719,287,343
7D1L,B,RRM_1,PF00076,16,83,domain_1,Q09293,16,83
7OCX,C,RRM_1,PF00076,16,83,domain_1,Q09293,16,83
7D2Y,B,RRM_1,PF00076,16,83,domain_1,Q09293,16,83
7D1L,A,RRM_1,PF00076,16,83,domain_1,Q09293,16,83
7D2Y,A,RRM_1,PF00076,16,83,domain_1,Q09293,16,83
7OCX,D,RRM_1,PF00076,16,83,domain_1,Q09293,16,83
6HPJ,B,RRM_1,PF00076,18,85,domain_1,Q07955,18,85
6ZU9,p,RRM_1,PF00076,93,153,domain_1,P06103,93,153
6FYX,p,RRM_1,PF00076,93,153,domain_1,P06103,93,153
6ZCE,p,RRM_1,PF00076,93,153,domain_1,P06103,93,153
6FYY,p,RRM_1,PF00076,93,153,domain_1,P06103,93,153
6GSM,p,RRM_1,PF00076,93,153,domain_1,P06103,93,153
6GSN,p,RRM_1,PF00076,93,153,domain_1,P06103,93,153
6SXW,A,RRM_1,PF00076,678,737,domain_1,Q14966,678,737
7A09,B,RRM_1,PF00076,202,260,domain_1,P55884,202,260
5K1H,B,RRM_1,PF00076,105,163,domain_1,P55884,202,260
6ZP4,B,RRM_1,PF00076,202,260,domain_1,P55884,202,260
6ZVJ,B,RRM_1,PF00076,202,260,domain_1,P55884,202,260
6ZMW,1,RRM_1,PF00076,202,260,domain_1,P55884,202,260
6ZON,B,RRM_1,PF00076,202,260,domain_1,P55884,202,260
6YBT,1,RRM_1,PF00076,202,260,domain_1,P55884,202,260
7ASE,J,RRM_1,PF00076,151,214,domain_2,Q4DY32,159,222
5OPT,h,RRM_1,PF00076,151,214,domain_2,Q4DY32,159,222
5YLZ,N,RRM_1,PF00076,149,206,domain_1,Q12046,149,206
5LJ3,M,RRM_1,PF00076,149,206,domain_1,Q12046,149,206
5WSG,R,RRM_1,PF00076,149,206,domain_1,Q12046,149,206
5GM6,R,RRM_1,PF00076,149,206,domain_1,Q12046,149,206
5GMK,R,RRM_1,PF00076,149,206,domain_1,Q12046,149,206
6EXN,M,RRM_1,PF00076,149,206,domain_1,Q12046,149,206
5Y88,N,RRM_1,PF00076,149,206,domain_1,Q12046,149,206
5MPS,M,RRM_1,PF00076,149,206,domain_1,Q12046,149,206
5LJ5,M,RRM_1,PF00076,149,206,domain_1,Q12046,149,206
6BK8,G,RRM_1,PF00076,149,206,domain_1,Q12046,149,206
6J6Q,R,RRM_1,PF00076,149,206,domain_1,Q12046,149,206
6J6H,R,RRM_1,PF00076,149,206,domain_1,Q12046,149,206
6J6G,R,RRM_1,PF00076,149,206,domain_1,Q12046,149,206
6J6N,R,RRM_1,PF00076,149,206,domain_1,Q12046,149,206
5MQ0,M,RRM_1,PF00076,149,206,domain_1,Q12046,149,206
5LQW,F,RRM_1,PF00076,154,206,domain_1,Q12046,154,206
7B9V,M,RRM_1,PF00076,149,206,domain_1,A0A6A5Q155,149,206
7DCO,R,RRM_1,PF00076,149,206,domain_1,A0A6A5Q155,149,206
6KOR,A,RRM_1,PF00076,10,77,domain_1,O60506,245,312
6DG1,A,RRM_1,PF00076,113,182,domain_1,P55795,113,182
5A5U,B,RRM_1,PF00076,104,163,domain_1,G1SZ03,65,124
