PDB_id,Chain_id,Domain,Family_id,PDB_start,PDB_end,Domain_pos,UNP_id,UNP_start,UNP_end
7B9V,Y,RRM_5,PF13893,24,110,domain_1,A0A6A5Q318,24,110
7DCO,p,RRM_5,PF13893,29,103,domain_1,A0A6A5Q318,29,103
3P3D,A,Nup35_RRM,PF05172,266,363,domain_1,A5DMN1,266,363
2MQP,A,RRM_8,PF11835,181,267,domain_1,F1LQ48,181,267
2MQM,A,RRM_8,PF11835,181,267,domain_1,F1LQ48,181,267
2MQN,A,RRM_5,PF13893,371,477,domain_2,F1LQ48,408,514
2MQQ,A,RRM_5,PF13893,372,477,domain_2,F1LQ48,409,514
4QPT,A,RRM_5,PF13893,372,477,domain_2,F1LQ48,409,514
1UFW,A,DUF1866,PF08952,8,89,domain_1,O15056,882,963
2DNR,A,DUF1866,PF08952,893,970,domain_1,O43426,894,971
3CTR,A,RNA_bind,PF08675,445,514,domain_1,O95453,445,514
1OWX,A,RRM_3,PF08777,231,334,domain_1,P05455,231,334
5B88,A,DbpA,PF03880,488,559,domain_1,P0A9P6,488,559
3TO8,A,RRM_5,PF13893,380,480,domain_1,P14866,380,480
7BBB,A,DbpA,PF03880,384,455,domain_1,P21693,384,455
2N3O,A,RRM_5,PF13893,41,152,domain_1,P26599,41,152
2AD9,A,RRM_5,PF13893,49,146,domain_1,P26599,49,146
1SJQ,A,RRM_5,PF13893,13,99,domain_1,P26599,55,141
2EVZ,A,RRM_5,PF13893,1,84,domain_2,P26599,350,433
2ADC,A,RRM_5,PF13893,324,407,domain_2,P26599,350,433
1QM9,A,RRM_5,PF13893,2,74,domain_2,P26599,361,433
6EXN,Y,RRM_5,PF13893,24,110,domain_1,P40567,24,110
5LJ5,Y,RRM_5,PF13893,28,110,domain_1,P40567,28,110
7OQB,Y,RRM_5,PF13893,28,110,domain_1,P40567,28,110
6J6N,a,RRM_5,PF13893,28,110,domain_1,P40567,28,110
5MQ0,Y,RRM_5,PF13893,28,110,domain_1,P40567,28,110
6BK8,r,RRM_5,PF13893,28,110,domain_1,P40567,28,110
6J6H,a,RRM_5,PF13893,28,110,domain_1,P40567,28,110
5NRL,Y,RRM_5,PF13893,28,110,domain_1,P40567,28,110
6G90,Y,RRM_5,PF13893,28,110,domain_1,P40567,28,110
5LJ3,Y,RRM_5,PF13893,28,110,domain_1,P40567,28,110
6J6Q,a,RRM_5,PF13893,28,110,domain_1,P40567,28,110
6J6G,a,RRM_5,PF13893,28,110,domain_1,P40567,28,110
7OQE,Y,RRM_5,PF13893,28,110,domain_1,P40567,28,110
5ZWM,p,RRM_5,PF13893,29,103,domain_1,P40567,29,103
5ZWO,p,RRM_5,PF13893,29,103,domain_1,P40567,29,103
5GMK,a,RRM_5,PF13893,29,110,domain_1,P40567,29,110
5Y88,p,RRM_5,PF13893,29,110,domain_1,P40567,29,110
5YLZ,p,RRM_5,PF13893,29,110,domain_1,P40567,29,110
5WSG,X,RRM_5,PF13893,29,110,domain_1,P40567,29,110
2G0C,A,DbpA,PF03880,405,476,domain_1,P42305,405,476
3MOJ,B,DbpA,PF03880,405,476,domain_1,P42305,405,476
5TF6,A,RRM_occluded,PF16842,311,393,domain_1,P49960,311,393
6ASO,A,RRM_occluded,PF16842,311,393,domain_1,P49960,311,393
5VSU,A,RRM_occluded,PF16842,311,393,domain_1,P49960,311,393
2L9W,A,RRM_occluded,PF16842,311,393,domain_1,P49960,311,393
5TF6,C,RRM_occluded,PF16842,311,393,domain_1,P49960,311,393
4N0T,A,RRM_occluded,PF16842,311,393,domain_1,P49960,311,393
5UAZ,A,Nup35_RRM,PF05172,247,355,domain_1,Q03790,247,355
5UAZ,B,Nup35_RRM,PF05172,247,355,domain_1,Q03790,247,355
2MKI,A,RRM_7,PF16367,64,153,domain_1,Q17RY0,471,560
2MKJ,A,RRM_7,PF16367,64,153,domain_1,Q17RY0,471,560
6D12,A,RRM_3,PF08777,454,545,domain_1,Q4G0J3,454,545
6D12,B,RRM_3,PF08777,454,548,domain_1,Q4G0J3,454,548
5KNW,A,RRM_3,PF08777,454,552,domain_1,Q4G0J3,454,552
2M4M,A,Nup35_RRM,PF05172,4,116,domain_1,Q6FJ27,171,283
2FPH,X,YlmH_RBD,PF17774,82,166,domain_1,Q8DNW3,103,187
2DNL,A,RRM_7,PF16367,426,515,domain_1,Q8NE35,440,529
2RUG,A,RRM_7,PF16367,440,529,domain_1,Q8NE35,440,529
4LIR,B,Nup35_RRM,PF05172,169,252,domain_1,Q8NFH5,169,252
4LIR,A,Nup35_RRM,PF05172,171,250,domain_1,Q8NFH5,171,250
3TYT,A,RRM_5,PF13893,376,477,domain_1,Q8R081,376,477
3S01,A,RRM_5,PF13893,376,477,domain_1,Q8R081,376,477
1WWH,A,Nup35_RRM,PF05172,169,249,domain_1,Q8R4R6,169,249
1WWH,D,Nup35_RRM,PF05172,170,249,domain_1,Q8R4R6,170,249
1WWH,C,Nup35_RRM,PF05172,171,249,domain_1,Q8R4R6,171,249
1WWH,B,Nup35_RRM,PF05172,171,249,domain_1,Q8R4R6,171,249
3D45,A,RNA_bind,PF08675,430,503,domain_1,Q8VDG3,430,503
3D45,B,RNA_bind,PF08675,430,505,domain_1,Q8VDG3,430,505
2ROK,A,RNA_bind,PF08675,430,508,domain_1,Q8VDG3,430,508
1WHV,A,RNA_bind,PF08675,430,508,domain_1,Q8VDG3,430,508
2E5I,A,RRM_8,PF11835,208,293,domain_1,Q921F4,208,293
2MKH,A,RRM_7,PF16367,235,330,domain_1,Q9BZB8,310,410
2MKK,A,RRM_7,PF16367,235,330,domain_1,Q9BZB8,310,410
1UW4,A,Smg4_UPF3,PF03467,50,140,domain_1,Q9BZI7,50,140
1UW4,C,Smg4_UPF3,PF03467,50,140,domain_1,Q9BZI7,50,140
2L08,A,Smg4_UPF3,PF03467,12,97,domain_1,Q9H1J1,70,155
1WEY,A,Calcipressin,PF04847,15,98,domain_1,Q9JHG6,73,156
1FT8,E,Tap-RNA_bind,PF09162,119,175,domain_1,Q9UBU9,119,175
1FT8,A,Tap-RNA_bind,PF09162,119,198,domain_1,Q9UBU9,119,198
1KOO,C,Tap-RNA_bind,PF09162,119,198,domain_1,Q9UBU9,119,198
1KOH,C,Tap-RNA_bind,PF09162,119,198,domain_1,Q9UBU9,119,198
1FT8,C,Tap-RNA_bind,PF09162,119,198,domain_1,Q9UBU9,119,198
1KOO,A,Tap-RNA_bind,PF09162,119,198,domain_1,Q9UBU9,119,198
3RW6,A,Tap-RNA_bind,PF09162,119,198,domain_1,Q9UBU9,119,198
3RW7,C,Tap-RNA_bind,PF09162,119,198,domain_1,Q9UBU9,119,198
3RW7,A,Tap-RNA_bind,PF09162,119,198,domain_1,Q9UBU9,119,198
3RW6,B,Tap-RNA_bind,PF09162,119,198,domain_1,Q9UBU9,119,198
1KOH,A,Tap-RNA_bind,PF09162,119,198,domain_1,Q9UBU9,119,198
1FO1,A,Tap-RNA_bind,PF09162,123,191,domain_1,Q9UBU9,123,191
2MJU,A,RRM_5,PF13893,325,434,domain_1,Q9UKA9,325,434
4CQ1,B,RRM_5,PF13893,336,434,domain_1,Q9UKA9,336,434
4CQ1,C,RRM_5,PF13893,337,434,domain_1,Q9UKA9,337,434
4CQ1,D,RRM_5,PF13893,337,434,domain_1,Q9UKA9,337,434
4CQ1,E,RRM_5,PF13893,337,434,domain_1,Q9UKA9,337,434
4CQ1,H,RRM_5,PF13893,337,434,domain_1,Q9UKA9,337,434
4CQ1,G,RRM_5,PF13893,337,434,domain_1,Q9UKA9,337,434
4CQ1,F,RRM_5,PF13893,337,434,domain_1,Q9UKA9,337,434
4CQ1,A,RRM_5,PF13893,337,434,domain_1,Q9UKA9,337,434
2DIU,A,MARF1_RRM1,PF11608,8,90,domain_1,Q9Y4F3,510,592