PDB_id,Chain_id,Domain,Family_id,PDB_start,PDB_end,Domain_pos,UNP_id,UNP_start,UNP_end
6PIM,A,Cadherin,PF00028,228,321,domain_2,Q08174,285,378
6MGA,A,Cadherin,PF00028,228,321,domain_2,Q08174,285,378
6VFP,A,Cadherin,PF00028,228,321,domain_2,Q08174,285,378
5TFK,A,Cadherin,PF00028,2051,2142,domain_9,Q99PF4,2074,2165
5I8D,A,Cadherin,PF00028,2051,2142,domain_9,Q99PF4,2074,2165
5UN2,A,Cadherin,PF00028,2051,2142,domain_9,Q99PF4,2074,2165
5ULU,A,Cadherin,PF00028,2051,2142,domain_9,Q99PF4,2074,2165
7JGZ,A,Cadherin,PF00028,218,312,domain_2,Q91XX0,250,344
5W4T,D,Cadherin,PF00028,112,202,domain_2,F1R7G8,143,233
5W4T,C,Cadherin,PF00028,112,202,domain_2,F1R7G8,143,233
5W4T,B,Cadherin,PF00028,112,202,domain_2,F1R7G8,143,233
5W4T,A,Cadherin,PF00028,112,202,domain_2,F1R7G8,143,233
6VFT,A,Cadherin,PF00028,231,325,domain_2,O14917,248,342
6VFT,C,Cadherin,PF00028,231,325,domain_2,O14917,248,342
6VFT,B,Cadherin,PF00028,231,325,domain_2,O14917,248,342
6VFT,D,Cadherin,PF00028,231,325,domain_2,O14917,248,342
5SZQ,A,Cadherin,PF00028,429,525,domain_3,Q91XY4,456,552
5UZ8,A,Cadherin,PF00028,2384,2477,domain_12,Q99PF4,2407,2500
6VFV,A,Cadherin,PF00028,473,571,domain_1,O95206,502,600
6VG1,A,Cadherin,PF00028,436,532,domain_4,Q6GLU2,456,552
6VG1,B,Cadherin,PF00028,436,532,domain_4,Q6GLU2,456,552
5V5X,D,Cadherin,PF00028,425,521,domain_4,Q91XX3,455,551
5V5X,C,Cadherin,PF00028,425,521,domain_4,Q91XX3,455,551
5V5X,A,Cadherin,PF00028,425,521,domain_4,Q91XX3,455,551
5V5X,B,Cadherin,PF00028,425,521,domain_4,Q91XX3,455,551
6VG1,A,Cadherin,PF00028,218,311,domain_2,Q6GLU2,238,331
6VG1,B,Cadherin,PF00028,218,311,domain_2,Q6GLU2,238,331
6VFW,C,Cadherin,PF00028,238,332,domain_2,Q9P2E7,255,349
6VFW,D,Cadherin,PF00028,238,332,domain_2,Q9P2E7,255,349
6VFW,E,Cadherin,PF00028,238,332,domain_2,Q9P2E7,255,349
6VFQ,A,Cadherin,PF00028,238,332,domain_2,Q9P2E7,255,349
6VFW,B,Cadherin,PF00028,238,332,domain_2,Q9P2E7,255,349
6VFW,A,Cadherin,PF00028,238,332,domain_2,Q9P2E7,255,349
6VG4,A,Cadherin,PF00028,238,332,domain_2,Q9P2E7,255,349
5SZL,C,Cadherin,PF00028,219,310,domain_1,Q91XZ0,247,338
5SZL,D,Cadherin,PF00028,219,310,domain_1,Q91XZ0,247,338
5SZL,A,Cadherin,PF00028,219,310,domain_1,Q91XZ0,247,338
5SZL,B,Cadherin,PF00028,219,310,domain_1,Q91XZ0,247,338
6MER,A,Cadherin,PF00028,217,308,domain_2,Q9Y5G1,247,338
6MEQ,A,Cadherin,PF00028,217,308,domain_2,Q9Y5G1,247,338
6PGW,A,Cadherin,PF00028,435,530,domain_4,F8W3X3,459,554
6VFU,C,Cadherin,PF00028,222,316,domain_2,Q8TAB3,243,337
6VFU,B,Cadherin,PF00028,222,316,domain_2,Q8TAB3,243,337
6VFU,A,Cadherin,PF00028,222,316,domain_2,Q8TAB3,243,337
5TFM,A,Cadherin,PF00028,653,746,domain_2,Q9H251,676,769
5UZ8,A,Cadherin,PF00028,2278,2370,domain_11,Q99PF4,2301,2393
5SZN,A,Cadherin,PF00028,219,310,domain_2,Q91XX9,248,339
5SZR,C,Cadherin,PF00028,427,523,domain_3,Q91XX7,456,552
5SZR,A,Cadherin,PF00028,427,523,domain_3,Q91XX7,456,552
5SZR,B,Cadherin,PF00028,427,523,domain_3,Q91XX7,456,552
6VFR,A,Cadherin,PF00028,224,318,domain_2,Q9HCL0,251,345
6VFR,B,Cadherin,PF00028,224,318,domain_2,Q9HCL0,251,345
6E6B,A,Cadherin,PF00028,425,520,domain_4,Q91XX6,455,550
6E6B,B,Cadherin,PF00028,425,520,domain_4,Q91XX6,455,550
6VG4,A,Cadherin,PF00028,451,548,domain_4,Q9P2E7,468,565
6E6B,A,Cadherin,PF00028,217,306,domain_2,Q91XX6,247,336
6E6B,B,Cadherin,PF00028,217,306,domain_2,Q91XX6,247,336
5UZ8,A,Cadherin,PF00028,2491,2579,domain_13,Q99PF4,2514,2602
6N22,A,Cadherin,PF00028,131,235,domain_1,Q99PJ1,157,261
6CV7,A,Cadherin,PF00028,131,235,domain_1,Q99PJ1,157,261
6PGW,A,Cadherin,PF00028,549,639,domain_5,F8W3X3,573,663
6BXU,A,Cadherin,PF00028,493,585,domain_2,Q99PJ1,519,611
6BXU,B,Cadherin,PF00028,493,585,domain_2,Q99PJ1,519,611
5W1D,A,Cadherin,PF00028,493,585,domain_2,Q99PJ1,519,611
5T4M,B,Cadherin,PF00028,493,585,domain_2,Q96QU1,514,606
6E8F,A,Cadherin,PF00028,500,592,domain_2,Q96QU1,514,606
6E8F,B,Cadherin,PF00028,500,592,domain_2,Q96QU1,514,606
5T4N,A,Cadherin,PF00028,493,585,domain_2,Q96QU1,514,606
5T4M,A,Cadherin,PF00028,493,585,domain_2,Q96QU1,514,606
6E8F,C,Cadherin,PF00028,510,589,domain_2,Q96QU1,524,603
6VFR,A,Cadherin,PF00028,115,210,domain_1,Q9HCL0,142,237
6VFR,B,Cadherin,PF00028,115,210,domain_1,Q9HCL0,142,237
6VFW,C,Cadherin,PF00028,110,224,domain_1,Q9P2E7,127,241
6VFW,D,Cadherin,PF00028,110,224,domain_1,Q9P2E7,127,241
6VFW,E,Cadherin,PF00028,110,224,domain_1,Q9P2E7,127,241
6VFQ,A,Cadherin,PF00028,110,224,domain_1,Q9P2E7,127,241
6VFW,B,Cadherin,PF00028,110,224,domain_1,Q9P2E7,127,241
6VFW,A,Cadherin,PF00028,110,224,domain_1,Q9P2E7,127,241
6VG4,A,Cadherin,PF00028,110,224,domain_1,Q9P2E7,127,241
6VFT,A,Cadherin,PF00028,120,217,domain_1,O14917,137,234
6VFT,C,Cadherin,PF00028,120,217,domain_1,O14917,137,234
6VFT,B,Cadherin,PF00028,120,217,domain_1,O14917,137,234
6VFT,D,Cadherin,PF00028,120,217,domain_1,O14917,137,234
6CG6,A,Cadherin,PF00028,111,206,domain_2,P70408,165,260
6E6B,A,Cadherin,PF00028,108,203,domain_1,Q91XX6,138,233
6E6B,B,Cadherin,PF00028,108,203,domain_1,Q91XX6,138,233
6CGS,A,Cadherin,PF00028,111,206,domain_2,Q8BM92,158,253
6CGS,B,Cadherin,PF00028,111,206,domain_2,Q8BM92,158,253
5TFK,A,Cadherin,PF00028,2156,2261,domain_10,Q99PF4,2179,2284
5I8D,A,Cadherin,PF00028,2156,2261,domain_10,Q99PF4,2179,2284
5UN2,A,Cadherin,PF00028,2156,2261,domain_10,Q99PF4,2179,2284
5ULU,A,Cadherin,PF00028,2156,2261,domain_10,Q99PF4,2179,2284
5VVM,B,Cadherin,PF00028,2278,2370,domain_7,Q9H251,2301,2393
5VVM,A,Cadherin,PF00028,2278,2370,domain_7,Q9H251,2301,2393
6VG1,A,Cadherin,PF00028,108,203,domain_1,Q6GLU2,128,223
6VG1,B,Cadherin,PF00028,108,203,domain_1,Q6GLU2,128,223
6CXY,C,Cadherin,PF00028,113,212,domain_2,P12830,267,366
6VEL,C,Cadherin,PF00028,214,313,domain_2,P12830,267,366
6VFU,C,Cadherin,PF00028,113,208,domain_1,Q8TAB3,134,229
6VFU,B,Cadherin,PF00028,113,208,domain_1,Q8TAB3,134,229
6VFU,A,Cadherin,PF00028,113,208,domain_1,Q8TAB3,134,229
5EQX,A,Cadherin,PF00028,113,209,domain_2,P32926,162,258
5IRY,A,Cadherin,PF00028,113,211,domain_2,Q08554,247,345
5IRY,B,Cadherin,PF00028,113,211,domain_2,Q08554,247,345
7JGZ,A,Cadherin,PF00028,109,204,domain_1,Q91XX0,141,236
4ZMT,F,Cadherin,PF00028,113,209,domain_2,P22223,220,316
4ZMT,A,Cadherin,PF00028,113,212,domain_2,P22223,220,319
7CMF,A,Cadherin,PF00028,113,212,domain_2,P22223,220,319
4ZML,A,Cadherin,PF00028,113,212,domain_2,P22223,220,319
6ZTR,J,Cadherin,PF00028,220,319,domain_2,P22223,220,319
5JYM,C,Cadherin,PF00028,113,212,domain_2,P22223,220,319
4ZMV,A,Cadherin,PF00028,113,212,domain_2,P22223,220,319
7CME,A,Cadherin,PF00028,113,212,domain_2,P22223,220,319
4ZMP,A,Cadherin,PF00028,113,212,domain_2,P22223,220,319
5JYM,A,Cadherin,PF00028,113,212,domain_2,P22223,220,319
6ZTB,I,Cadherin,PF00028,220,319,domain_2,P22223,220,319
6ZTR,I,Cadherin,PF00028,220,319,domain_2,P22223,220,319
4ZMO,A,Cadherin,PF00028,113,212,domain_2,P22223,220,319
4ZMZ,A,Cadherin,PF00028,113,212,domain_2,P22223,220,319
4ZMX,B,Cadherin,PF00028,113,212,domain_2,P22223,220,319
4ZMN,A,Cadherin,PF00028,113,212,domain_2,P22223,220,319
4ZMW,A,Cadherin,PF00028,113,212,domain_2,P22223,220,319
7CME,B,Cadherin,PF00028,113,212,domain_2,P22223,220,319
4ZMT,B,Cadherin,PF00028,113,212,domain_2,P22223,220,319
4ZMT,E,Cadherin,PF00028,113,212,domain_2,P22223,220,319
6VG4,A,Cadherin,PF00028,572,662,domain_5,Q9P2E7,589,679
6BXU,A,Cadherin,PF00028,702,789,domain_4,Q99PJ1,728,815
6BXU,B,Cadherin,PF00028,702,789,domain_4,Q99PJ1,728,815
5W1D,A,Cadherin,PF00028,702,789,domain_4,Q99PJ1,728,815
6VFU,C,Cadherin,PF00028,333,423,domain_3,Q8TAB3,354,444
6VFU,A,Cadherin,PF00028,333,423,domain_3,Q8TAB3,354,444
6VFU,B,Cadherin,PF00028,334,423,domain_3,Q8TAB3,355,444
6CGU,A,Cadherin,PF00028,111,206,domain_2,P97326,164,259
6CGU,D,Cadherin,PF00028,111,206,domain_2,P97326,164,259
6CGU,C,Cadherin,PF00028,111,206,domain_2,P97326,164,259
6CGB,A,Cadherin,PF00028,111,206,domain_2,P97326,164,259
6CGU,B,Cadherin,PF00028,111,206,domain_2,P97326,164,259
7A7D,e,Cadherin,PF00028,4048,4146,domain_2,Q02487,248,346
7A7D,c,Cadherin,PF00028,4048,4146,domain_2,Q02487,248,346
7A7D,b,Cadherin,PF00028,3491,3589,domain_2,Q02487,248,346
5ERP,A,Cadherin,PF00028,113,211,domain_2,Q02487,248,346
5ERP,B,Cadherin,PF00028,113,211,domain_2,Q02487,248,346
7A7D,f,Cadherin,PF00028,3491,3589,domain_2,Q02487,248,346
7A7D,g,Cadherin,PF00028,2377,2475,domain_2,Q02487,248,346
7A7D,a,Cadherin,PF00028,2377,2475,domain_2,Q02487,248,346
7A7D,d,Cadherin,PF00028,2934,3032,domain_2,Q02487,248,346
6VFV,A,Cadherin,PF00028,590,682,domain_2,O95206,619,711
6MER,A,Cadherin,PF00028,108,203,domain_1,Q9Y5G1,138,233
6MEQ,A,Cadherin,PF00028,108,203,domain_1,Q9Y5G1,138,233
6VG1,A,Cadherin,PF00028,332,422,domain_3,Q6GLU2,352,442
6VG1,B,Cadherin,PF00028,332,422,domain_3,Q6GLU2,352,442
4XHZ,A,Cadherin,PF00028,910,1006,domain_4,Q96QU1,931,1027
5SZQ,A,Cadherin,PF00028,550,637,domain_4,Q91XY4,577,664
6ULM,A,Cadherin,PF00028,109,213,domain_1,Q12864,131,235
7EV1,B,Cadherin,PF00028,131,235,domain_1,Q12864,131,235
7CYM,A,Cadherin,PF00028,131,235,domain_1,Q12864,131,235
7EV1,A,Cadherin,PF00028,131,235,domain_1,Q12864,131,235
6ULM,B,Cadherin,PF00028,109,213,domain_1,Q12864,131,235
7CYM,B,Cadherin,PF00028,131,235,domain_1,Q12864,131,235
5TFM,A,Cadherin,PF00028,760,856,domain_3,Q9H251,783,879
5SZR,C,Cadherin,PF00028,217,308,domain_1,Q91XX7,246,337
5SZR,A,Cadherin,PF00028,217,308,domain_1,Q91XX7,246,337
5SZR,B,Cadherin,PF00028,217,308,domain_1,Q91XX7,246,337
6N2E,C,Cadherin,PF00028,114,198,domain_2,Q99PF4,137,221
6N2E,D,Cadherin,PF00028,114,198,domain_2,Q99PF4,137,221
4XHZ,A,Cadherin,PF00028,803,896,domain_3,Q96QU1,824,917
7AGF,D,Cadherin,PF00028,115,214,domain_1,Q14126,164,263
6QNU,D,Cadherin,PF00028,115,214,domain_1,Q14126,164,263
7AGF,E,Cadherin,PF00028,115,214,domain_1,Q14126,164,263
5ERD,B,Cadherin,PF00028,115,214,domain_1,Q14126,164,263
6SIT,D,Cadherin,PF00028,115,214,domain_1,Q14126,164,263
7A7D,F,Cadherin,PF00028,1247,1346,domain_1,Q14126,164,263
6QNU,E,Cadherin,PF00028,115,214,domain_1,Q14126,164,263
7A7D,A,Cadherin,PF00028,115,214,domain_1,Q14126,164,263
7AGG,F,Cadherin,PF00028,115,214,domain_1,Q14126,164,263
7A7D,E,Cadherin,PF00028,1813,1912,domain_1,Q14126,164,263
7A7D,D,Cadherin,PF00028,1247,1346,domain_1,Q14126,164,263
7A7D,B,Cadherin,PF00028,1813,1912,domain_1,Q14126,164,263
7A7D,C,Cadherin,PF00028,681,780,domain_1,Q14126,164,263
7A7D,G,Cadherin,PF00028,681,780,domain_1,Q14126,164,263
6QNT,D,Cadherin,PF00028,115,214,domain_1,Q14126,164,263
7AGF,F,Cadherin,PF00028,115,214,domain_1,Q14126,164,263
5ERD,A,Cadherin,PF00028,115,214,domain_1,Q14126,164,263
7AGG,D,Cadherin,PF00028,115,214,domain_1,Q14126,164,263
5J5J,A,Cadherin,PF00028,113,212,domain_1,Q14126,164,263
6MGA,A,Cadherin,PF00028,116,214,domain_1,Q08174,173,271
6VFP,A,Cadherin,PF00028,116,214,domain_1,Q08174,173,271
6PGW,A,Cadherin,PF00028,220,314,domain_2,F8W3X3,244,338
6BXU,A,Cadherin,PF00028,600,687,domain_3,Q99PJ1,626,713
6BWN,A,Cadherin,PF00028,600,687,domain_3,Q99PJ1,626,713
6BXU,B,Cadherin,PF00028,600,687,domain_3,Q99PJ1,626,713
5W1D,A,Cadherin,PF00028,600,687,domain_3,Q99PJ1,626,713
5SZQ,A,Cadherin,PF00028,219,310,domain_1,Q91XY4,246,337
5V5X,D,Cadherin,PF00028,321,411,domain_3,Q91XX3,351,441
5V5X,C,Cadherin,PF00028,321,411,domain_3,Q91XX3,351,441
5V5X,A,Cadherin,PF00028,321,411,domain_3,Q91XX3,351,441
5V5X,B,Cadherin,PF00028,321,411,domain_3,Q91XX3,351,441
7CYM,A,Cadherin,PF00028,345,440,domain_3,Q12864,345,440
7CYM,B,Cadherin,PF00028,345,440,domain_3,Q12864,345,440
6E6B,A,Cadherin,PF00028,545,631,domain_5,Q91XX6,575,661
6E6B,B,Cadherin,PF00028,545,631,domain_5,Q91XX6,575,661
2A62,A,Cadherin,PF00028,111,206,domain_2,P97291,172,267
6VG1,A,Cadherin,PF00028,551,641,domain_5,Q6GLU2,571,661
6VG1,B,Cadherin,PF00028,551,641,domain_5,Q6GLU2,571,661
7N86,C,Cadherin,PF00028,109,205,domain_2,Q9BYE9,129,225
7N86,D,Cadherin,PF00028,109,205,domain_2,Q9BYE9,129,225
7N86,A,Cadherin,PF00028,109,205,domain_2,Q9BYE9,129,225
7N86,B,Cadherin,PF00028,109,205,domain_2,Q9BYE9,129,225
6E6B,A,Cadherin,PF00028,323,411,domain_3,Q91XX6,353,441
6E6B,B,Cadherin,PF00028,323,411,domain_3,Q91XX6,353,441
6CG7,A,Cadherin,PF00028,111,206,domain_2,Q9WTP5,170,265
6CG7,B,Cadherin,PF00028,111,206,domain_2,Q9WTP5,170,265
5SZR,C,Cadherin,PF00028,323,413,domain_2,Q91XX7,352,442
5SZR,A,Cadherin,PF00028,323,413,domain_2,Q91XX7,352,442
5SZR,B,Cadherin,PF00028,323,413,domain_2,Q91XX7,352,442
6MER,A,Cadherin,PF00028,322,413,domain_3,Q9Y5G1,352,443
6MEQ,A,Cadherin,PF00028,322,413,domain_3,Q9Y5G1,352,443
5V5X,D,Cadherin,PF00028,545,631,domain_5,Q91XX3,575,661
5V5X,C,Cadherin,PF00028,545,631,domain_5,Q91XX3,575,661
5V5X,A,Cadherin,PF00028,545,631,domain_5,Q91XX3,575,661
5V5X,B,Cadherin,PF00028,545,631,domain_5,Q91XX3,575,661
5TFL,B,Cadherin,PF00028,653,746,domain_3,Q99PF4,676,769
5TFL,A,Cadherin,PF00028,653,746,domain_3,Q99PF4,676,769
5VVM,B,Cadherin,PF00028,2156,2261,domain_6,Q9H251,2179,2284
5VVM,A,Cadherin,PF00028,2156,2261,domain_6,Q9H251,2179,2284
6C13,A,Cadherin,PF00028,936,1032,domain_6,Q99PJ1,936,1032
6EET,A,Cadherin,PF00028,910,1006,domain_6,Q99PJ1,936,1032
6C13,B,Cadherin,PF00028,936,1032,domain_6,Q99PJ1,936,1032
7A7D,e,Cadherin,PF00028,4160,4263,domain_3,Q02487,360,463
7A7D,c,Cadherin,PF00028,4160,4263,domain_3,Q02487,360,463
7A7D,b,Cadherin,PF00028,3603,3706,domain_3,Q02487,360,463
5ERP,A,Cadherin,PF00028,225,328,domain_3,Q02487,360,463
5ERP,B,Cadherin,PF00028,225,328,domain_3,Q02487,360,463
7A7D,f,Cadherin,PF00028,3603,3706,domain_3,Q02487,360,463
7A7D,g,Cadherin,PF00028,2489,2592,domain_3,Q02487,360,463
7A7D,a,Cadherin,PF00028,2489,2592,domain_3,Q02487,360,463
7A7D,d,Cadherin,PF00028,3046,3149,domain_3,Q02487,360,463
7CMF,A,Cadherin,PF00028,5,99,domain_1,P22223,112,206
6ZTR,J,Cadherin,PF00028,112,206,domain_1,P22223,112,206
7CME,A,Cadherin,PF00028,5,99,domain_1,P22223,112,206
6ZTB,I,Cadherin,PF00028,112,206,domain_1,P22223,112,206
6ZTR,I,Cadherin,PF00028,112,206,domain_1,P22223,112,206
7CME,B,Cadherin,PF00028,5,99,domain_1,P22223,112,206
5IRY,A,Cadherin,PF00028,225,329,domain_3,Q08554,359,463
5IRY,B,Cadherin,PF00028,225,329,domain_3,Q08554,359,463
6PGW,A,Cadherin,PF00028,331,421,domain_3,F8W3X3,355,445
5TFM,A,Cadherin,PF00028,543,639,domain_1,Q9H251,566,662
5W4T,D,Cadherin,PF00028,216,312,domain_3,F1R7G8,247,343
5W4T,C,Cadherin,PF00028,216,312,domain_3,F1R7G8,247,343
5W4T,B,Cadherin,PF00028,216,312,domain_3,F1R7G8,247,343
5W4T,A,Cadherin,PF00028,216,312,domain_3,F1R7G8,247,343
5ULY,A,Cadherin,PF00028,131,235,domain_1,Q96QU1,152,256
6N2E,A,Cadherin,PF00028,131,235,domain_1,Q96QU1,152,256
6EB5,A,Cadherin,PF00028,131,235,domain_1,Q96QU1,152,256
5ULY,C,Cadherin,PF00028,131,235,domain_1,Q96QU1,152,256
6EB5,B,Cadherin,PF00028,131,235,domain_1,Q96QU1,152,256
5ULY,D,Cadherin,PF00028,131,235,domain_1,Q96QU1,152,256
6MFO,A,Cadherin,PF00028,131,235,domain_1,Q96QU1,152,256
5ULY,B,Cadherin,PF00028,131,235,domain_1,Q96QU1,152,256
6N2E,B,Cadherin,PF00028,131,235,domain_1,Q96QU1,152,256
6C13,A,Cadherin,PF00028,1049,1140,domain_7,Q99PJ1,1049,1140
6EET,A,Cadherin,PF00028,1023,1114,domain_7,Q99PJ1,1049,1140
6C13,B,Cadherin,PF00028,1049,1140,domain_7,Q99PJ1,1049,1140
5IRY,A,Cadherin,PF00028,5,99,domain_1,Q08554,139,233
5IRY,B,Cadherin,PF00028,5,99,domain_1,Q08554,139,233
7A7D,e,Cadherin,PF00028,3940,4034,domain_1,Q02487,140,234
7A7D,c,Cadherin,PF00028,3940,4034,domain_1,Q02487,140,234
7A7D,b,Cadherin,PF00028,3383,3477,domain_1,Q02487,140,234
7A7D,f,Cadherin,PF00028,3383,3477,domain_1,Q02487,140,234
7A7D,g,Cadherin,PF00028,2269,2363,domain_1,Q02487,140,234
7A7D,a,Cadherin,PF00028,2269,2363,domain_1,Q02487,140,234
5J5J,A,Cadherin,PF00028,5,99,domain_1,Q02487,140,234
7A7D,d,Cadherin,PF00028,2826,2920,domain_1,Q02487,140,234
4XHZ,A,Cadherin,PF00028,1023,1114,domain_5,Q96QU1,1044,1135
5V5X,D,Cadherin,PF00028,217,306,domain_2,Q91XX3,247,336
5V5X,C,Cadherin,PF00028,217,306,domain_2,Q91XX3,247,336
5V5X,A,Cadherin,PF00028,217,306,domain_2,Q91XX3,247,336
5V5X,B,Cadherin,PF00028,217,306,domain_2,Q91XX3,247,336
5W4T,D,Cadherin,PF00028,14,97,domain_1,F1R7G8,45,128
5W4T,C,Cadherin,PF00028,14,97,domain_1,F1R7G8,45,128
5W4T,B,Cadherin,PF00028,14,97,domain_1,F1R7G8,45,128
5W4T,A,Cadherin,PF00028,14,97,domain_1,F1R7G8,45,128
5SZR,C,Cadherin,PF00028,548,633,domain_4,Q91XX7,577,662
5SZR,A,Cadherin,PF00028,548,633,domain_4,Q91XX7,577,662
5SZR,B,Cadherin,PF00028,548,633,domain_4,Q91XX7,577,662
6C10,A,Cadherin,PF00028,1154,1248,domain_8,Q99PJ1,1154,1248
6C14,A,Cadherin,PF00028,1154,1248,domain_8,Q99PJ1,1154,1248
6C13,A,Cadherin,PF00028,1154,1248,domain_8,Q99PJ1,1154,1248
6EET,A,Cadherin,PF00028,1128,1222,domain_8,Q99PJ1,1154,1248
6C14,C,Cadherin,PF00028,1154,1248,domain_8,Q99PJ1,1154,1248
6C13,B,Cadherin,PF00028,1154,1248,domain_8,Q99PJ1,1154,1248
5VEB,Y,Cadherin,PF00028,492,589,domain_1,P55285,492,589
5VEB,X,Cadherin,PF00028,494,589,domain_1,P55285,494,589
6N2E,C,Cadherin,PF00028,16,99,domain_1,Q99PF4,39,122
6N2E,D,Cadherin,PF00028,16,99,domain_1,Q99PF4,39,122
2A62,A,Cadherin,PF00028,220,322,domain_3,P97291,281,383
6VEL,C,Cadherin,PF00028,106,200,domain_1,P12830,159,253
6MGA,A,Cadherin,PF00028,344,439,domain_3,Q08174,401,496
6VFP,A,Cadherin,PF00028,344,440,domain_3,Q08174,401,497
6PIM,A,Cadherin,PF00028,350,438,domain_3,Q08174,407,495
5SZL,B,Cadherin,PF00028,325,413,domain_2,Q91XZ0,353,441
5SZL,A,Cadherin,PF00028,325,414,domain_2,Q91XZ0,353,442
5SZL,C,Cadherin,PF00028,325,415,domain_2,Q91XZ0,353,443
5SZL,D,Cadherin,PF00028,325,415,domain_2,Q91XZ0,353,443
7N86,C,Cadherin,PF00028,11,95,domain_1,Q9BYE9,31,115
7N86,D,Cadherin,PF00028,11,95,domain_1,Q9BYE9,31,115
7N86,A,Cadherin,PF00028,11,95,domain_1,Q9BYE9,31,115
7N86,B,Cadherin,PF00028,11,95,domain_1,Q9BYE9,31,115
7JGZ,A,Cadherin,PF00028,326,417,domain_3,Q91XX0,358,449
5VVM,B,Cadherin,PF00028,2384,2473,domain_8,Q9H251,2407,2496
5VVM,A,Cadherin,PF00028,2384,2473,domain_8,Q9H251,2407,2496
2A62,A,Cadherin,PF00028,6,97,domain_1,P97291,67,158
6VFW,C,Cadherin,PF00028,347,437,domain_3,Q9P2E7,364,454
6VFW,D,Cadherin,PF00028,347,437,domain_3,Q9P2E7,364,454
6VFW,E,Cadherin,PF00028,347,437,domain_3,Q9P2E7,364,454
6VFQ,A,Cadherin,PF00028,347,437,domain_3,Q9P2E7,364,454
6VFW,B,Cadherin,PF00028,347,437,domain_3,Q9P2E7,364,454
6VFW,A,Cadherin,PF00028,347,437,domain_3,Q9P2E7,364,454
6VG4,A,Cadherin,PF00028,347,437,domain_3,Q9P2E7,364,454
6VFR,A,Cadherin,PF00028,340,428,domain_3,Q9HCL0,367,455
6VFR,B,Cadherin,PF00028,340,428,domain_3,Q9HCL0,367,455
5EQX,A,Cadherin,PF00028,223,326,domain_3,P32926,272,375
5EQX,A,Cadherin,PF00028,8,99,domain_1,P32926,57,148
7A7D,e,Cadherin,PF00028,4276,4368,domain_4,Q02487,476,568
7A7D,c,Cadherin,PF00028,4276,4368,domain_4,Q02487,476,568
7A7D,b,Cadherin,PF00028,3719,3811,domain_4,Q02487,476,568
5ERP,A,Cadherin,PF00028,341,433,domain_4,Q02487,476,568
5ERP,B,Cadherin,PF00028,341,433,domain_4,Q02487,476,568
7A7D,f,Cadherin,PF00028,3719,3811,domain_4,Q02487,476,568
7A7D,g,Cadherin,PF00028,2605,2697,domain_4,Q02487,476,568
7A7D,a,Cadherin,PF00028,2605,2697,domain_4,Q02487,476,568
7A7D,d,Cadherin,PF00028,3162,3254,domain_4,Q02487,476,568
5IRY,A,Cadherin,PF00028,342,434,domain_4,Q08554,476,568
5IRY,B,Cadherin,PF00028,342,434,domain_4,Q08554,476,568
7CYM,A,Cadherin,PF00028,243,331,domain_2,Q12864,243,331
7CYM,B,Cadherin,PF00028,243,331,domain_2,Q12864,243,331
5ERD,B,Cadherin,PF00028,347,441,domain_3,Q14126,396,490
7A7D,F,Cadherin,PF00028,1479,1573,domain_3,Q14126,396,490
7A7D,A,Cadherin,PF00028,347,441,domain_3,Q14126,396,490
7A7D,E,Cadherin,PF00028,2045,2139,domain_3,Q14126,396,490
7A7D,D,Cadherin,PF00028,1479,1573,domain_3,Q14126,396,490
7A7D,B,Cadherin,PF00028,2045,2139,domain_3,Q14126,396,490
7A7D,C,Cadherin,PF00028,913,1007,domain_3,Q14126,396,490
7A7D,G,Cadherin,PF00028,913,1007,domain_3,Q14126,396,490
5ERD,A,Cadherin,PF00028,347,441,domain_3,Q14126,396,490
5J5J,A,Cadherin,PF00028,345,439,domain_3,Q14126,396,490
6VFT,A,Cadherin,PF00028,340,446,domain_3,O14917,357,463
6VFT,C,Cadherin,PF00028,340,446,domain_3,O14917,357,463
6VFT,B,Cadherin,PF00028,340,446,domain_3,O14917,357,463
6VFT,D,Cadherin,PF00028,340,446,domain_3,O14917,357,463
6C13,A,Cadherin,PF00028,829,922,domain_5,Q99PJ1,829,922
6C13,B,Cadherin,PF00028,829,922,domain_5,Q99PJ1,829,922
5SZQ,A,Cadherin,PF00028,324,415,domain_2,Q91XY4,351,442
7AGF,D,Cadherin,PF00028,229,329,domain_2,Q14126,278,378
6QNU,D,Cadherin,PF00028,229,329,domain_2,Q14126,278,378
7AGF,E,Cadherin,PF00028,229,329,domain_2,Q14126,278,378
5ERD,B,Cadherin,PF00028,229,329,domain_2,Q14126,278,378
6SIT,D,Cadherin,PF00028,229,329,domain_2,Q14126,278,378
7A7D,F,Cadherin,PF00028,1361,1461,domain_2,Q14126,278,378
6QNU,E,Cadherin,PF00028,229,329,domain_2,Q14126,278,378
7A7D,A,Cadherin,PF00028,229,329,domain_2,Q14126,278,378
7AGG,F,Cadherin,PF00028,229,329,domain_2,Q14126,278,378
7A7D,E,Cadherin,PF00028,1927,2027,domain_2,Q14126,278,378
7A7D,D,Cadherin,PF00028,1361,1461,domain_2,Q14126,278,378
7A7D,B,Cadherin,PF00028,1927,2027,domain_2,Q14126,278,378
7A7D,C,Cadherin,PF00028,795,895,domain_2,Q14126,278,378
7A7D,G,Cadherin,PF00028,795,895,domain_2,Q14126,278,378
6QNT,D,Cadherin,PF00028,229,329,domain_2,Q14126,278,378
7AGF,F,Cadherin,PF00028,229,329,domain_2,Q14126,278,378
5ERD,A,Cadherin,PF00028,229,329,domain_2,Q14126,278,378
7AGG,D,Cadherin,PF00028,229,329,domain_2,Q14126,278,378
5J5J,A,Cadherin,PF00028,227,327,domain_2,Q14126,278,378
6GL7,F,Cadherin,PF00028,172,262,domain_1,P07949,172,262
6Q2O,E,Cadherin,PF00028,172,262,domain_1,P07949,172,262
6Q2N,F,Cadherin,PF00028,172,262,domain_1,P07949,172,262
6Q2O,F,Cadherin,PF00028,172,262,domain_1,P07949,172,262
6GL7,E,Cadherin,PF00028,172,262,domain_1,P07949,172,262
6Q2R,F,Cadherin,PF00028,172,262,domain_1,P07949,172,262
6Q2J,E,Cadherin,PF00028,172,262,domain_1,P07949,172,262
6Q2S,E,Cadherin,PF00028,172,262,domain_1,P07949,172,262
6Q2R,Z,Cadherin,PF00028,172,262,domain_1,P07949,172,262
6Q2J,F,Cadherin,PF00028,172,262,domain_1,P07949,172,262
6Q2S,F,Cadherin,PF00028,172,262,domain_1,P07949,172,262
4UX8,A,Cadherin,PF00028,172,262,domain_1,P07949,172,262
6Q2R,Y,Cadherin,PF00028,172,262,domain_1,P07949,172,262
6Q2N,E,Cadherin,PF00028,172,262,domain_1,P07949,172,262
6Q2R,E,Cadherin,PF00028,172,262,domain_1,P07949,172,262
4UX8,B,Cadherin,PF00028,172,262,domain_1,P07949,172,262
