#Query In,#Target In,#Query chain,#Target chain,#Query Out,#Target Out,#Kscore,#Gscore,#Jscore,#Mscore,#Tscore,#Nquery,#Ntarget,#Nsegments,#Ncolumns,#Ncover,#Naligned,#Nmatched,#Nanchor,#Nidentity,#RMSD-aligned,#RMSD-matched,#RMSD-anchor,#MaxDist,#Contact
core_avgStruct,PF12171_avgStruct,A,A,core_avgStruct_query.pdb,PF12171_avgStruct_core_avgStruct.pdb,18.70,23.03,0.3485,0.5806,0.5704,43,67,1,74,50,36,36,22,7(19.44!),2.66,2.66,0.93,6.84,7.00
core_avgStruct,PF13909_avgStruct,A,A,core_avgStruct_query.pdb,PF13909_avgStruct_core_avgStruct.pdb,15.85,21.45,0.4653,0.8213,0.7519,43,27,1,46,25,24,24,22,11(45.83!),1.40,1.40,0.77,5.81,7.00
core_avgStruct,PF18387_avgStruct,A,A,core_avgStruct_query.pdb,PF18387_avgStruct_core_avgStruct.pdb,17.36,20.87,0.2807,0.5325,0.4977,43,89,1,104,57,28,28,21,5(17.86!),1.83,1.83,1.02,4.36,7.00
core_avgStruct,PF13912_avgStruct,A,A,core_avgStruct_query.pdb,PF13912_avgStruct_core_avgStruct.pdb,17.52,20.18,0.3705,0.5014,0.4779,43,52,1,69,38,26,26,22,10(38.46!),1.84,1.84,1.17,4.91,7.00
core_avgStruct,PF09237_avgStruct,A,A,core_avgStruct_query.pdb,PF09237_avgStruct_core_avgStruct.pdb,13.20,19.72,0.2738,0.4984,0.4643,43,54,1,71,39,26,26,22,7(26.92!),1.98,1.98,1.23,5.93,7.00
core_avgStruct,PF18450_avgStruct,A,A,core_avgStruct_query.pdb,PF18450_avgStruct_core_avgStruct.pdb,14.91,19.69,0.4642,0.8542,0.7584,43,24,1,45,24,22,22,21,4(18.18!),1.10,1.10,0.77,3.76,7.00
core_avgStruct,PF09003_avgStruct,A,A,core_avgStruct_query.pdb,PF09003_avgStruct_core_avgStruct.pdb,15.00,18.97,0.3003,0.4950,0.4559,43,58,1,73,43,28,28,20,1(3.57!),2.14,2.14,1.38,4.80,7.00
core_avgStruct,PF18279_avgStruct,A,B,core_avgStruct_query.pdb,PF18279_avgStruct_core_avgStruct.pdb,13.40,18.71,0.3505,0.5923,0.5301,43,34,1,54,34,23,23,21,4(17.39!),1.49,1.49,1.22,4.38,7.00
core_avgStruct,PF10426_avgStruct,A,A,core_avgStruct_query.pdb,PF10426_avgStruct_core_avgStruct.pdb,11.62,17.13,0.3234,0.6364,0.5221,43,30,1,50,28,23,23,21,5(21.74!),1.87,1.87,1.48,5.61,7.00
core_avgStruct,PF08209_avgStruct,A,A,core_avgStruct_query.pdb,PF08209_avgStruct_core_avgStruct.pdb,12.02,16.58,0.3528,0.6785,0.5547,43,27,1,48,27,22,22,21,6(27.27!),1.73,1.73,1.50,4.35,7.00
core_avgStruct,PF12874_avgStruct,A,A,core_avgStruct_query.pdb,PF12874_avgStruct_core_avgStruct.pdb,14.62,16.15,0.3062,0.4306,0.3946,43,53,1,70,38,26,26,21,6(23.08!),2.49,2.49,1.70,6.09,7.00
core_avgStruct,PF00643_avgStruct,A,A,core_avgStruct_query.pdb,PF00643_avgStruct_core_avgStruct.pdb,12.57,11.76,0.2796,0.3284,0.3155,43,47,1,64,52,26,26,8,3(11.54!),3.15,3.15,1.63,5.51,7.00
core_avgStruct,PF02920_avgStruct,A,A,core_avgStruct_query.pdb,PF02920_avgStruct_core_avgStruct.pdb,12.03,10.66,0.2146,0.2934,0.2707,43,73,1,96,64,20,20,10,1(5.00!),2.91,2.91,1.54,5.76,7.00
core_avgStruct,PF07716_avgStruct,A,A,core_avgStruct_query.pdb,PF07716_avgStruct_core_avgStruct.pdb,6.62,9.56,0.1349,0.2377,0.2240,43,56,1,87,13,12,12,10,2(16.67!),1.67,1.67,1.08,4.49,7.00
