PDB_id,Chain_id,Domain,Family_id,PDB_start,PDB_end,Domain_pos,UNP_id,UNP_start,UNP_end
5WJQ,D,zf-C2H2,PF00096,559,581,domain_7,E9PYI1,559,581
5V3J,F,zf-C2H2,PF00096,559,581,domain_7,E9PYI1,559,581
5V3J,E,zf-C2H2,PF00096,559,581,domain_7,E9PYI1,559,581
5V3M,C,zf-C2H2,PF00096,559,581,domain_7,E9PYI1,559,581
2I13,B,zf-C2H2,PF00096,134,156,domain_6,Q07230,334,356
5WJQ,D,zf-C2H2,PF00096,615,637,domain_9,E9PYI1,615,637
5V3J,F,zf-C2H2,PF00096,615,637,domain_9,E9PYI1,615,637
5V3J,E,zf-C2H2,PF00096,615,637,domain_9,E9PYI1,615,637
5V3M,C,zf-C2H2,PF00096,615,637,domain_9,E9PYI1,615,637
2I13,B,zf-C2H2,PF00096,50,72,domain_3,Q07230,250,272
5WJQ,D,zf-C2H2,PF00096,419,441,domain_3,E9PYI1,419,441
5V3J,F,zf-C2H2,PF00096,419,441,domain_3,E9PYI1,419,441
5V3J,E,zf-C2H2,PF00096,419,441,domain_3,E9PYI1,419,441
5V3M,C,zf-C2H2,PF00096,419,441,domain_3,E9PYI1,419,441
5V3G,D,zf-C2H2,PF00096,803,825,domain_4,D9IWL3,388,410
5V3G,A,zf-C2H2,PF00096,803,825,domain_4,D9IWL3,388,410
6ML6,A,zf-C2H2,PF00096,377,399,domain_1,Q80X44,377,399
6ML7,A,zf-C2H2,PF00096,377,399,domain_1,Q80X44,377,399
6ML5,A,zf-C2H2,PF00096,377,399,domain_1,Q80X44,377,399
6ML4,A,zf-C2H2,PF00096,377,399,domain_1,Q80X44,377,399
6ML2,A,zf-C2H2,PF00096,377,399,domain_1,Q80X44,377,399
6ML6,A,zf-C2H2,PF00096,489,511,domain_3,Q80X44,489,511
6ML7,A,zf-C2H2,PF00096,489,511,domain_3,Q80X44,489,511
6ML5,A,zf-C2H2,PF00096,489,511,domain_3,Q80X44,489,511
6ML4,A,zf-C2H2,PF00096,489,511,domain_3,Q80X44,489,511
6ML2,A,zf-C2H2,PF00096,489,511,domain_3,Q80X44,489,511
6ML3,A,zf-C2H2,PF00096,489,511,domain_3,Q80X44,489,511
6E93,A,zf-C2H2,PF00096,1038,1060,domain_1,Q8NAP3,1038,1060
6E94,A,zf-C2H2,PF00096,1038,1060,domain_1,Q8NAP3,1038,1060
2EOP,A,zf-C2H2,PF00096,13,35,domain_15,Q14587,724,746
2ELS,A,zf-C2H2,PF00096,10,32,domain_1,Q9P243,271,293
2RSJ,A,zf-C2H2,PF00096,10,32,domain_1,Q9P243,271,293
2RUT,A,zf-C2H2,PF00096,10,32,domain_1,Q9P243,271,293
2RV6,A,zf-C2H2,PF00096,10,32,domain_1,Q9P243,271,293
5EI9,F,zf-C2H2,PF00096,747,769,domain_2,Q9NQV7,748,770
5EH2,E,zf-C2H2,PF00096,747,769,domain_2,Q9NQV7,748,770
5EI9,E,zf-C2H2,PF00096,747,769,domain_2,Q9NQV7,748,770
5EH2,F,zf-C2H2,PF00096,747,769,domain_2,Q9NQV7,748,770
5EGB,A,zf-C2H2,PF00096,747,769,domain_2,Q9NQV7,748,770
2WBS,A,zf-C2H2,PF00096,460,482,domain_3,Q60793,460,482
5KE7,A,zf-C2H2,PF00096,460,482,domain_3,Q60793,460,482
5KE8,A,zf-C2H2,PF00096,460,482,domain_3,Q60793,460,482
5KE6,A,zf-C2H2,PF00096,460,482,domain_3,Q60793,460,482
5KE9,A,zf-C2H2,PF00096,460,482,domain_3,Q60793,460,482
5KEB,A,zf-C2H2,PF00096,460,482,domain_3,Q60793,460,482
5KEA,A,zf-C2H2,PF00096,460,482,domain_3,Q60793,460,482
4M9E,A,zf-C2H2,PF00096,460,482,domain_3,Q60793,460,482
2I13,B,zf-C2H2,PF00096,106,128,domain_5,Q07230,306,328
5V3G,D,zf-C2H2,PF00096,747,769,domain_2,D9IWL3,332,354
5V3G,A,zf-C2H2,PF00096,747,769,domain_2,D9IWL3,332,354
6WMI,A,zf-C2H2,PF00096,279,303,domain_2,Q86VK4,279,303
6WMI,D,zf-C2H2,PF00096,279,303,domain_2,Q86VK4,279,303
5WJQ,D,zf-C2H2,PF00096,447,469,domain_4,E9PYI1,447,469
5V3J,F,zf-C2H2,PF00096,447,469,domain_4,E9PYI1,447,469
5V3J,E,zf-C2H2,PF00096,447,469,domain_4,E9PYI1,447,469
5V3M,C,zf-C2H2,PF00096,447,469,domain_4,E9PYI1,447,469
5V3G,D,zf-C2H2,PF00096,775,797,domain_3,D9IWL3,360,382
5V3G,A,zf-C2H2,PF00096,775,797,domain_3,D9IWL3,360,382
5KE7,A,zf-C2H2,PF00096,400,424,domain_1,Q60793,400,424
5KE8,A,zf-C2H2,PF00096,400,424,domain_1,Q60793,400,424
5KE6,A,zf-C2H2,PF00096,400,424,domain_1,Q60793,400,424
5KE9,A,zf-C2H2,PF00096,400,424,domain_1,Q60793,400,424
5KEB,A,zf-C2H2,PF00096,400,424,domain_1,Q60793,400,424
5KEA,A,zf-C2H2,PF00096,400,424,domain_1,Q60793,400,424
4M9E,A,zf-C2H2,PF00096,400,424,domain_1,Q60793,400,424
6ML6,A,zf-C2H2,PF00096,433,455,domain_2,Q80X44,433,455
6ML7,A,zf-C2H2,PF00096,433,455,domain_2,Q80X44,433,455
6ML5,A,zf-C2H2,PF00096,433,455,domain_2,Q80X44,433,455
6ML4,A,zf-C2H2,PF00096,433,455,domain_2,Q80X44,433,455
6ML2,A,zf-C2H2,PF00096,433,455,domain_2,Q80X44,433,455
6ML3,A,zf-C2H2,PF00096,433,455,domain_2,Q80X44,433,455
3W5K,B,zf-C2H2,PF00096,208,230,domain_2,O95863,208,230
5EI9,F,zf-C2H2,PF00096,803,825,domain_4,Q9NQV7,804,826
5EH2,E,zf-C2H2,PF00096,803,825,domain_4,Q9NQV7,804,826
5EI9,E,zf-C2H2,PF00096,803,825,domain_4,Q9NQV7,804,826
5EH2,F,zf-C2H2,PF00096,803,825,domain_4,Q9NQV7,804,826
5EGB,A,zf-C2H2,PF00096,803,825,domain_4,Q9NQV7,804,826
2EPY,A,zf-C2H2,PF00096,528,550,domain_8,Q14587,528,550
2EN0,A,zf-C2H2,PF00096,11,33,domain_4,Q14587,388,410
5EI9,F,zf-C2H2,PF00096,719,741,domain_1,Q9NQV7,720,742
5EH2,E,zf-C2H2,PF00096,719,741,domain_1,Q9NQV7,720,742
5EI9,E,zf-C2H2,PF00096,719,741,domain_1,Q9NQV7,720,742
5EH2,F,zf-C2H2,PF00096,719,741,domain_1,Q9NQV7,720,742
5EGB,A,zf-C2H2,PF00096,719,741,domain_1,Q9NQV7,720,742
2ENE,A,zf-C2H2,PF00096,13,35,domain_11,Q96SE7,597,619
2EOL,A,zf-C2H2,PF00096,11,33,domain_10,Q14587,584,606
2I13,B,zf-C2H2,PF00096,22,44,domain_1,Q07230,222,244
7EYI,H,zf-C2H2,PF00096,438,460,domain_2,O95365,438,460
7N5S,A,zf-C2H2,PF00096,438,460,domain_2,O95365,438,460
7N5T,A,zf-C2H2,PF00096,438,460,domain_2,O95365,438,460
7EYI,G,zf-C2H2,PF00096,438,460,domain_2,O95365,438,460
7BQU,B,zf-C2H2,PF00096,410,432,domain_1,Q9UJQ4,410,432
7BQV,B,zf-C2H2,PF00096,410,432,domain_1,Q9UJQ4,410,432
6UML,E,zf-C2H2,PF00096,410,432,domain_1,Q9UJQ4,410,432
5V3G,D,zf-C2H2,PF00096,831,853,domain_5,D9IWL3,416,438
5V3G,A,zf-C2H2,PF00096,831,853,domain_5,D9IWL3,416,438
2EOW,A,zf-C2H2,PF00096,13,35,domain_4,Q96SE7,373,395
6U9Q,A,zf-C2H2,PF00096,800,823,domain_3,Q9H165,800,823
6KI6,A,zf-C2H2,PF00096,800,823,domain_3,Q9H165,800,823
7EYI,H,zf-C2H2,PF00096,410,432,domain_1,O95365,410,432
7N5S,A,zf-C2H2,PF00096,410,432,domain_1,O95365,410,432
7N5T,A,zf-C2H2,PF00096,410,432,domain_1,O95365,410,432
7EYI,G,zf-C2H2,PF00096,410,432,domain_1,O95365,410,432
2EME,A,zf-C2H2,PF00096,13,35,domain_8,Q8WTR7,730,752
4R2S,A,zf-C2H2,PF00096,383,405,domain_2,P19544,383,405
6B0Q,D,zf-C2H2,PF00096,383,405,domain_2,P19544,383,405
6B0R,D,zf-C2H2,PF00096,383,405,domain_2,P19544,383,405
4R2R,A,zf-C2H2,PF00096,383,405,domain_2,P19544,383,405
6B0O,D,zf-C2H2,PF00096,383,405,domain_2,P19544,383,405
6B0R,A,zf-C2H2,PF00096,383,405,domain_2,P19544,383,405
6B0Q,A,zf-C2H2,PF00096,383,405,domain_2,P19544,383,405
6B0O,A,zf-C2H2,PF00096,383,405,domain_2,P19544,383,405
4R2E,A,zf-C2H2,PF00096,383,405,domain_2,P19544,383,405
4R2P,A,zf-C2H2,PF00096,383,405,domain_2,P19544,383,405
6B0P,D,zf-C2H2,PF00096,383,405,domain_2,P19544,383,405
6WLH,A,zf-C2H2,PF00096,66,88,domain_2,P19544,383,405
5KL3,A,zf-C2H2,PF00096,383,405,domain_2,P19544,383,405
5KL4,A,zf-C2H2,PF00096,383,405,domain_2,P19544,383,405
5KL6,A,zf-C2H2,PF00096,383,405,domain_2,P19544,383,405
5KL7,A,zf-C2H2,PF00096,383,405,domain_2,P19544,383,405
5KL4,D,zf-C2H2,PF00096,383,405,domain_2,P19544,383,405
1XF7,A,zf-C2H2,PF00096,3,25,domain_2,P19544,383,405
4R2Q,A,zf-C2H2,PF00096,383,405,domain_2,P19544,383,405
5KL2,A,zf-C2H2,PF00096,383,405,domain_2,P19544,383,405
6BLW,A,zf-C2H2,PF00096,383,405,domain_2,P19544,383,405
5KL5,A,zf-C2H2,PF00096,383,405,domain_2,P19544,383,405
6B0P,A,zf-C2H2,PF00096,383,405,domain_2,P19544,383,405
2EOK,A,zf-C2H2,PF00096,11,33,domain_6,Q14587,444,466
2EP2,A,zf-C2H2,PF00096,13,35,domain_7,Q5JVG2,608,630
6E93,A,zf-C2H2,PF00096,1066,1088,domain_2,Q8NAP3,1066,1088
6E94,A,zf-C2H2,PF00096,1066,1088,domain_2,Q8NAP3,1066,1088
2I13,B,zf-C2H2,PF00096,78,100,domain_4,Q07230,278,300
2YRJ,A,zf-C2H2,PF00096,13,35,domain_10,Q8WTR7,786,808
2WBS,A,zf-C2H2,PF00096,430,454,domain_2,Q60793,430,454
5KE7,A,zf-C2H2,PF00096,430,454,domain_2,Q60793,430,454
5KE8,A,zf-C2H2,PF00096,430,454,domain_2,Q60793,430,454
5KE6,A,zf-C2H2,PF00096,430,454,domain_2,Q60793,430,454
5KE9,A,zf-C2H2,PF00096,430,454,domain_2,Q60793,430,454
5KEB,A,zf-C2H2,PF00096,430,454,domain_2,Q60793,430,454
5KEA,A,zf-C2H2,PF00096,430,454,domain_2,Q60793,430,454
4M9E,A,zf-C2H2,PF00096,430,454,domain_2,Q60793,430,454
6H0F,C,zf-C2H2,PF00096,145,167,domain_1,Q13422,145,167
6H0F,F,zf-C2H2,PF00096,145,167,domain_1,Q13422,145,167
6H0F,L,zf-C2H2,PF00096,145,167,domain_1,Q13422,145,167
6H0F,I,zf-C2H2,PF00096,145,167,domain_1,Q13422,145,167
2EPS,A,zf-C2H2,PF00096,413,436,domain_3,Q9HBE1,413,436
2YT9,A,zf-C2H2,PF00096,420,443,domain_3,Q9HBE1,413,436
7LPS,C,zf-C2H2,PF00096,140,162,domain_1,Q9UKS7,140,162
7LPS,F,zf-C2H2,PF00096,140,162,domain_1,Q9UKS7,140,162
7LPS,L,zf-C2H2,PF00096,140,162,domain_1,Q9UKS7,140,162
7LPS,I,zf-C2H2,PF00096,140,162,domain_1,Q9UKS7,140,162
2KMK,A,zf-C2H2,PF00096,2,24,domain_1,Q07120,313,335
5YJ3,D,zf-C2H2,PF00096,578,600,domain_2,P10074,578,600
5YJ3,C,zf-C2H2,PF00096,578,600,domain_2,P10074,578,600
6VTX,A,zf-C2H2,PF00096,430,454,domain_1,O43474,430,454
6B0Q,D,zf-C2H2,PF00096,353,377,domain_1,P19544,353,377
6B0R,D,zf-C2H2,PF00096,353,377,domain_1,P19544,353,377
6B0O,D,zf-C2H2,PF00096,353,377,domain_1,P19544,353,377
6B0R,A,zf-C2H2,PF00096,353,377,domain_1,P19544,353,377
6B0Q,A,zf-C2H2,PF00096,353,377,domain_1,P19544,353,377
6B0O,A,zf-C2H2,PF00096,353,377,domain_1,P19544,353,377
6B0P,D,zf-C2H2,PF00096,353,377,domain_1,P19544,353,377
6WLH,A,zf-C2H2,PF00096,36,60,domain_1,P19544,353,377
6BLW,A,zf-C2H2,PF00096,353,377,domain_1,P19544,353,377
6B0P,A,zf-C2H2,PF00096,353,377,domain_1,P19544,353,377
2YTK,A,zf-C2H2,PF00096,13,35,domain_5,Q96SE7,401,423
5WJQ,D,zf-C2H2,PF00096,587,609,domain_8,E9PYI1,587,609
5V3J,F,zf-C2H2,PF00096,587,609,domain_8,E9PYI1,587,609
5V3J,E,zf-C2H2,PF00096,587,609,domain_8,E9PYI1,587,609
5V3M,C,zf-C2H2,PF00096,587,609,domain_8,E9PYI1,587,609
5V3G,D,zf-C2H2,PF00096,719,741,domain_1,D9IWL3,304,326
5V3G,G,zf-C2H2,PF00096,719,741,domain_1,D9IWL3,304,326
5V3G,A,zf-C2H2,PF00096,719,741,domain_1,D9IWL3,304,326
2EMV,A,zf-C2H2,PF00096,13,35,domain_19,Q14587,864,886
2EOU,A,zf-C2H2,PF00096,13,35,domain_3,Q8WTR7,375,397
6VTX,A,zf-C2H2,PF00096,460,484,domain_2,O43474,460,484
2EPV,A,zf-C2H2,PF00096,808,830,domain_18,Q14587,808,830
2YTS,A,zf-C2H2,PF00096,13,35,domain_11,Q5JVG2,720,742
6H0G,F,zf-C2H2,PF00096,417,439,domain_2,Q9BU19,417,439
2D9H,A,zf-C2H2,PF00096,8,30,domain_2,Q9BU19,417,439
6H0G,C,zf-C2H2,PF00096,417,439,domain_2,Q9BU19,417,439
5WJQ,D,zf-C2H2,PF00096,531,553,domain_6,E9PYI1,531,553
5V3J,F,zf-C2H2,PF00096,531,553,domain_6,E9PYI1,531,553
5V3J,E,zf-C2H2,PF00096,531,553,domain_6,E9PYI1,531,553
5V3M,C,zf-C2H2,PF00096,531,553,domain_6,E9PYI1,531,553
2EMM,A,zf-C2H2,PF00096,13,35,domain_5,Q9Y2L8,549,571
4R2C,A,zf-C2H2,PF00096,368,390,domain_2,P18146,368,390
4R2A,A,zf-C2H2,PF00096,368,390,domain_2,P18146,368,390
4X9J,A,zf-C2H2,PF00096,135,157,domain_2,P18146,368,390
4R2D,A,zf-C2H2,PF00096,368,390,domain_2,P18146,368,390
1ARF,A,zf-C2H2,PF00096,104,126,domain_1,P07248,104,126
1ARE,A,zf-C2H2,PF00096,104,126,domain_1,P07248,104,126
1ARD,A,zf-C2H2,PF00096,104,126,domain_1,P07248,104,126
5K5I,A,zf-C2H2,PF00096,379,401,domain_3,P49711,379,401
5T0U,D,zf-C2H2,PF00096,379,401,domain_3,P49711,379,401
5K5H,A,zf-C2H2,PF00096,379,401,domain_3,P49711,379,401
5YEH,B,zf-C2H2,PF00096,379,401,domain_3,P49711,379,401
5YEF,J,zf-C2H2,PF00096,379,401,domain_3,P49711,379,401
5K5J,A,zf-C2H2,PF00096,379,401,domain_3,P49711,379,401
5UND,A,zf-C2H2,PF00096,379,401,domain_3,P49711,379,401
5YEF,B,zf-C2H2,PF00096,379,401,domain_3,P49711,379,401
5KKQ,A,zf-C2H2,PF00096,379,401,domain_3,P49711,379,401
5YEG,A,zf-C2H2,PF00096,379,401,domain_3,P49711,379,401
5T0U,A,zf-C2H2,PF00096,379,401,domain_3,P49711,379,401
5T00,A,zf-C2H2,PF00096,379,401,domain_3,P49711,379,401
5KKQ,D,zf-C2H2,PF00096,379,401,domain_3,P49711,379,401
5YEF,G,zf-C2H2,PF00096,379,401,domain_3,P49711,379,401
5UND,B,zf-C2H2,PF00096,379,401,domain_3,P49711,379,401
5YEF,A,zf-C2H2,PF00096,379,401,domain_3,P49711,379,401
5YEG,B,zf-C2H2,PF00096,379,401,domain_3,P49711,379,401
5YEH,A,zf-C2H2,PF00096,379,401,domain_3,P49711,379,401
5T00,D,zf-C2H2,PF00096,379,401,domain_3,P49711,379,401
2COT,A,zf-C2H2,PF00096,19,41,domain_1,Q9H4T2,236,258
2EP0,A,zf-C2H2,PF00096,13,35,domain_2,Q8NHY6,533,555
6KI6,B,zf-C2H2,PF00096,742,764,domain_1,Q9H165,742,764
6U9Q,A,zf-C2H2,PF00096,742,764,domain_1,Q9H165,742,764
6KI6,A,zf-C2H2,PF00096,742,764,domain_1,Q9H165,742,764
2EMP,A,zf-C2H2,PF00096,13,35,domain_9,Q96SE7,541,563
2DMD,A,zf-C2H2,PF00096,65,87,domain_2,Q9NTW7,231,253
6WMI,A,zf-C2H2,PF00096,249,273,domain_1,Q86VK4,249,273
6WMI,D,zf-C2H2,PF00096,249,273,domain_1,Q86VK4,249,273
5WJQ,D,zf-C2H2,PF00096,391,413,domain_2,E9PYI1,391,413
5V3J,F,zf-C2H2,PF00096,391,413,domain_2,E9PYI1,391,413
5V3J,E,zf-C2H2,PF00096,391,413,domain_2,E9PYI1,391,413
5V3M,C,zf-C2H2,PF00096,391,413,domain_2,E9PYI1,391,413
2EP1,A,zf-C2H2,PF00096,13,35,domain_3,Q5JVG2,440,462
3W5K,B,zf-C2H2,PF00096,180,202,domain_1,O95863,180,202
5V3G,D,zf-C2H2,PF00096,859,881,domain_6,D9IWL3,444,466
5V3G,A,zf-C2H2,PF00096,859,881,domain_6,D9IWL3,444,466
2EOG,A,zf-C2H2,PF00096,11,33,domain_14,Q14587,696,718
2EPT,A,zf-C2H2,PF00096,77,99,domain_1,P17041,77,99
2KMK,A,zf-C2H2,PF00096,58,80,domain_3,Q07120,369,391
2ENF,A,zf-C2H2,PF00096,13,35,domain_3,Q96SE7,345,367
2YTA,A,zf-C2H2,PF00096,139,161,domain_3,P17041,133,155
2YTR,A,zf-C2H2,PF00096,13,35,domain_16,Q96SE7,765,787
5T0U,D,zf-C2H2,PF00096,322,345,domain_2,P49711,322,345
5YEF,J,zf-C2H2,PF00096,322,345,domain_2,P49711,322,345
5YEF,B,zf-C2H2,PF00096,322,345,domain_2,P49711,322,345
5KKQ,A,zf-C2H2,PF00096,322,345,domain_2,P49711,322,345
5T0U,A,zf-C2H2,PF00096,322,345,domain_2,P49711,322,345
5T00,A,zf-C2H2,PF00096,322,345,domain_2,P49711,322,345
5KKQ,D,zf-C2H2,PF00096,322,345,domain_2,P49711,322,345
5YEF,G,zf-C2H2,PF00096,322,345,domain_2,P49711,322,345
5YEF,A,zf-C2H2,PF00096,322,345,domain_2,P49711,322,345
5T00,D,zf-C2H2,PF00096,322,345,domain_2,P49711,322,345
2EBT,A,zf-C2H2,PF00096,403,427,domain_2,Q13887,403,427
5YEL,B,zf-C2H2,PF00096,437,460,domain_4,P49711,437,460
5YEL,A,zf-C2H2,PF00096,437,460,domain_4,P49711,437,460
5K5I,A,zf-C2H2,PF00096,437,460,domain_4,P49711,437,460
5T0U,D,zf-C2H2,PF00096,437,460,domain_4,P49711,437,460
5K5H,A,zf-C2H2,PF00096,437,460,domain_4,P49711,437,460
5YEH,B,zf-C2H2,PF00096,437,460,domain_4,P49711,437,460
5YEF,J,zf-C2H2,PF00096,437,460,domain_4,P49711,437,460
5K5J,A,zf-C2H2,PF00096,437,460,domain_4,P49711,437,460
5UND,A,zf-C2H2,PF00096,437,460,domain_4,P49711,437,460
5YEF,B,zf-C2H2,PF00096,437,460,domain_4,P49711,437,460
5K5L,F,zf-C2H2,PF00096,437,460,domain_4,P49711,437,460
5KKQ,A,zf-C2H2,PF00096,437,460,domain_4,P49711,437,460
2CT1,A,zf-C2H2,PF00096,46,69,domain_4,P49711,437,460
5YEG,A,zf-C2H2,PF00096,437,460,domain_4,P49711,437,460
5K5L,G,zf-C2H2,PF00096,437,460,domain_4,P49711,437,460
5T0U,A,zf-C2H2,PF00096,437,460,domain_4,P49711,437,460
5T00,A,zf-C2H2,PF00096,437,460,domain_4,P49711,437,460
5K5L,E,zf-C2H2,PF00096,437,460,domain_4,P49711,437,460
5KKQ,D,zf-C2H2,PF00096,437,460,domain_4,P49711,437,460
5YEF,G,zf-C2H2,PF00096,437,460,domain_4,P49711,437,460
5UND,B,zf-C2H2,PF00096,437,460,domain_4,P49711,437,460
5YEF,A,zf-C2H2,PF00096,437,460,domain_4,P49711,437,460
5YEG,B,zf-C2H2,PF00096,437,460,domain_4,P49711,437,460
5YEH,A,zf-C2H2,PF00096,437,460,domain_4,P49711,437,460
5T00,D,zf-C2H2,PF00096,437,460,domain_4,P49711,437,460
6KI6,B,zf-C2H2,PF00096,770,792,domain_2,Q9H165,770,792
6U9Q,A,zf-C2H2,PF00096,770,792,domain_2,Q9H165,770,792
6KI6,A,zf-C2H2,PF00096,770,792,domain_2,Q9H165,770,792
1P7A,A,zf-C2H2,PF00096,12,34,domain_1,Q60980,319,341
1U86,A,zf-C2H2,PF00096,8,32,domain_1,Q60980,319,341
1U85,A,zf-C2H2,PF00096,8,30,domain_1,Q60980,319,341
5V3J,F,zf-C2H2,PF00096,363,385,domain_1,E9PYI1,363,385
5V3J,E,zf-C2H2,PF00096,363,385,domain_1,E9PYI1,363,385
5V3M,C,zf-C2H2,PF00096,363,385,domain_1,E9PYI1,363,385
5T0U,D,zf-C2H2,PF00096,294,316,domain_1,P49711,294,316
5T0U,A,zf-C2H2,PF00096,294,316,domain_1,P49711,294,316
5EI9,F,zf-C2H2,PF00096,775,797,domain_3,Q9NQV7,776,798
5EH2,E,zf-C2H2,PF00096,775,797,domain_3,Q9NQV7,776,798
5EI9,E,zf-C2H2,PF00096,775,797,domain_3,Q9NQV7,776,798
5EH2,F,zf-C2H2,PF00096,775,797,domain_3,Q9NQV7,776,798
5EGB,A,zf-C2H2,PF00096,775,797,domain_3,Q9NQV7,776,798
2ELQ,A,zf-C2H2,PF00096,10,32,domain_2,Q9P243,909,931
2RV2,A,zf-C2H2,PF00096,10,32,domain_2,Q9P243,909,931
6WMI,A,zf-C2H2,PF00096,339,362,domain_3,Q86VK4,339,362
6WMI,D,zf-C2H2,PF00096,339,362,domain_3,Q86VK4,339,362
2EM1,A,zf-C2H2,PF00096,11,33,domain_12,Q14587,640,662
2N26,A,zf-C2H2,PF00096,88,110,domain_1,Q13105,390,412
4R2C,A,zf-C2H2,PF00096,396,418,domain_4,P18146,396,418
4R2A,A,zf-C2H2,PF00096,396,418,domain_4,P18146,396,418
4X9J,A,zf-C2H2,PF00096,163,185,domain_4,P18146,396,418
4R2D,A,zf-C2H2,PF00096,396,418,domain_4,P18146,396,418
6SKG,Bo,zf-C2H2,PF00096,18,41,domain_1,Q5JFH3,18,41
6VTX,A,zf-C2H2,PF00096,490,512,domain_3,O43474,490,512
2YTB,A,zf-C2H2,PF00096,196,218,domain_4,P17041,189,211
2KMK,A,zf-C2H2,PF00096,30,52,domain_2,Q07120,341,363
5WJQ,D,zf-C2H2,PF00096,503,525,domain_5,E9PYI1,503,525
5V3J,F,zf-C2H2,PF00096,503,525,domain_5,E9PYI1,503,525
5V3J,E,zf-C2H2,PF00096,503,525,domain_5,E9PYI1,503,525
5V3M,C,zf-C2H2,PF00096,503,525,domain_5,E9PYI1,503,525
2EON,A,zf-C2H2,PF00096,13,35,domain_3,Q9Y2L8,402,424
7MC3,A,zf-C2H2,PF00096,60,83,domain_8,Q13105,614,637
2EMJ,A,zf-C2H2,PF00096,13,35,domain_5,Q8NHY6,617,639
1PAA,A,zf-C2H2,PF00096,132,155,domain_2,P07248,132,155
5A7U,A,zf-C2H2,PF00096,3,26,domain_2,P07248,132,155
2EN9,A,zf-C2H2,PF00096,13,35,domain_1,Q8NHY6,420,442
2YTH,A,zf-C2H2,PF00096,13,35,domain_9,Q9NZL3,484,506
2EBT,A,zf-C2H2,PF00096,433,455,domain_3,Q13887,433,455
1VA2,A,zf-C2H2,PF00096,567,591,domain_2,P08047,656,680
6PV3,A,zf-C2H2,PF00096,2,26,domain_2,P08047,656,680
6UCO,A,zf-C2H2,PF00096,3,27,domain_2,P08047,656,680
6PV2,A,zf-C2H2,PF00096,3,26,domain_2,P08047,656,680
6PV1,A,zf-C2H2,PF00096,3,27,domain_2,P08047,656,680
1SP2,A,zf-C2H2,PF00096,3,27,domain_2,P08047,656,680
6UCP,A,zf-C2H2,PF00096,3,27,domain_2,P08047,656,680
6PV0,A,zf-C2H2,PF00096,3,27,domain_2,P08047,656,680
5YJ3,D,zf-C2H2,PF00096,550,572,domain_1,P10074,550,572
5YJ3,C,zf-C2H2,PF00096,550,572,domain_1,P10074,550,572
1SP1,A,zf-C2H2,PF00096,3,25,domain_3,P08047,686,708
1VA3,A,zf-C2H2,PF00096,597,619,domain_3,P08047,686,708
1ZNF,A,zf-C2H2,PF00096,1,23,domain_1,P08045,1044,1066
2COT,A,zf-C2H2,PF00096,47,69,domain_2,Q9H4T2,264,286
2LVT,A,zf-C2H2,PF00096,32,54,domain_5,Q13105,530,552
7MC1,A,zf-C2H2,PF00096,4,26,domain_6,Q13105,558,580
2LVU,A,zf-C2H2,PF00096,60,82,domain_6,Q13105,558,580
2YTT,A,zf-C2H2,PF00096,13,35,domain_1,Q8WTR7,209,231
2EPQ,A,zf-C2H2,PF00096,383,405,domain_2,Q9HBE1,383,405
2YT9,A,zf-C2H2,PF00096,390,412,domain_2,Q9HBE1,383,405
2KVF,A,zf-C2H2,PF00096,4,26,domain_1,Q9JKD9,350,372
2YT9,A,zf-C2H2,PF00096,363,384,domain_1,Q9HBE1,356,377
5WJQ,D,zf-C2H2,PF00096,643,665,domain_10,E9PYI1,643,665
2EBT,A,zf-C2H2,PF00096,373,397,domain_1,Q13887,373,397
1LLM,C,zf-C2H2,PF00096,132,153,domain_3,P08046,394,415
1LLM,D,zf-C2H2,PF00096,232,253,domain_3,P08046,394,415
1JK2,A,zf-C2H2,PF00096,163,185,domain_3,P08046,394,416
2EQW,A,zf-C2H2,PF00096,412,434,domain_2,Q5JVG2,412,434
3ZNF,A,zf-C2H2,PF00096,3,27,domain_2,P15822,2116,2140
4ZNF,A,zf-C2H2,PF00096,3,27,domain_2,P15822,2116,2140
5YEL,B,zf-C2H2,PF00096,555,575,domain_5,P49711,555,575
5YEL,A,zf-C2H2,PF00096,555,575,domain_5,P49711,555,575
2LV2,A,zf-C2H2,PF00096,57,80,domain_2,Q01101,469,492
2EQ2,A,zf-C2H2,PF00096,681,703,domain_13,Q96SE7,681,703
2M0D,A,zf-C2H2,PF00096,4,26,domain_2,Q13105,418,440
2MA7,A,zf-C2H2,PF00096,44,66,domain_1,Q9H2S9,187,209
2DMD,A,zf-C2H2,PF00096,9,31,domain_1,Q9NTW7,175,197
1ZFD,A,zf-C2H2,PF00096,42,66,domain_2,P08153,580,604
2M0F,A,zf-C2H2,PF00096,60,82,domain_4,Q13105,474,496
4M9V,F,zf-C2H2,PF00096,169,190,domain_2,Q8C6P8,169,190
4M9V,C,zf-C2H2,PF00096,169,190,domain_2,Q8C6P8,169,190
1VA1,A,zf-C2H2,PF00096,537,561,domain_1,P08047,626,650
1ZNM,A,zf-C2H2,PF00096,2,26,domain_2,P25490,353,377
2YSV,A,zf-C2H2,PF00096,758,780,domain_9,Q8WTR7,758,780
7MC2,A,zf-C2H2,PF00096,32,54,domain_7,Q13105,586,608
2EQ4,A,zf-C2H2,PF00096,456,478,domain_8,Q9NZL3,456,478
2M0E,A,zf-C2H2,PF00096,32,54,domain_3,Q13105,446,468
2I13,A,zf-C2H2,PF00096,31,44,domain_2,Q07230,231,244
5N14,A,zf-C2H2,PF00096,63,75,domain_3,P18146,396,408
