PDB_id,Chain_id,Domain,Family_id,PDB_start,PDB_end,Domain_pos,UNP_id,UNP_start,UNP_end
5V3G,D,zf-C2H2,PF00096,719,741,domain_1,D9IWL3,304,326
5V3G,G,zf-C2H2,PF00096,719,741,domain_1,D9IWL3,304,326
5V3G,A,zf-C2H2,PF00096,719,741,domain_1,D9IWL3,304,326
5V3G,D,zf-C2H2,PF00096,747,769,domain_2,D9IWL3,332,354
5V3G,A,zf-C2H2,PF00096,747,769,domain_2,D9IWL3,332,354
5V3G,D,zf-C2H2,PF00096,775,797,domain_3,D9IWL3,360,382
5V3G,A,zf-C2H2,PF00096,775,797,domain_3,D9IWL3,360,382
5V3G,D,zf-C2H2,PF00096,803,825,domain_4,D9IWL3,388,410
5V3G,A,zf-C2H2,PF00096,803,825,domain_4,D9IWL3,388,410
5V3G,D,zf-C2H2,PF00096,831,853,domain_5,D9IWL3,416,438
5V3G,A,zf-C2H2,PF00096,831,853,domain_5,D9IWL3,416,438
5V3G,D,zf-C2H2,PF00096,859,881,domain_6,D9IWL3,444,466
5V3G,A,zf-C2H2,PF00096,859,881,domain_6,D9IWL3,444,466
5V3J,F,zf-C2H2,PF00096,363,385,domain_1,E9PYI1,363,385
5V3J,E,zf-C2H2,PF00096,363,385,domain_1,E9PYI1,363,385
5V3M,C,zf-C2H2,PF00096,363,385,domain_1,E9PYI1,363,385
5WJQ,D,zf-C2H2,PF00096,391,413,domain_2,E9PYI1,391,413
5V3J,F,zf-C2H2,PF00096,391,413,domain_2,E9PYI1,391,413
5V3J,E,zf-C2H2,PF00096,391,413,domain_2,E9PYI1,391,413
5V3M,C,zf-C2H2,PF00096,391,413,domain_2,E9PYI1,391,413
5WJQ,D,zf-C2H2,PF00096,419,441,domain_3,E9PYI1,419,441
5V3J,F,zf-C2H2,PF00096,419,441,domain_3,E9PYI1,419,441
5V3J,E,zf-C2H2,PF00096,419,441,domain_3,E9PYI1,419,441
5V3M,C,zf-C2H2,PF00096,419,441,domain_3,E9PYI1,419,441
5WJQ,D,zf-C2H2,PF00096,447,469,domain_4,E9PYI1,447,469
5V3J,F,zf-C2H2,PF00096,447,469,domain_4,E9PYI1,447,469
5V3J,E,zf-C2H2,PF00096,447,469,domain_4,E9PYI1,447,469
5V3M,C,zf-C2H2,PF00096,447,469,domain_4,E9PYI1,447,469
5WJQ,D,zf-C2H2,PF00096,503,525,domain_5,E9PYI1,503,525
5V3J,F,zf-C2H2,PF00096,503,525,domain_5,E9PYI1,503,525
5V3J,E,zf-C2H2,PF00096,503,525,domain_5,E9PYI1,503,525
5V3M,C,zf-C2H2,PF00096,503,525,domain_5,E9PYI1,503,525
5WJQ,D,zf-C2H2,PF00096,531,553,domain_6,E9PYI1,531,553
5V3J,F,zf-C2H2,PF00096,531,553,domain_6,E9PYI1,531,553
5V3J,E,zf-C2H2,PF00096,531,553,domain_6,E9PYI1,531,553
5V3M,C,zf-C2H2,PF00096,531,553,domain_6,E9PYI1,531,553
5WJQ,D,zf-C2H2,PF00096,559,581,domain_7,E9PYI1,559,581
5V3J,F,zf-C2H2,PF00096,559,581,domain_7,E9PYI1,559,581
5V3J,E,zf-C2H2,PF00096,559,581,domain_7,E9PYI1,559,581
5V3M,C,zf-C2H2,PF00096,559,581,domain_7,E9PYI1,559,581
5WJQ,D,zf-C2H2,PF00096,587,609,domain_8,E9PYI1,587,609
5V3J,F,zf-C2H2,PF00096,587,609,domain_8,E9PYI1,587,609
5V3J,E,zf-C2H2,PF00096,587,609,domain_8,E9PYI1,587,609
5V3M,C,zf-C2H2,PF00096,587,609,domain_8,E9PYI1,587,609
5WJQ,D,zf-C2H2,PF00096,615,637,domain_9,E9PYI1,615,637
5V3J,F,zf-C2H2,PF00096,615,637,domain_9,E9PYI1,615,637
5V3J,E,zf-C2H2,PF00096,615,637,domain_9,E9PYI1,615,637
5V3M,C,zf-C2H2,PF00096,615,637,domain_9,E9PYI1,615,637
5WJQ,D,zf-C2H2,PF00096,643,665,domain_10,E9PYI1,643,665
2CSH,A,zf-C2H2,PF00096,38,60,domain_1,O43298,400,422
6VTX,A,zf-C2H2,PF00096,430,454,domain_1,O43474,430,454
6VTX,A,zf-C2H2,PF00096,460,484,domain_2,O43474,460,484
6VTX,A,zf-C2H2,PF00096,490,512,domain_3,O43474,490,512
2EJ4,A,zf-C2H2,PF00096,58,85,domain_1,O60481,295,322
2RPC,A,zf-C2H2,PF00096,58,85,domain_1,O60481,295,322
2RPC,A,zf-C2H2,PF00096,91,115,domain_2,O60481,328,352
2RPC,A,zf-C2H2,PF00096,121,145,domain_3,O60481,358,382
4IS1,D,zf-C2H2,PF00096,472,493,domain_1,O75362,472,493
4IS1,C,zf-C2H2,PF00096,472,493,domain_1,O75362,472,493
4F2J,C,zf-C2H2,PF00096,472,493,domain_1,O75362,472,493
3UK3,C,zf-C2H2,PF00096,472,493,domain_1,O75362,472,493
3UK3,D,zf-C2H2,PF00096,472,493,domain_1,O75362,472,493
7EYI,H,zf-C2H2,PF00096,410,432,domain_1,O95365,410,432
7N5S,A,zf-C2H2,PF00096,410,432,domain_1,O95365,410,432
7N5T,A,zf-C2H2,PF00096,410,432,domain_1,O95365,410,432
7EYI,G,zf-C2H2,PF00096,410,432,domain_1,O95365,410,432
7EYI,H,zf-C2H2,PF00096,438,460,domain_2,O95365,438,460
7N5S,A,zf-C2H2,PF00096,438,460,domain_2,O95365,438,460
7N5T,A,zf-C2H2,PF00096,438,460,domain_2,O95365,438,460
7EYI,G,zf-C2H2,PF00096,438,460,domain_2,O95365,438,460
3W5K,B,zf-C2H2,PF00096,180,202,domain_1,O95863,180,202
3W5K,B,zf-C2H2,PF00096,208,230,domain_2,O95863,208,230
1TF6,A,zf-C2H2,PF00096,43,67,domain_1,P03001,65,89
1TF3,A,zf-C2H2,PF00096,43,67,domain_1,P03001,65,89
1TF6,D,zf-C2H2,PF00096,43,67,domain_1,P03001,65,89
1TF6,A,zf-C2H2,PF00096,73,98,domain_2,P03001,95,120
1TF3,A,zf-C2H2,PF00096,73,98,domain_2,P03001,95,120
1TF6,D,zf-C2H2,PF00096,73,98,domain_2,P03001,95,120
1TF6,A,zf-C2H2,PF00096,105,129,domain_3,P03001,127,151
1UN6,B,zf-C2H2,PF00096,105,129,domain_3,P03001,127,151
2HGH,A,zf-C2H2,PF00096,105,129,domain_3,P03001,127,151
2J7J,A,zf-C2H2,PF00096,2,26,domain_3,P03001,127,151
1UN6,C,zf-C2H2,PF00096,105,129,domain_3,P03001,127,151
1TF6,D,zf-C2H2,PF00096,105,129,domain_3,P03001,127,151
1TF6,A,zf-C2H2,PF00096,135,159,domain_4,P03001,157,181
1UN6,D,zf-C2H2,PF00096,135,159,domain_4,P03001,157,181
1UN6,B,zf-C2H2,PF00096,135,159,domain_4,P03001,157,181
2HGH,A,zf-C2H2,PF00096,135,159,domain_4,P03001,157,181
2J7J,A,zf-C2H2,PF00096,32,56,domain_4,P03001,157,181
1UN6,C,zf-C2H2,PF00096,135,159,domain_4,P03001,157,181
1TF6,D,zf-C2H2,PF00096,135,159,domain_4,P03001,157,181
2ADR,A,zf-C2H2,PF00096,104,126,domain_1,P07248,104,126
1ARF,A,zf-C2H2,PF00096,104,126,domain_1,P07248,104,126
1ARE,A,zf-C2H2,PF00096,104,126,domain_1,P07248,104,126
1ARD,A,zf-C2H2,PF00096,104,126,domain_1,P07248,104,126
2ADR,A,zf-C2H2,PF00096,132,155,domain_2,P07248,132,155
1PAA,A,zf-C2H2,PF00096,132,155,domain_2,P07248,132,155
5A7U,A,zf-C2H2,PF00096,3,26,domain_2,P07248,132,155
1ZNF,A,zf-C2H2,PF00096,1,23,domain_1,P08045,1044,1066
1P47,A,zf-C2H2,PF00096,105,129,domain_1,P08046,336,360
1G2D,C,zf-C2H2,PF00096,105,129,domain_1,P08046,336,360
1F2I,H,zf-C2H2,PF00096,2105,2129,domain_1,P08046,336,360
1A1I,A,zf-C2H2,PF00096,105,129,domain_1,P08046,336,360
1A1F,A,zf-C2H2,PF00096,105,129,domain_1,P08046,336,360
1F2I,G,zf-C2H2,PF00096,1105,1129,domain_1,P08046,336,360
1G2D,F,zf-C2H2,PF00096,205,229,domain_1,P08046,336,360
1P47,B,zf-C2H2,PF00096,105,129,domain_1,P08046,336,360
1G2F,F,zf-C2H2,PF00096,205,229,domain_1,P08046,336,360
1A1H,A,zf-C2H2,PF00096,105,129,domain_1,P08046,336,360
1ZAA,C,zf-C2H2,PF00096,5,29,domain_1,P08046,336,360
1AAY,A,zf-C2H2,PF00096,105,129,domain_1,P08046,336,360
1A1K,A,zf-C2H2,PF00096,105,129,domain_1,P08046,336,360
1F2I,I,zf-C2H2,PF00096,3105,3129,domain_1,P08046,336,360
1F2I,J,zf-C2H2,PF00096,4105,4129,domain_1,P08046,336,360
1A1L,A,zf-C2H2,PF00096,105,129,domain_1,P08046,336,360
1A1G,A,zf-C2H2,PF00096,105,129,domain_1,P08046,336,360
1F2I,K,zf-C2H2,PF00096,5105,5129,domain_1,P08046,336,360
1JK2,A,zf-C2H2,PF00096,105,129,domain_1,P08046,336,360
1F2I,L,zf-C2H2,PF00096,6105,6129,domain_1,P08046,336,360
1JK1,A,zf-C2H2,PF00096,105,129,domain_1,P08046,336,360
1A1J,A,zf-C2H2,PF00096,105,129,domain_1,P08046,336,360
1G2F,C,zf-C2H2,PF00096,105,129,domain_1,P08046,336,360
1P47,A,zf-C2H2,PF00096,135,157,domain_2,P08046,366,388
1G2D,C,zf-C2H2,PF00096,135,157,domain_2,P08046,366,388
1F2I,H,zf-C2H2,PF00096,2135,2157,domain_2,P08046,366,388
1A1I,A,zf-C2H2,PF00096,135,157,domain_2,P08046,366,388
1A1F,A,zf-C2H2,PF00096,135,157,domain_2,P08046,366,388
1F2I,G,zf-C2H2,PF00096,1135,1157,domain_2,P08046,366,388
1G2D,F,zf-C2H2,PF00096,235,257,domain_2,P08046,366,388
1P47,B,zf-C2H2,PF00096,135,157,domain_2,P08046,366,388
1G2F,F,zf-C2H2,PF00096,235,257,domain_2,P08046,366,388
1A1H,A,zf-C2H2,PF00096,135,157,domain_2,P08046,366,388
1ZAA,C,zf-C2H2,PF00096,35,57,domain_2,P08046,366,388
1AAY,A,zf-C2H2,PF00096,135,157,domain_2,P08046,366,388
1A1K,A,zf-C2H2,PF00096,135,157,domain_2,P08046,366,388
1LLM,C,zf-C2H2,PF00096,104,126,domain_2,P08046,366,388
1F2I,I,zf-C2H2,PF00096,3135,3157,domain_2,P08046,366,388
1F2I,J,zf-C2H2,PF00096,4135,4157,domain_2,P08046,366,388
1A1L,A,zf-C2H2,PF00096,135,157,domain_2,P08046,366,388
1A1G,A,zf-C2H2,PF00096,135,157,domain_2,P08046,366,388
1LLM,D,zf-C2H2,PF00096,204,226,domain_2,P08046,366,388
1F2I,K,zf-C2H2,PF00096,5135,5157,domain_2,P08046,366,388
1JK2,A,zf-C2H2,PF00096,135,157,domain_2,P08046,366,388
1F2I,L,zf-C2H2,PF00096,6135,6157,domain_2,P08046,366,388
1JK1,A,zf-C2H2,PF00096,135,157,domain_2,P08046,366,388
1A1J,A,zf-C2H2,PF00096,135,157,domain_2,P08046,366,388
1G2F,C,zf-C2H2,PF00096,135,157,domain_2,P08046,366,388
1LLM,C,zf-C2H2,PF00096,132,153,domain_3,P08046,394,415
1LLM,D,zf-C2H2,PF00096,232,253,domain_3,P08046,394,415
1P47,A,zf-C2H2,PF00096,163,185,domain_3,P08046,394,416
1G2D,C,zf-C2H2,PF00096,163,185,domain_3,P08046,394,416
1A1I,A,zf-C2H2,PF00096,163,185,domain_3,P08046,394,416
1A1F,A,zf-C2H2,PF00096,163,185,domain_3,P08046,394,416
1G2D,F,zf-C2H2,PF00096,263,285,domain_3,P08046,394,416
1P47,B,zf-C2H2,PF00096,163,185,domain_3,P08046,394,416
1G2F,F,zf-C2H2,PF00096,263,285,domain_3,P08046,394,416
1A1H,A,zf-C2H2,PF00096,163,185,domain_3,P08046,394,416
1ZAA,C,zf-C2H2,PF00096,63,85,domain_3,P08046,394,416
1AAY,A,zf-C2H2,PF00096,163,185,domain_3,P08046,394,416
1A1K,A,zf-C2H2,PF00096,163,185,domain_3,P08046,394,416
1A1L,A,zf-C2H2,PF00096,163,185,domain_3,P08046,394,416
1A1G,A,zf-C2H2,PF00096,163,185,domain_3,P08046,394,416
1JK2,A,zf-C2H2,PF00096,163,185,domain_3,P08046,394,416
1JK1,A,zf-C2H2,PF00096,163,185,domain_3,P08046,394,416
1A1J,A,zf-C2H2,PF00096,163,185,domain_3,P08046,394,416
1G2F,C,zf-C2H2,PF00096,163,185,domain_3,P08046,394,416
1VA1,A,zf-C2H2,PF00096,537,561,domain_1,P08047,626,650
1VA2,A,zf-C2H2,PF00096,567,591,domain_2,P08047,656,680
6PV3,A,zf-C2H2,PF00096,2,26,domain_2,P08047,656,680
6UCO,A,zf-C2H2,PF00096,3,27,domain_2,P08047,656,680
6PV2,A,zf-C2H2,PF00096,3,26,domain_2,P08047,656,680
6PV1,A,zf-C2H2,PF00096,3,27,domain_2,P08047,656,680
1SP2,A,zf-C2H2,PF00096,3,27,domain_2,P08047,656,680
6UCP,A,zf-C2H2,PF00096,3,27,domain_2,P08047,656,680
6PV0,A,zf-C2H2,PF00096,3,27,domain_2,P08047,656,680
1SP1,A,zf-C2H2,PF00096,3,25,domain_3,P08047,686,708
1VA3,A,zf-C2H2,PF00096,597,619,domain_3,P08047,686,708
2GLI,A,zf-C2H2,PF00096,137,164,domain_1,P08151,268,295
2GLI,A,zf-C2H2,PF00096,170,194,domain_2,P08151,301,325
2GLI,A,zf-C2H2,PF00096,231,256,domain_3,P08151,362,387
1NCS,A,zf-C2H2,PF00096,32,56,domain_1,P08153,550,574
1ZFD,A,zf-C2H2,PF00096,42,66,domain_2,P08153,580,604
5YJ3,D,zf-C2H2,PF00096,550,572,domain_1,P10074,550,572
5YJ3,C,zf-C2H2,PF00096,550,572,domain_1,P10074,550,572
5YJ3,D,zf-C2H2,PF00096,578,600,domain_2,P10074,578,600
5YJ3,C,zf-C2H2,PF00096,578,600,domain_2,P10074,578,600
1BBO,A,zf-C2H2,PF00096,2,24,domain_1,P15822,2088,2110
3ZNF,A,zf-C2H2,PF00096,3,27,domain_2,P15822,2116,2140
1BBO,A,zf-C2H2,PF00096,30,54,domain_2,P15822,2116,2140
4ZNF,A,zf-C2H2,PF00096,3,27,domain_2,P15822,2116,2140
1X6E,A,zf-C2H2,PF00096,15,37,domain_1,P17028,279,301
1X6E,A,zf-C2H2,PF00096,43,65,domain_2,P17028,307,329
2EPT,A,zf-C2H2,PF00096,77,99,domain_1,P17041,77,99
2EPU,A,zf-C2H2,PF00096,105,127,domain_2,P17041,105,127
2YTA,A,zf-C2H2,PF00096,139,161,domain_3,P17041,133,155
2YTB,A,zf-C2H2,PF00096,196,218,domain_4,P17041,189,211
2EPC,A,zf-C2H2,PF00096,245,266,domain_5,P17041,245,266
2DRP,D,zf-C2H2,PF00096,141,164,domain_1,P17789,538,561
2DRP,A,zf-C2H2,PF00096,141,164,domain_1,P17789,538,561
4R2C,A,zf-C2H2,PF00096,338,362,domain_1,P18146,338,362
4R2A,A,zf-C2H2,PF00096,338,362,domain_1,P18146,338,362
4X9J,A,zf-C2H2,PF00096,105,129,domain_1,P18146,338,362
4R2D,A,zf-C2H2,PF00096,338,362,domain_1,P18146,338,362
4R2C,A,zf-C2H2,PF00096,368,390,domain_2,P18146,368,390
4R2A,A,zf-C2H2,PF00096,368,390,domain_2,P18146,368,390
4X9J,A,zf-C2H2,PF00096,135,157,domain_2,P18146,368,390
4R2D,A,zf-C2H2,PF00096,368,390,domain_2,P18146,368,390
5N14,A,zf-C2H2,PF00096,63,75,domain_3,P18146,396,408
4R2C,A,zf-C2H2,PF00096,396,418,domain_4,P18146,396,418
4R2A,A,zf-C2H2,PF00096,396,418,domain_4,P18146,396,418
4X9J,A,zf-C2H2,PF00096,163,185,domain_4,P18146,396,418
4R2D,A,zf-C2H2,PF00096,396,418,domain_4,P18146,396,418
4R2S,A,zf-C2H2,PF00096,353,377,domain_1,P19544,353,377
6B0Q,D,zf-C2H2,PF00096,353,377,domain_1,P19544,353,377
2PRT,A,zf-C2H2,PF00096,353,377,domain_1,P19544,353,377
6B0R,D,zf-C2H2,PF00096,353,377,domain_1,P19544,353,377
4R2R,A,zf-C2H2,PF00096,353,377,domain_1,P19544,353,377
6B0O,D,zf-C2H2,PF00096,353,377,domain_1,P19544,353,377
6B0R,A,zf-C2H2,PF00096,353,377,domain_1,P19544,353,377
6B0Q,A,zf-C2H2,PF00096,353,377,domain_1,P19544,353,377
6B0O,A,zf-C2H2,PF00096,353,377,domain_1,P19544,353,377
4R2E,A,zf-C2H2,PF00096,353,377,domain_1,P19544,353,377
4R2P,A,zf-C2H2,PF00096,353,377,domain_1,P19544,353,377
6B0P,D,zf-C2H2,PF00096,353,377,domain_1,P19544,353,377
6WLH,A,zf-C2H2,PF00096,36,60,domain_1,P19544,353,377
5KL3,A,zf-C2H2,PF00096,353,377,domain_1,P19544,353,377
5KL4,A,zf-C2H2,PF00096,353,377,domain_1,P19544,353,377
5KL6,A,zf-C2H2,PF00096,353,377,domain_1,P19544,353,377
2JPA,A,zf-C2H2,PF00096,37,61,domain_1,P19544,353,377
5KL7,A,zf-C2H2,PF00096,353,377,domain_1,P19544,353,377
5KL4,D,zf-C2H2,PF00096,353,377,domain_1,P19544,353,377
4R2Q,A,zf-C2H2,PF00096,353,377,domain_1,P19544,353,377
2JP9,A,zf-C2H2,PF00096,37,61,domain_1,P19544,353,377
5KL2,A,zf-C2H2,PF00096,353,377,domain_1,P19544,353,377
6BLW,A,zf-C2H2,PF00096,353,377,domain_1,P19544,353,377
5KL5,A,zf-C2H2,PF00096,353,377,domain_1,P19544,353,377
6B0P,A,zf-C2H2,PF00096,353,377,domain_1,P19544,353,377
4R2S,A,zf-C2H2,PF00096,383,405,domain_2,P19544,383,405
6B0Q,D,zf-C2H2,PF00096,383,405,domain_2,P19544,383,405
2PRT,A,zf-C2H2,PF00096,383,405,domain_2,P19544,383,405
6B0R,D,zf-C2H2,PF00096,383,405,domain_2,P19544,383,405
4R2R,A,zf-C2H2,PF00096,383,405,domain_2,P19544,383,405
6B0O,D,zf-C2H2,PF00096,383,405,domain_2,P19544,383,405
6B0R,A,zf-C2H2,PF00096,383,405,domain_2,P19544,383,405
6B0Q,A,zf-C2H2,PF00096,383,405,domain_2,P19544,383,405
6B0O,A,zf-C2H2,PF00096,383,405,domain_2,P19544,383,405
4R2E,A,zf-C2H2,PF00096,383,405,domain_2,P19544,383,405
4R2P,A,zf-C2H2,PF00096,383,405,domain_2,P19544,383,405
6B0P,D,zf-C2H2,PF00096,383,405,domain_2,P19544,383,405
6WLH,A,zf-C2H2,PF00096,66,88,domain_2,P19544,383,405
5KL3,A,zf-C2H2,PF00096,383,405,domain_2,P19544,383,405
5KL4,A,zf-C2H2,PF00096,383,405,domain_2,P19544,383,405
5KL6,A,zf-C2H2,PF00096,383,405,domain_2,P19544,383,405
2JPA,A,zf-C2H2,PF00096,67,89,domain_2,P19544,383,405
5KL7,A,zf-C2H2,PF00096,383,405,domain_2,P19544,383,405
5KL4,D,zf-C2H2,PF00096,383,405,domain_2,P19544,383,405
1XF7,A,zf-C2H2,PF00096,3,25,domain_2,P19544,383,405
4R2Q,A,zf-C2H2,PF00096,383,405,domain_2,P19544,383,405
2JP9,A,zf-C2H2,PF00096,67,89,domain_2,P19544,383,405
5KL2,A,zf-C2H2,PF00096,383,405,domain_2,P19544,383,405
6BLW,A,zf-C2H2,PF00096,383,405,domain_2,P19544,383,405
5KL5,A,zf-C2H2,PF00096,383,405,domain_2,P19544,383,405
6B0P,A,zf-C2H2,PF00096,383,405,domain_2,P19544,383,405
1UBD,C,zf-C2H2,PF00096,325,347,domain_1,P25490,325,347
1ZNM,A,zf-C2H2,PF00096,2,26,domain_2,P25490,353,377
1UBD,C,zf-C2H2,PF00096,353,377,domain_2,P25490,353,377
1UBD,C,zf-C2H2,PF00096,383,407,domain_3,P25490,383,407
2LCE,A,zf-C2H2,PF00096,46,68,domain_1,P41182,574,596
2EN2,A,zf-C2H2,PF00096,12,34,domain_2,P41182,602,624
2EOS,A,zf-C2H2,PF00096,12,34,domain_3,P41182,630,652
5T0U,D,zf-C2H2,PF00096,294,316,domain_1,P49711,294,316
5T0U,A,zf-C2H2,PF00096,294,316,domain_1,P49711,294,316
5T0U,D,zf-C2H2,PF00096,322,345,domain_2,P49711,322,345
5YEF,J,zf-C2H2,PF00096,322,345,domain_2,P49711,322,345
5YEF,B,zf-C2H2,PF00096,322,345,domain_2,P49711,322,345
5KKQ,A,zf-C2H2,PF00096,322,345,domain_2,P49711,322,345
5T0U,A,zf-C2H2,PF00096,322,345,domain_2,P49711,322,345
5T00,A,zf-C2H2,PF00096,322,345,domain_2,P49711,322,345
5KKQ,D,zf-C2H2,PF00096,322,345,domain_2,P49711,322,345
5YEF,G,zf-C2H2,PF00096,322,345,domain_2,P49711,322,345
5YEF,A,zf-C2H2,PF00096,322,345,domain_2,P49711,322,345
5T00,D,zf-C2H2,PF00096,322,345,domain_2,P49711,322,345
5K5I,A,zf-C2H2,PF00096,379,401,domain_3,P49711,379,401
5T0U,D,zf-C2H2,PF00096,379,401,domain_3,P49711,379,401
5K5H,A,zf-C2H2,PF00096,379,401,domain_3,P49711,379,401
5YEH,B,zf-C2H2,PF00096,379,401,domain_3,P49711,379,401
5YEF,J,zf-C2H2,PF00096,379,401,domain_3,P49711,379,401
5K5J,A,zf-C2H2,PF00096,379,401,domain_3,P49711,379,401
5UND,A,zf-C2H2,PF00096,379,401,domain_3,P49711,379,401
5YEF,B,zf-C2H2,PF00096,379,401,domain_3,P49711,379,401
5KKQ,A,zf-C2H2,PF00096,379,401,domain_3,P49711,379,401
5YEG,A,zf-C2H2,PF00096,379,401,domain_3,P49711,379,401
5T0U,A,zf-C2H2,PF00096,379,401,domain_3,P49711,379,401
5T00,A,zf-C2H2,PF00096,379,401,domain_3,P49711,379,401
5KKQ,D,zf-C2H2,PF00096,379,401,domain_3,P49711,379,401
5YEF,G,zf-C2H2,PF00096,379,401,domain_3,P49711,379,401
5UND,B,zf-C2H2,PF00096,379,401,domain_3,P49711,379,401
5YEF,A,zf-C2H2,PF00096,379,401,domain_3,P49711,379,401
5YEG,B,zf-C2H2,PF00096,379,401,domain_3,P49711,379,401
5YEH,A,zf-C2H2,PF00096,379,401,domain_3,P49711,379,401
5T00,D,zf-C2H2,PF00096,379,401,domain_3,P49711,379,401
5YEL,B,zf-C2H2,PF00096,437,460,domain_4,P49711,437,460
5YEL,A,zf-C2H2,PF00096,437,460,domain_4,P49711,437,460
5K5I,A,zf-C2H2,PF00096,437,460,domain_4,P49711,437,460
5T0U,D,zf-C2H2,PF00096,437,460,domain_4,P49711,437,460
5K5H,A,zf-C2H2,PF00096,437,460,domain_4,P49711,437,460
5YEH,B,zf-C2H2,PF00096,437,460,domain_4,P49711,437,460
5YEF,J,zf-C2H2,PF00096,437,460,domain_4,P49711,437,460
5K5J,A,zf-C2H2,PF00096,437,460,domain_4,P49711,437,460
5UND,A,zf-C2H2,PF00096,437,460,domain_4,P49711,437,460
5YEF,B,zf-C2H2,PF00096,437,460,domain_4,P49711,437,460
5K5L,F,zf-C2H2,PF00096,437,460,domain_4,P49711,437,460
5KKQ,A,zf-C2H2,PF00096,437,460,domain_4,P49711,437,460
2CT1,A,zf-C2H2,PF00096,46,69,domain_4,P49711,437,460
5YEG,A,zf-C2H2,PF00096,437,460,domain_4,P49711,437,460
5K5L,G,zf-C2H2,PF00096,437,460,domain_4,P49711,437,460
5T0U,A,zf-C2H2,PF00096,437,460,domain_4,P49711,437,460
5T00,A,zf-C2H2,PF00096,437,460,domain_4,P49711,437,460
5K5L,E,zf-C2H2,PF00096,437,460,domain_4,P49711,437,460
5KKQ,D,zf-C2H2,PF00096,437,460,domain_4,P49711,437,460
5YEF,G,zf-C2H2,PF00096,437,460,domain_4,P49711,437,460
5UND,B,zf-C2H2,PF00096,437,460,domain_4,P49711,437,460
5YEF,A,zf-C2H2,PF00096,437,460,domain_4,P49711,437,460
5YEG,B,zf-C2H2,PF00096,437,460,domain_4,P49711,437,460
5YEH,A,zf-C2H2,PF00096,437,460,domain_4,P49711,437,460
5T00,D,zf-C2H2,PF00096,437,460,domain_4,P49711,437,460
5YEL,B,zf-C2H2,PF00096,555,575,domain_5,P49711,555,575
5YEL,A,zf-C2H2,PF00096,555,575,domain_5,P49711,555,575
1X6H,A,zf-C2H2,PF00096,48,68,domain_5,P49711,555,575
2LV2,A,zf-C2H2,PF00096,28,52,domain_1,Q01101,440,464
2LV2,A,zf-C2H2,PF00096,57,80,domain_2,Q01101,469,492
2KMK,A,zf-C2H2,PF00096,2,24,domain_1,Q07120,313,335
2KMK,A,zf-C2H2,PF00096,30,52,domain_2,Q07120,341,363
2KMK,A,zf-C2H2,PF00096,58,80,domain_3,Q07120,369,391
2I13,B,zf-C2H2,PF00096,22,44,domain_1,Q07230,222,244
2I13,A,zf-C2H2,PF00096,31,44,domain_2,Q07230,231,244
2I13,A,zf-C2H2,PF00096,50,72,domain_3,Q07230,250,272
2I13,B,zf-C2H2,PF00096,50,72,domain_3,Q07230,250,272
2I13,A,zf-C2H2,PF00096,78,100,domain_4,Q07230,278,300
2I13,B,zf-C2H2,PF00096,78,100,domain_4,Q07230,278,300
2I13,A,zf-C2H2,PF00096,106,128,domain_5,Q07230,306,328
2I13,B,zf-C2H2,PF00096,106,128,domain_5,Q07230,306,328
2I13,A,zf-C2H2,PF00096,134,156,domain_6,Q07230,334,356
2I13,B,zf-C2H2,PF00096,134,156,domain_6,Q07230,334,356
2I13,A,zf-C2H2,PF00096,162,184,domain_7,Q07230,362,384
2N26,A,zf-C2H2,PF00096,88,110,domain_1,Q13105,390,412
2M0D,A,zf-C2H2,PF00096,4,26,domain_2,Q13105,418,440
2M0E,A,zf-C2H2,PF00096,32,54,domain_3,Q13105,446,468
2M0F,A,zf-C2H2,PF00096,60,82,domain_4,Q13105,474,496
2LVT,A,zf-C2H2,PF00096,32,54,domain_5,Q13105,530,552
7MC1,A,zf-C2H2,PF00096,4,26,domain_6,Q13105,558,580
2LVU,A,zf-C2H2,PF00096,60,82,domain_6,Q13105,558,580
7MC2,A,zf-C2H2,PF00096,32,54,domain_7,Q13105,586,608
7MC3,A,zf-C2H2,PF00096,60,83,domain_8,Q13105,614,637
2EPA,A,zf-C2H2,PF00096,48,72,domain_1,Q13118,399,423
6H0F,C,zf-C2H2,PF00096,145,167,domain_1,Q13422,145,167
6H0F,F,zf-C2H2,PF00096,145,167,domain_1,Q13422,145,167
6H0F,L,zf-C2H2,PF00096,145,167,domain_1,Q13422,145,167
6H0F,I,zf-C2H2,PF00096,145,167,domain_1,Q13422,145,167
2EBT,A,zf-C2H2,PF00096,373,397,domain_1,Q13887,373,397
2EBT,A,zf-C2H2,PF00096,403,427,domain_2,Q13887,403,427
2EBT,A,zf-C2H2,PF00096,433,455,domain_3,Q13887,433,455
2EMW,A,zf-C2H2,PF00096,11,33,domain_1,Q14587,304,326
2EOI,A,zf-C2H2,PF00096,11,33,domain_2,Q14587,332,354
2EOJ,A,zf-C2H2,PF00096,13,35,domain_3,Q14587,360,382
2EN0,A,zf-C2H2,PF00096,11,33,domain_4,Q14587,388,410
2EOF,A,zf-C2H2,PF00096,13,35,domain_5,Q14587,416,438
2EOK,A,zf-C2H2,PF00096,11,33,domain_6,Q14587,444,466
2EN7,A,zf-C2H2,PF00096,13,35,domain_7,Q14587,500,522
2EPY,A,zf-C2H2,PF00096,528,550,domain_8,Q14587,528,550
2EMY,A,zf-C2H2,PF00096,13,35,domain_9,Q14587,556,578
2EOL,A,zf-C2H2,PF00096,11,33,domain_10,Q14587,584,606
2YTF,A,zf-C2H2,PF00096,13,35,domain_11,Q14587,612,634
2EM1,A,zf-C2H2,PF00096,11,33,domain_12,Q14587,640,662
2EL4,A,zf-C2H2,PF00096,13,35,domain_13,Q14587,668,690
2EOG,A,zf-C2H2,PF00096,11,33,domain_14,Q14587,696,718
2EOP,A,zf-C2H2,PF00096,13,35,domain_15,Q14587,724,746
2EL5,A,zf-C2H2,PF00096,11,33,domain_16,Q14587,752,774
2YTQ,A,zf-C2H2,PF00096,13,35,domain_17,Q14587,780,802
2EPV,A,zf-C2H2,PF00096,808,830,domain_18,Q14587,808,830
2EMV,A,zf-C2H2,PF00096,13,35,domain_19,Q14587,864,886
2EN6,A,zf-C2H2,PF00096,13,35,domain_20,Q14587,892,914
2DLQ,A,zf-C2H2,PF00096,36,57,domain_1,Q1H9T6,312,333
2DLQ,A,zf-C2H2,PF00096,67,89,domain_2,Q1H9T6,343,365
6SKG,Bo,zf-C2H2,PF00096,18,41,domain_1,Q5JFH3,18,41
2EMF,A,zf-C2H2,PF00096,13,35,domain_1,Q5JVG2,384,406
2EQW,A,zf-C2H2,PF00096,412,434,domain_2,Q5JVG2,412,434
2EP1,A,zf-C2H2,PF00096,13,35,domain_3,Q5JVG2,440,462
2EMG,A,zf-C2H2,PF00096,13,35,domain_4,Q5JVG2,468,490
2EMH,A,zf-C2H2,PF00096,13,35,domain_5,Q5JVG2,496,518
2EMI,A,zf-C2H2,PF00096,13,35,domain_6,Q5JVG2,552,574
2EP2,A,zf-C2H2,PF00096,13,35,domain_7,Q5JVG2,608,630
2EP3,A,zf-C2H2,PF00096,13,35,domain_8,Q5JVG2,636,658
2YTO,A,zf-C2H2,PF00096,13,35,domain_9,Q5JVG2,664,686
2YTP,A,zf-C2H2,PF00096,13,35,domain_10,Q5JVG2,692,714
2YTS,A,zf-C2H2,PF00096,13,35,domain_11,Q5JVG2,720,742
2YTJ,A,zf-C2H2,PF00096,13,35,domain_12,Q5JVG2,776,798
2WBS,A,zf-C2H2,PF00096,400,424,domain_1,Q60793,400,424
5KE7,A,zf-C2H2,PF00096,400,424,domain_1,Q60793,400,424
5KE8,A,zf-C2H2,PF00096,400,424,domain_1,Q60793,400,424
5KE6,A,zf-C2H2,PF00096,400,424,domain_1,Q60793,400,424
5KE9,A,zf-C2H2,PF00096,400,424,domain_1,Q60793,400,424
5KEB,A,zf-C2H2,PF00096,400,424,domain_1,Q60793,400,424
2WBU,A,zf-C2H2,PF00096,400,424,domain_1,Q60793,400,424
5KEA,A,zf-C2H2,PF00096,400,424,domain_1,Q60793,400,424
4M9E,A,zf-C2H2,PF00096,400,424,domain_1,Q60793,400,424
2WBS,A,zf-C2H2,PF00096,430,454,domain_2,Q60793,430,454
5KE7,A,zf-C2H2,PF00096,430,454,domain_2,Q60793,430,454
5KE8,A,zf-C2H2,PF00096,430,454,domain_2,Q60793,430,454
5KE6,A,zf-C2H2,PF00096,430,454,domain_2,Q60793,430,454
5KE9,A,zf-C2H2,PF00096,430,454,domain_2,Q60793,430,454
5KEB,A,zf-C2H2,PF00096,430,454,domain_2,Q60793,430,454
2WBU,A,zf-C2H2,PF00096,430,454,domain_2,Q60793,430,454
5KEA,A,zf-C2H2,PF00096,430,454,domain_2,Q60793,430,454
4M9E,A,zf-C2H2,PF00096,430,454,domain_2,Q60793,430,454
2WBS,A,zf-C2H2,PF00096,460,482,domain_3,Q60793,460,482
5KE7,A,zf-C2H2,PF00096,460,482,domain_3,Q60793,460,482
5KE8,A,zf-C2H2,PF00096,460,482,domain_3,Q60793,460,482
5KE6,A,zf-C2H2,PF00096,460,482,domain_3,Q60793,460,482
5KE9,A,zf-C2H2,PF00096,460,482,domain_3,Q60793,460,482
5KEB,A,zf-C2H2,PF00096,460,482,domain_3,Q60793,460,482
2WBU,A,zf-C2H2,PF00096,460,482,domain_3,Q60793,460,482
5KEA,A,zf-C2H2,PF00096,460,482,domain_3,Q60793,460,482
4M9E,A,zf-C2H2,PF00096,460,482,domain_3,Q60793,460,482
1P7A,A,zf-C2H2,PF00096,12,34,domain_1,Q60980,319,341
1U86,A,zf-C2H2,PF00096,8,32,domain_1,Q60980,319,341
1U85,A,zf-C2H2,PF00096,8,30,domain_1,Q60980,319,341
6ML6,A,zf-C2H2,PF00096,377,399,domain_1,Q80X44,377,399
6ML7,A,zf-C2H2,PF00096,377,399,domain_1,Q80X44,377,399
6ML5,A,zf-C2H2,PF00096,377,399,domain_1,Q80X44,377,399
6ML4,A,zf-C2H2,PF00096,377,399,domain_1,Q80X44,377,399
6ML2,A,zf-C2H2,PF00096,377,399,domain_1,Q80X44,377,399
6ML6,A,zf-C2H2,PF00096,433,455,domain_2,Q80X44,433,455
6ML7,A,zf-C2H2,PF00096,433,455,domain_2,Q80X44,433,455
6ML5,A,zf-C2H2,PF00096,433,455,domain_2,Q80X44,433,455
6ML4,A,zf-C2H2,PF00096,433,455,domain_2,Q80X44,433,455
6ML2,A,zf-C2H2,PF00096,433,455,domain_2,Q80X44,433,455
6ML3,A,zf-C2H2,PF00096,433,455,domain_2,Q80X44,433,455
6ML6,A,zf-C2H2,PF00096,489,511,domain_3,Q80X44,489,511
6ML7,A,zf-C2H2,PF00096,489,511,domain_3,Q80X44,489,511
6ML5,A,zf-C2H2,PF00096,489,511,domain_3,Q80X44,489,511
6ML4,A,zf-C2H2,PF00096,489,511,domain_3,Q80X44,489,511
6ML2,A,zf-C2H2,PF00096,489,511,domain_3,Q80X44,489,511
6ML3,A,zf-C2H2,PF00096,489,511,domain_3,Q80X44,489,511
6WMI,A,zf-C2H2,PF00096,249,273,domain_1,Q86VK4,249,273
6WMI,D,zf-C2H2,PF00096,249,273,domain_1,Q86VK4,249,273
6WMI,A,zf-C2H2,PF00096,279,303,domain_2,Q86VK4,279,303
6WMI,D,zf-C2H2,PF00096,279,303,domain_2,Q86VK4,279,303
6WMI,A,zf-C2H2,PF00096,339,362,domain_3,Q86VK4,339,362
6WMI,D,zf-C2H2,PF00096,339,362,domain_3,Q86VK4,339,362
4GZN,C,zf-C2H2,PF00096,140,162,domain_1,Q8C6P8,140,162
4M9V,F,zf-C2H2,PF00096,140,162,domain_1,Q8C6P8,140,162
4M9V,C,zf-C2H2,PF00096,140,162,domain_1,Q8C6P8,140,162
4GZN,C,zf-C2H2,PF00096,169,190,domain_2,Q8C6P8,169,190
4M9V,F,zf-C2H2,PF00096,169,190,domain_2,Q8C6P8,169,190
4M9V,C,zf-C2H2,PF00096,169,190,domain_2,Q8C6P8,169,190
6E93,A,zf-C2H2,PF00096,1038,1060,domain_1,Q8NAP3,1038,1060
6E94,A,zf-C2H2,PF00096,1038,1060,domain_1,Q8NAP3,1038,1060
6E93,A,zf-C2H2,PF00096,1066,1088,domain_2,Q8NAP3,1066,1088
6E94,A,zf-C2H2,PF00096,1066,1088,domain_2,Q8NAP3,1066,1088
2EN9,A,zf-C2H2,PF00096,13,35,domain_1,Q8NHY6,420,442
2EP0,A,zf-C2H2,PF00096,13,35,domain_2,Q8NHY6,533,555
2ENH,A,zf-C2H2,PF00096,13,35,domain_3,Q8NHY6,561,583
2EM2,A,zf-C2H2,PF00096,13,35,domain_4,Q8NHY6,589,611
2EMJ,A,zf-C2H2,PF00096,13,35,domain_5,Q8NHY6,617,639
2EM3,A,zf-C2H2,PF00096,13,35,domain_6,Q8NHY6,645,667
2EMK,A,zf-C2H2,PF00096,13,35,domain_7,Q8NHY6,673,695
2EML,A,zf-C2H2,PF00096,13,35,domain_8,Q8NHY6,757,779
2EOH,A,zf-C2H2,PF00096,13,35,domain_9,Q8NHY6,785,807
2YTT,A,zf-C2H2,PF00096,13,35,domain_1,Q8WTR7,209,231
2EOX,A,zf-C2H2,PF00096,13,35,domain_2,Q8WTR7,320,342
2EOU,A,zf-C2H2,PF00096,13,35,domain_3,Q8WTR7,375,397
2YTD,A,zf-C2H2,PF00096,13,35,domain_4,Q8WTR7,431,453
2EMC,A,zf-C2H2,PF00096,13,35,domain_5,Q8WTR7,646,668
2YU5,A,zf-C2H2,PF00096,13,35,domain_6,Q8WTR7,674,696
2YRH,A,zf-C2H2,PF00096,11,33,domain_7,Q8WTR7,702,724
2EME,A,zf-C2H2,PF00096,13,35,domain_8,Q8WTR7,730,752
2YSV,A,zf-C2H2,PF00096,758,780,domain_9,Q8WTR7,758,780
2YRJ,A,zf-C2H2,PF00096,13,35,domain_10,Q8WTR7,786,808
2EOZ,A,zf-C2H2,PF00096,13,35,domain_11,Q8WTR7,814,836
2EE8,A,zf-C2H2,PF00096,18,40,domain_1,Q91ZD1,172,194
2EE8,A,zf-C2H2,PF00096,74,96,domain_2,Q91ZD1,228,250
2M9A,A,zf-C2H2,PF00096,14,36,domain_1,Q96JP5,372,394
2M9A,A,zf-C2H2,PF00096,42,64,domain_2,Q96JP5,400,422
2M9A,A,zf-C2H2,PF00096,72,95,domain_3,Q96JP5,430,453
2EN4,A,zf-C2H2,PF00096,13,35,domain_1,Q96SE7,289,311
2EMA,A,zf-C2H2,PF00096,13,35,domain_2,Q96SE7,317,339
2ENF,A,zf-C2H2,PF00096,13,35,domain_3,Q96SE7,345,367
2EOW,A,zf-C2H2,PF00096,13,35,domain_4,Q96SE7,373,395
2YTK,A,zf-C2H2,PF00096,13,35,domain_5,Q96SE7,401,423
2EQ0,A,zf-C2H2,PF00096,457,479,domain_6,Q96SE7,457,479
2EQ1,A,zf-C2H2,PF00096,485,507,domain_7,Q96SE7,485,507
2EOE,A,zf-C2H2,PF00096,13,35,domain_8,Q96SE7,513,535
2EMP,A,zf-C2H2,PF00096,13,35,domain_9,Q96SE7,541,563
2YTI,A,zf-C2H2,PF00096,13,35,domain_10,Q96SE7,569,591
2ENE,A,zf-C2H2,PF00096,13,35,domain_11,Q96SE7,597,619
2YU8,A,zf-C2H2,PF00096,13,35,domain_12,Q96SE7,653,675
2EQ2,A,zf-C2H2,PF00096,681,703,domain_13,Q96SE7,681,703
2EQ3,A,zf-C2H2,PF00096,709,731,domain_14,Q96SE7,709,731
2YTN,A,zf-C2H2,PF00096,13,35,domain_15,Q96SE7,737,759
2YTR,A,zf-C2H2,PF00096,13,35,domain_16,Q96SE7,765,787
2DLK,A,zf-C2H2,PF00096,39,63,domain_1,Q9BU19,359,383
6H0G,F,zf-C2H2,PF00096,417,439,domain_2,Q9BU19,417,439
2D9H,A,zf-C2H2,PF00096,8,30,domain_2,Q9BU19,417,439
6H0G,C,zf-C2H2,PF00096,417,439,domain_2,Q9BU19,417,439
6KI6,B,zf-C2H2,PF00096,742,764,domain_1,Q9H165,742,764
6U9Q,A,zf-C2H2,PF00096,742,764,domain_1,Q9H165,742,764
6KI6,A,zf-C2H2,PF00096,742,764,domain_1,Q9H165,742,764
6KI6,B,zf-C2H2,PF00096,770,792,domain_2,Q9H165,770,792
6U9Q,A,zf-C2H2,PF00096,770,792,domain_2,Q9H165,770,792
6KI6,A,zf-C2H2,PF00096,770,792,domain_2,Q9H165,770,792
6U9Q,A,zf-C2H2,PF00096,800,823,domain_3,Q9H165,800,823
6KI6,A,zf-C2H2,PF00096,800,823,domain_3,Q9H165,800,823
2MA7,A,zf-C2H2,PF00096,44,66,domain_1,Q9H2S9,187,209
2COT,A,zf-C2H2,PF00096,19,41,domain_1,Q9H4T2,236,258
2COT,A,zf-C2H2,PF00096,47,69,domain_2,Q9H4T2,264,286
2YT9,A,zf-C2H2,PF00096,363,384,domain_1,Q9HBE1,356,377
2EPR,A,zf-C2H2,PF00096,356,377,domain_1,Q9HBE1,356,377
2EPQ,A,zf-C2H2,PF00096,383,405,domain_2,Q9HBE1,383,405
2YT9,A,zf-C2H2,PF00096,390,412,domain_2,Q9HBE1,383,405
2EPS,A,zf-C2H2,PF00096,413,436,domain_3,Q9HBE1,413,436
2YT9,A,zf-C2H2,PF00096,420,443,domain_3,Q9HBE1,413,436
2KVF,A,zf-C2H2,PF00096,4,26,domain_1,Q9JKD9,350,372
5EI9,F,zf-C2H2,PF00096,719,741,domain_1,Q9NQV7,720,742
5EH2,E,zf-C2H2,PF00096,719,741,domain_1,Q9NQV7,720,742
5EI9,E,zf-C2H2,PF00096,719,741,domain_1,Q9NQV7,720,742
5EH2,F,zf-C2H2,PF00096,719,741,domain_1,Q9NQV7,720,742
5EGB,A,zf-C2H2,PF00096,719,741,domain_1,Q9NQV7,720,742
5EI9,F,zf-C2H2,PF00096,747,769,domain_2,Q9NQV7,748,770
5EH2,E,zf-C2H2,PF00096,747,769,domain_2,Q9NQV7,748,770
5EI9,E,zf-C2H2,PF00096,747,769,domain_2,Q9NQV7,748,770
5EH2,F,zf-C2H2,PF00096,747,769,domain_2,Q9NQV7,748,770
5EGB,A,zf-C2H2,PF00096,747,769,domain_2,Q9NQV7,748,770
5EI9,F,zf-C2H2,PF00096,775,797,domain_3,Q9NQV7,776,798
5EH2,E,zf-C2H2,PF00096,775,797,domain_3,Q9NQV7,776,798
5EI9,E,zf-C2H2,PF00096,775,797,domain_3,Q9NQV7,776,798
5EH2,F,zf-C2H2,PF00096,775,797,domain_3,Q9NQV7,776,798
5EGB,A,zf-C2H2,PF00096,775,797,domain_3,Q9NQV7,776,798
5EI9,F,zf-C2H2,PF00096,803,825,domain_4,Q9NQV7,804,826
5EH2,E,zf-C2H2,PF00096,803,825,domain_4,Q9NQV7,804,826
5EI9,E,zf-C2H2,PF00096,803,825,domain_4,Q9NQV7,804,826
5EH2,F,zf-C2H2,PF00096,803,825,domain_4,Q9NQV7,804,826
5EGB,A,zf-C2H2,PF00096,803,825,domain_4,Q9NQV7,804,826
2DMD,A,zf-C2H2,PF00096,9,31,domain_1,Q9NTW7,175,197
2DMD,A,zf-C2H2,PF00096,65,87,domain_2,Q9NTW7,231,253
2EN8,A,zf-C2H2,PF00096,13,35,domain_1,Q9NZL3,176,198
2EM6,A,zf-C2H2,PF00096,13,35,domain_2,Q9NZL3,204,226
2ELY,A,zf-C2H2,PF00096,13,35,domain_3,Q9NZL3,232,254
2EOR,A,zf-C2H2,PF00096,13,35,domain_4,Q9NZL3,260,282
2EOQ,A,zf-C2H2,PF00096,13,35,domain_5,Q9NZL3,288,310
2ENA,A,zf-C2H2,PF00096,13,35,domain_6,Q9NZL3,316,338
2EM9,A,zf-C2H2,PF00096,13,35,domain_7,Q9NZL3,372,394
2EQ4,A,zf-C2H2,PF00096,456,478,domain_8,Q9NZL3,456,478
2YTH,A,zf-C2H2,PF00096,13,35,domain_9,Q9NZL3,484,506
2YSP,A,zf-C2H2,PF00096,13,35,domain_10,Q9NZL3,512,534
2EN1,A,zf-C2H2,PF00096,13,35,domain_11,Q9NZL3,568,590
2ELZ,A,zf-C2H2,PF00096,13,35,domain_12,Q9NZL3,652,674
2EM0,A,zf-C2H2,PF00096,13,35,domain_13,Q9NZL3,680,702
2ELS,A,zf-C2H2,PF00096,10,32,domain_1,Q9P243,271,293
2RSJ,A,zf-C2H2,PF00096,10,32,domain_1,Q9P243,271,293
2RUT,A,zf-C2H2,PF00096,10,32,domain_1,Q9P243,271,293
2RV6,A,zf-C2H2,PF00096,10,32,domain_1,Q9P243,271,293
2ELQ,A,zf-C2H2,PF00096,10,32,domain_2,Q9P243,909,931
2RV2,A,zf-C2H2,PF00096,10,32,domain_2,Q9P243,909,931
2ENT,A,zf-C2H2,PF00096,351,375,domain_1,Q9UIH9,351,375
7BQU,B,zf-C2H2,PF00096,410,432,domain_1,Q9UJQ4,410,432
7BQV,B,zf-C2H2,PF00096,410,432,domain_1,Q9UJQ4,410,432
6UML,E,zf-C2H2,PF00096,410,432,domain_1,Q9UJQ4,410,432
7LPS,C,zf-C2H2,PF00096,140,162,domain_1,Q9UKS7,140,162
7LPS,F,zf-C2H2,PF00096,140,162,domain_1,Q9UKS7,140,162
7LPS,L,zf-C2H2,PF00096,140,162,domain_1,Q9UKS7,140,162
7LPS,I,zf-C2H2,PF00096,140,162,domain_1,Q9UKS7,140,162
2EOM,A,zf-C2H2,PF00096,13,35,domain_1,Q9Y2L8,346,368
2YTG,A,zf-C2H2,PF00096,13,35,domain_2,Q9Y2L8,374,396
2EON,A,zf-C2H2,PF00096,13,35,domain_3,Q9Y2L8,402,424
2EOO,A,zf-C2H2,PF00096,13,35,domain_4,Q9Y2L8,430,452
2EMM,A,zf-C2H2,PF00096,13,35,domain_5,Q9Y2L8,549,571
2EMZ,A,zf-C2H2,PF00096,13,35,domain_6,Q9Y2L8,633,655
2EM5,A,zf-C2H2,PF00096,13,35,domain_7,Q9Y2L8,773,795
