PDB_id,Chain_id,Domain,Family_id,PDB_start,PDB_end,Domain_pos,UNP_id,UNP_start,UNP_end
7AMK,A,RET_CLD1,PF17756,23,140,domain_1,A8E7C6,23,140
7AML,A,RET_CLD1,PF17756,23,140,domain_1,A8E7C6,23,140
7AMK,B,RET_CLD1,PF17756,23,140,domain_1,A8E7C6,23,140
7AML,D,RET_CLD1,PF17756,23,140,domain_1,A8E7C6,23,140
5IU9,A,Cadherin_2,PF08266,3,86,domain_1,F8W3X3,27,110
5IU9,B,Cadherin_2,PF08266,3,86,domain_1,F8W3X3,27,110
6VFT,B,Cadherin_2,PF08266,3,95,domain_1,O14917,20,112
6VFT,A,Cadherin_2,PF08266,3,95,domain_1,O14917,20,112
6VFT,C,Cadherin_2,PF08266,3,95,domain_1,O14917,20,112
6VFT,D,Cadherin_2,PF08266,3,95,domain_1,O14917,20,112
5DZW,A,Cadherin_2,PF08266,1,83,domain_1,O88689,30,112
1WUZ,A,Cadherin_2,PF08266,4,86,domain_1,O88689,30,112
6GL7,F,RET_CLD1,PF17756,29,154,domain_1,P07949,29,154
2X2U,A,RET_CLD1,PF17756,29,154,domain_1,P07949,29,154
6Q2O,E,RET_CLD1,PF17756,29,154,domain_1,P07949,29,154
6Q2N,F,RET_CLD1,PF17756,29,154,domain_1,P07949,29,154
6Q2O,F,RET_CLD1,PF17756,29,154,domain_1,P07949,29,154
6GL7,E,RET_CLD1,PF17756,29,154,domain_1,P07949,29,154
6Q2R,F,RET_CLD1,PF17756,29,154,domain_1,P07949,29,154
6Q2J,E,RET_CLD1,PF17756,29,154,domain_1,P07949,29,154
6Q2S,E,RET_CLD1,PF17756,29,154,domain_1,P07949,29,154
6Q2R,Z,RET_CLD1,PF17756,29,154,domain_1,P07949,29,154
6Q2J,F,RET_CLD1,PF17756,29,154,domain_1,P07949,29,154
6Q2S,F,RET_CLD1,PF17756,29,154,domain_1,P07949,29,154
4UX8,A,RET_CLD1,PF17756,29,154,domain_1,P07949,29,154
6Q2R,Y,RET_CLD1,PF17756,29,154,domain_1,P07949,29,154
6Q2N,E,RET_CLD1,PF17756,29,154,domain_1,P07949,29,154
6Q2R,E,RET_CLD1,PF17756,29,154,domain_1,P07949,29,154
4UX8,B,RET_CLD1,PF17756,29,154,domain_1,P07949,29,154
1OP4,A,Cadherin_pro,PF08758,31,121,domain_1,P15116,31,121
6VFP,A,Cadherin_2,PF08266,2,85,domain_1,Q08174,59,142
6MGA,A,Cadherin_2,PF08266,3,85,domain_1,Q08174,60,142
6BX7,A,Cadherin_2,PF08266,3,85,domain_1,Q08174,60,142
6VG1,A,Cadherin_2,PF08266,2,79,domain_1,Q6GLU2,22,99
6VG1,B,Cadherin_2,PF08266,2,79,domain_1,Q6GLU2,22,99
1WYJ,A,Cadherin_2,PF08266,12,94,domain_1,Q6PB90,30,112
5T9T,A,Cadherin_2,PF08266,2,82,domain_1,Q8K486,31,111
5T9T,B,Cadherin_2,PF08266,2,82,domain_1,Q8K486,31,111
6VFU,C,Cadherin_2,PF08266,3,88,domain_1,Q8TAB3,24,109
6VFU,B,Cadherin_2,PF08266,3,88,domain_1,Q8TAB3,24,109
6VFU,A,Cadherin_2,PF08266,3,88,domain_1,Q8TAB3,24,109
4ZPQ,A,Cadherin_2,PF08266,1,83,domain_1,Q91XW9,30,112
4ZPQ,C,Cadherin_2,PF08266,1,83,domain_1,Q91XW9,30,112
4ZPN,B,Cadherin_2,PF08266,6,88,domain_1,Q91XW9,30,112
4ZPP,B,Cadherin_2,PF08266,1,83,domain_1,Q91XW9,30,112
4ZPP,A,Cadherin_2,PF08266,1,83,domain_1,Q91XW9,30,112
4ZPN,A,Cadherin_2,PF08266,6,88,domain_1,Q91XW9,30,112
4ZPQ,B,Cadherin_2,PF08266,1,83,domain_1,Q91XW9,30,112
4ZPO,A,Cadherin_2,PF08266,1,83,domain_1,Q91XW9,30,112
7JGZ,A,Cadherin_2,PF08266,1,83,domain_1,Q91XX0,33,115
4ZI8,B,Cadherin_2,PF08266,2,84,domain_1,Q91XX1,32,114
4ZI8,A,Cadherin_2,PF08266,2,84,domain_1,Q91XX1,32,114
5SZP,A,Cadherin_2,PF08266,2,82,domain_1,Q91XX3,32,112
5SZO,A,Cadherin_2,PF08266,2,82,domain_1,Q91XX3,32,112
5SZO,B,Cadherin_2,PF08266,2,82,domain_1,Q91XX3,32,112
5SZP,B,Cadherin_2,PF08266,2,82,domain_1,Q91XX3,32,112
6E6B,A,Cadherin_2,PF08266,2,82,domain_1,Q91XX6,32,112
6E6B,B,Cadherin_2,PF08266,2,82,domain_1,Q91XX6,32,112
5SZN,A,Cadherin_2,PF08266,3,84,domain_1,Q91XX9,32,113
4ZPS,A,Cadherin_2,PF08266,1,83,domain_1,Q91XY0,30,112
5SZM,A,Cadherin_2,PF08266,1,83,domain_1,Q91XY0,30,112
4ZI9,A,Cadherin_2,PF08266,2,84,domain_1,Q91XZ0,30,112
5SZL,C,Cadherin_2,PF08266,2,84,domain_1,Q91XZ0,30,112
5SZL,D,Cadherin_2,PF08266,2,84,domain_1,Q91XZ0,30,112
4ZI9,B,Cadherin_2,PF08266,2,84,domain_1,Q91XZ0,30,112
5SZL,A,Cadherin_2,PF08266,2,84,domain_1,Q91XZ0,30,112
5SZL,B,Cadherin_2,PF08266,2,84,domain_1,Q91XZ0,30,112
5DZY,D,Cadherin_2,PF08266,2,84,domain_1,Q91XZ2,30,112
5DZY,B,Cadherin_2,PF08266,2,84,domain_1,Q91XZ2,30,112
5DZY,F,Cadherin_2,PF08266,2,84,domain_1,Q91XZ2,30,112
5DZY,C,Cadherin_2,PF08266,2,84,domain_1,Q91XZ2,30,112
5DZY,E,Cadherin_2,PF08266,3,84,domain_1,Q91XZ2,31,112
5DZY,A,Cadherin_2,PF08266,3,84,domain_1,Q91XZ2,31,112
5DZX,B,Cadherin_2,PF08266,2,84,domain_1,Q91XZ4,30,112
5DZX,A,Cadherin_2,PF08266,3,84,domain_1,Q91XZ4,31,112
4ZPL,A,Cadherin_2,PF08266,2,84,domain_1,Q91Y08,30,112
4ZPM,A,Cadherin_2,PF08266,1,85,domain_1,Q91Y09,42,126
4ZPM,B,Cadherin_2,PF08266,1,85,domain_1,Q91Y09,42,126
5DZV,A,Cadherin_2,PF08266,1,83,domain_1,Q91Y13,30,112
5DZV,B,Cadherin_2,PF08266,1,83,domain_1,Q91Y13,30,112
6VFR,B,Cadherin_2,PF08266,2,86,domain_1,Q9HCL0,29,113
6VFR,A,Cadherin_2,PF08266,2,86,domain_1,Q9HCL0,29,113
6VFW,E,Cadherin_2,PF08266,2,84,domain_1,Q9P2E7,19,101
6VFW,C,Cadherin_2,PF08266,2,84,domain_1,Q9P2E7,19,101
6VFQ,A,Cadherin_2,PF08266,2,84,domain_1,Q9P2E7,19,101
6VFW,D,Cadherin_2,PF08266,2,84,domain_1,Q9P2E7,19,101
6VFW,B,Cadherin_2,PF08266,2,84,domain_1,Q9P2E7,19,101
6VFW,A,Cadherin_2,PF08266,2,84,domain_1,Q9P2E7,19,101
6VG4,A,Cadherin_2,PF08266,2,84,domain_1,Q9P2E7,19,101
6MER,A,Cadherin_2,PF08266,2,82,domain_1,Q9Y5G1,32,112
6MEQ,A,Cadherin_2,PF08266,2,82,domain_1,Q9Y5G1,32,112
5K8R,A,Cadherin_2,PF08266,2,82,domain_1,Q9Y5G1,32,112