PDB_id,Chain_id,Domain,Family_id,PDB_start,PDB_end,Domain_pos,UNP_id,UNP_start,UNP_end
7AMK,A,RET_CLD1,PF17756,23,140,domain_1,A8E7C6,23,140
7AML,A,RET_CLD1,PF17756,23,140,domain_1,A8E7C6,23,140
7AMK,B,RET_CLD1,PF17756,23,140,domain_1,A8E7C6,23,140
7AML,D,RET_CLD1,PF17756,23,140,domain_1,A8E7C6,23,140
6GL7,F,RET_CLD1,PF17756,29,154,domain_1,P07949,29,154
6Q2O,E,RET_CLD1,PF17756,29,154,domain_1,P07949,29,154
6Q2N,F,RET_CLD1,PF17756,29,154,domain_1,P07949,29,154
6Q2O,F,RET_CLD1,PF17756,29,154,domain_1,P07949,29,154
6GL7,E,RET_CLD1,PF17756,29,154,domain_1,P07949,29,154
6Q2R,F,RET_CLD1,PF17756,29,154,domain_1,P07949,29,154
6Q2J,E,RET_CLD1,PF17756,29,154,domain_1,P07949,29,154
6Q2S,E,RET_CLD1,PF17756,29,154,domain_1,P07949,29,154
6Q2R,Z,RET_CLD1,PF17756,29,154,domain_1,P07949,29,154
6Q2J,F,RET_CLD1,PF17756,29,154,domain_1,P07949,29,154
6Q2S,F,RET_CLD1,PF17756,29,154,domain_1,P07949,29,154
4UX8,A,RET_CLD1,PF17756,29,154,domain_1,P07949,29,154
6Q2R,Y,RET_CLD1,PF17756,29,154,domain_1,P07949,29,154
6Q2N,E,RET_CLD1,PF17756,29,154,domain_1,P07949,29,154
6Q2R,E,RET_CLD1,PF17756,29,154,domain_1,P07949,29,154
4UX8,B,RET_CLD1,PF17756,29,154,domain_1,P07949,29,154
6VFR,B,Cadherin_2,PF08266,2,86,domain_1,Q9HCL0,29,113
6VFR,A,Cadherin_2,PF08266,2,86,domain_1,Q9HCL0,29,113
6VFP,A,Cadherin_2,PF08266,2,85,domain_1,Q08174,59,142
6MGA,A,Cadherin_2,PF08266,3,85,domain_1,Q08174,60,142
6BX7,A,Cadherin_2,PF08266,3,85,domain_1,Q08174,60,142
6VFT,B,Cadherin_2,PF08266,3,95,domain_1,O14917,20,112
6VFT,A,Cadherin_2,PF08266,3,95,domain_1,O14917,20,112
6VFT,C,Cadherin_2,PF08266,3,95,domain_1,O14917,20,112
6VFT,D,Cadherin_2,PF08266,3,95,domain_1,O14917,20,112
6VG1,A,Cadherin_2,PF08266,2,79,domain_1,Q6GLU2,22,99
6VG1,B,Cadherin_2,PF08266,2,79,domain_1,Q6GLU2,22,99
6VFW,E,Cadherin_2,PF08266,2,84,domain_1,Q9P2E7,19,101
6VFW,C,Cadherin_2,PF08266,2,84,domain_1,Q9P2E7,19,101
6VFQ,A,Cadherin_2,PF08266,2,84,domain_1,Q9P2E7,19,101
6VFW,D,Cadherin_2,PF08266,2,84,domain_1,Q9P2E7,19,101
6VFW,B,Cadherin_2,PF08266,2,84,domain_1,Q9P2E7,19,101
6VFW,A,Cadherin_2,PF08266,2,84,domain_1,Q9P2E7,19,101
6VG4,A,Cadherin_2,PF08266,2,84,domain_1,Q9P2E7,19,101
6MER,A,Cadherin_2,PF08266,2,82,domain_1,Q9Y5G1,32,112
6MEQ,A,Cadherin_2,PF08266,2,82,domain_1,Q9Y5G1,32,112
6VFU,C,Cadherin_2,PF08266,3,88,domain_1,Q8TAB3,24,109
6VFU,B,Cadherin_2,PF08266,3,88,domain_1,Q8TAB3,24,109
6VFU,A,Cadherin_2,PF08266,3,88,domain_1,Q8TAB3,24,109
5SZL,C,Cadherin_2,PF08266,2,84,domain_1,Q91XZ0,30,112
5SZL,D,Cadherin_2,PF08266,2,84,domain_1,Q91XZ0,30,112
5SZL,A,Cadherin_2,PF08266,2,84,domain_1,Q91XZ0,30,112
5SZL,B,Cadherin_2,PF08266,2,84,domain_1,Q91XZ0,30,112
5IU9,A,Cadherin_2,PF08266,3,86,domain_1,F8W3X3,27,110
5IU9,B,Cadherin_2,PF08266,3,86,domain_1,F8W3X3,27,110
7JGZ,A,Cadherin_2,PF08266,1,83,domain_1,Q91XX0,33,115
6E6B,A,Cadherin_2,PF08266,2,82,domain_1,Q91XX6,32,112
6E6B,B,Cadherin_2,PF08266,2,82,domain_1,Q91XX6,32,112
