{
  "0": {
    "0": {
      "Pfam": "5CYX,A,Cadherin,PF00028,11,95,domain_1,E9Q7P9,31,115",
      "CATH": "5CYX,A,1,2.60.40.60,10,97,domain_1,E9Q7P9,30,117"
    },
    "1": {
      "Pfam": "5CYX,A,Cadherin,PF00028,109,211,domain_2,E9Q7P9,129,231",
      "CATH": "5CYX,A,2,2.60.40.60,98,215,domain_2,E9Q7P9,118,235"
    },
    "2": {
      "Pfam": "5CYX,A,Cadherin,PF00028,226,324,domain_3,E9Q7P9,246,344",
      "CATH": "5CYX,A,3,2.60.40.60,216,324,domain_3,E9Q7P9,236,344"
    },
    "3": {
      "Pfam": "5IU9,A,Cadherin,PF00028,111,206,domain_1,F8W3X3,135,230",
      "CATH": "5IU9,A,2,2.60.40.60,102,208,domain_1,F8W3X3,126,232"
    },
    "4": {
      "Pfam": "5IU9,B,Cadherin,PF00028,111,206,domain_1,F8W3X3,135,230",
      "CATH": "5IU9,B,2,2.60.40.60,102,208,domain_1,F8W3X3,126,232"
    },
    "5": {
      "Pfam": "5IU9,A,Cadherin,PF00028,220,314,domain_2,F8W3X3,244,338",
      "CATH": "5IU9,A,3,2.60.40.60,209,317,domain_2,F8W3X3,233,341"
    },
    "6": {
      "Pfam": "5IU9,B,Cadherin,PF00028,220,314,domain_2,F8W3X3,244,338",
      "CATH": "5IU9,B,3,2.60.40.60,209,317,domain_2,F8W3X3,233,341"
    },
    "7": {
      "Pfam": "5CO1,C,Cadherin,PF00028,220,314,domain_2,F8W3X3,244,338",
      "CATH": "5CO1,C,1,2.60.40.60,213,316,domain_2,F8W3X3,237,340"
    },
    "8": {
      "Pfam": "5CO1,D,Cadherin,PF00028,220,314,domain_2,F8W3X3,244,338",
      "CATH": "5CO1,D,1,2.60.40.60,213,316,domain_2,F8W3X3,237,340"
    },
    "9": {
      "Pfam": "5CO1,A,Cadherin,PF00028,220,314,domain_2,F8W3X3,244,338",
      "CATH": "5CO1,A,1,2.60.40.60,213,316,domain_2,F8W3X3,237,340"
    },
    "10": {
      "Pfam": "5CO1,B,Cadherin,PF00028,220,314,domain_2,F8W3X3,244,338",
      "CATH": "5CO1,B,1,2.60.40.60,213,316,domain_2,F8W3X3,237,340"
    },
    "11": {
      "Pfam": "5CO1,B,Cadherin,PF00028,331,421,domain_3,F8W3X3,355,445",
      "CATH": "5CO1,B,2,2.60.40.60,317,422,domain_3,F8W3X3,341,446"
    },
    "12": {
      "Pfam": "5CO1,C,Cadherin,PF00028,331,421,domain_3,F8W3X3,355,445",
      "CATH": "5CO1,C,2,2.60.40.60,317,422,domain_3,F8W3X3,341,446"
    },
    "13": {
      "Pfam": "5CO1,D,Cadherin,PF00028,331,421,domain_3,F8W3X3,355,445",
      "CATH": "5CO1,D,2,2.60.40.60,317,422,domain_3,F8W3X3,341,446"
    },
    "14": {
      "Pfam": "5CO1,A,Cadherin,PF00028,331,421,domain_3,F8W3X3,355,445",
      "CATH": "5CO1,A,2,2.60.40.60,317,423,domain_3,F8W3X3,341,446"
    },
    "15": {
      "Pfam": "5IU9,A,Cadherin,PF00028,331,421,domain_3,F8W3X3,355,445",
      "CATH": "5IU9,A,4,2.60.40.60,318,422,domain_3,F8W3X3,342,446"
    },
    "16": {
      "Pfam": "5IU9,B,Cadherin,PF00028,331,421,domain_3,F8W3X3,355,445",
      "CATH": "5IU9,B,4,2.60.40.60,318,423,domain_3,F8W3X3,342,446"
    },
    "17": {
      "Pfam": "3UBF,A,Cadherin,PF00028,551,636,domain_1,O15943,551,636",
      "CATH": "3UBF,A,2,2.60.40.60,535,647,domain_2,O15943,535,647"
    },
    "18": {
      "Pfam": "3UBG,A,Cadherin,PF00028,551,636,domain_1,O15943,551,636",
      "CATH": "3UBG,A,2,2.60.40.60,535,647,domain_2,O15943,535,647"
    },
    "19": {
      "Pfam": "3UBG,B,Cadherin,PF00028,551,636,domain_1,O15943,551,636",
      "CATH": "3UBG,B,2,2.60.40.60,535,647,domain_2,O15943,535,647"
    },
    "20": {
      "Pfam": "3UBH,A,Cadherin,PF00028,551,636,domain_1,O15943,551,636",
      "CATH": "3UBH,A,2,2.60.40.60,537,647,domain_2,O15943,537,647"
    },
    "21": {
      "Pfam": "3UBH,A,Cadherin,PF00028,762,848,domain_2,O15943,762,848",
      "CATH": "3UBH,A,4,2.60.40.60,753,850,domain_4,O15943,753,850"
    },
    "22": {
      "Pfam": "2YST,A,Cadherin,PF00028,19,112,domain_1,O60245,313,406",
      "CATH": "2YST,A,1,2.60.40.60,15,119,domain_1,O60245,309,413"
    },
    "23": {
      "Pfam": "5DZW,A,Cadherin,PF00028,109,204,domain_1,O88689,138,233",
      "CATH": "5DZW,A,2,2.60.40.60,100,206,domain_2,O88689,129,235"
    },
    "24": {
      "Pfam": "5DZW,A,Cadherin,PF00028,218,312,domain_2,O88689,247,341",
      "CATH": "5DZW,A,3,2.60.40.60,207,315,domain_3,O88689,236,344"
    },
    "25": {
      "Pfam": "5DZW,A,Cadherin,PF00028,326,417,domain_3,O88689,355,446",
      "CATH": "5DZW,A,4,2.60.40.60,316,417,domain_4,O88689,345,446"
    },
    "26": {
      "Pfam": "2X2U,A,Cadherin,PF00028,172,262,domain_1,P07949,172,262",
      "CATH": "2X2U,A,2,2.60.40.60,156,263,domain_2,P07949,156,263"
    },
    "27": {
      "Pfam": "3Q2V,A,Cadherin,PF00028,5,99,domain_1,P09803,161,255",
      "CATH": "3Q2V,A,1,2.60.40.60,1,101,domain_1,P09803,157,257"
    },
    "28": {
      "Pfam": "3Q2V,B,Cadherin,PF00028,5,99,domain_1,P09803,161,255",
      "CATH": "3Q2V,B,1,2.60.40.60,1,101,domain_1,P09803,157,257"
    },
    "29": {
      "Pfam": "1SUH,A,Cadherin,PF00028,5,99,domain_1,P09803,161,255",
      "CATH": "1SUH,A,0,2.60.40.60,1,104,domain_1,P09803,157,260"
    },
    "30": {
      "Pfam": "2OMW,B,Cadherin,PF00028,5,99,domain_1,P09803,161,255",
      "CATH": "2OMW,B,0,2.60.40.60,-3,101,domain_1,P09803,158,256"
    },
    "31": {
      "Pfam": "3QRB,A,Cadherin,PF00028,5,99,domain_1,P09803,161,255",
      "CATH": "3QRB,A,1,2.60.40.60,3,101,domain_1,P09803,159,257"
    },
    "32": {
      "Pfam": "3QRB,B,Cadherin,PF00028,5,99,domain_1,P09803,161,255",
      "CATH": "3QRB,B,1,2.60.40.60,3,101,domain_1,P09803,159,257"
    },
    "33": {
      "Pfam": "1EDH,A,Cadherin,PF00028,5,99,domain_1,P09803,161,255",
      "CATH": "1EDH,A,1,2.60.40.60,3,101,domain_1,P09803,159,257"
    },
    "34": {
      "Pfam": "1EDH,B,Cadherin,PF00028,5,99,domain_1,P09803,161,255",
      "CATH": "1EDH,B,1,2.60.40.60,3,101,domain_1,P09803,159,257"
    },
    "35": {
      "Pfam": "2QVF,B,Cadherin,PF00028,5,99,domain_1,P09803,161,255",
      "CATH": "2QVF,B,1,2.60.40.60,3,101,domain_1,P09803,159,257"
    },
    "36": {
      "Pfam": "4QD2,E,Cadherin,PF00028,5,99,domain_1,P09803,161,255",
      "CATH": "4QD2,E,1,2.60.40.60,3,101,domain_1,P09803,159,257"
    },
    "37": {
      "Pfam": "4QD2,J,Cadherin,PF00028,5,99,domain_1,P09803,161,255",
      "CATH": "4QD2,J,1,2.60.40.60,3,101,domain_1,P09803,159,257"
    },
    "38": {
      "Pfam": "3LNG,A,Cadherin,PF00028,5,99,domain_1,P09803,161,255",
      "CATH": "3LNG,A,1,2.60.40.60,3,101,domain_1,P09803,159,257"
    },
    "39": {
      "Pfam": "3LNG,B,Cadherin,PF00028,5,99,domain_1,P09803,161,255",
      "CATH": "3LNG,B,1,2.60.40.60,3,101,domain_1,P09803,159,257"
    },
    "40": {
      "Pfam": "3Q2N,A,Cadherin,PF00028,5,99,domain_1,P09803,161,255",
      "CATH": "3Q2N,A,1,2.60.40.60,3,101,domain_1,P09803,159,257"
    },
    "41": {
      "Pfam": "3Q2N,B,Cadherin,PF00028,5,99,domain_1,P09803,161,255",
      "CATH": "3Q2N,B,1,2.60.40.60,3,101,domain_1,P09803,159,257"
    },
    "42": {
      "Pfam": "1FF5,A,Cadherin,PF00028,5,99,domain_1,P09803,161,255",
      "CATH": "1FF5,A,1,2.60.40.60,3,101,domain_1,P09803,159,257"
    },
    "43": {
      "Pfam": "1FF5,B,Cadherin,PF00028,5,99,domain_1,P09803,161,255",
      "CATH": "1FF5,B,1,2.60.40.60,3,101,domain_1,P09803,159,257"
    },
    "44": {
      "Pfam": "1Q1P,A,Cadherin,PF00028,5,99,domain_1,P09803,161,255",
      "CATH": "1Q1P,A,1,2.60.40.60,3,101,domain_1,P09803,159,257"
    },
    "45": {
      "Pfam": "3LNE,A,Cadherin,PF00028,5,99,domain_1,P09803,161,255",
      "CATH": "3LNE,A,1,2.60.40.60,3,101,domain_1,P09803,159,257"
    },
    "46": {
      "Pfam": "3LNF,A,Cadherin,PF00028,5,99,domain_1,P09803,161,255",
      "CATH": "3LNF,A,1,2.60.40.60,3,101,domain_1,P09803,159,257"
    },
    "47": {
      "Pfam": "3LNI,A,Cadherin,PF00028,5,99,domain_1,P09803,161,255",
      "CATH": "3LNI,A,1,2.60.40.60,3,101,domain_1,P09803,159,257"
    },
    "48": {
      "Pfam": "3LNI,B,Cadherin,PF00028,5,99,domain_1,P09803,161,255",
      "CATH": "3LNI,B,1,2.60.40.60,3,101,domain_1,P09803,159,257"
    },
    "49": {
      "Pfam": "3Q2L,A,Cadherin,PF00028,5,99,domain_1,P09803,161,255",
      "CATH": "3Q2L,A,1,2.60.40.60,3,101,domain_1,P09803,159,257"
    },
    "50": {
      "Pfam": "3Q2L,B,Cadherin,PF00028,5,99,domain_1,P09803,161,255",
      "CATH": "3Q2L,B,1,2.60.40.60,3,101,domain_1,P09803,159,257"
    },
    "51": {
      "Pfam": "3LNF,B,Cadherin,PF00028,5,99,domain_1,P09803,161,255",
      "CATH": "3LNF,B,1,2.60.40.60,5,101,domain_1,P09803,161,257"
    },
    "52": {
      "Pfam": "3LNH,A,Cadherin,PF00028,5,99,domain_1,P09803,161,255",
      "CATH": "3LNH,A,1,2.60.40.60,5,101,domain_1,P09803,161,257"
    },
    "53": {
      "Pfam": "3LNH,B,Cadherin,PF00028,5,99,domain_1,P09803,161,255",
      "CATH": "3LNH,B,1,2.60.40.60,5,101,domain_1,P09803,161,257"
    },
    "54": {
      "Pfam": "3QRB,A,Cadherin,PF00028,113,212,domain_2,P09803,269,368",
      "CATH": "3QRB,A,2,2.60.40.60,102,213,domain_2,P09803,258,369"
    },
    "55": {
      "Pfam": "3QRB,B,Cadherin,PF00028,113,212,domain_2,P09803,269,368",
      "CATH": "3QRB,B,2,2.60.40.60,102,213,domain_2,P09803,258,369"
    },
    "56": {
      "Pfam": "1EDH,A,Cadherin,PF00028,113,212,domain_2,P09803,269,368",
      "CATH": "1EDH,A,2,2.60.40.60,102,213,domain_2,P09803,258,369"
    },
    "57": {
      "Pfam": "1EDH,B,Cadherin,PF00028,113,212,domain_2,P09803,269,368",
      "CATH": "1EDH,B,2,2.60.40.60,102,213,domain_2,P09803,258,369"
    },
    "58": {
      "Pfam": "3LNE,A,Cadherin,PF00028,113,212,domain_2,P09803,269,368",
      "CATH": "3LNE,A,2,2.60.40.60,102,213,domain_2,P09803,258,369"
    },
    "59": {
      "Pfam": "3LNI,A,Cadherin,PF00028,113,212,domain_2,P09803,269,368",
      "CATH": "3LNI,A,2,2.60.40.60,102,213,domain_2,P09803,258,369"
    },
    "60": {
      "Pfam": "3LNI,B,Cadherin,PF00028,113,212,domain_2,P09803,269,368",
      "CATH": "3LNI,B,2,2.60.40.60,102,213,domain_2,P09803,258,369"
    },
    "61": {
      "Pfam": "2QVF,B,Cadherin,PF00028,113,212,domain_2,P09803,269,368",
      "CATH": "2QVF,B,2,2.60.40.60,102,213,domain_2,P09803,258,369"
    },
    "62": {
      "Pfam": "4QD2,E,Cadherin,PF00028,113,212,domain_2,P09803,269,368",
      "CATH": "4QD2,E,2,2.60.40.60,102,213,domain_2,P09803,258,369"
    },
    "63": {
      "Pfam": "4QD2,J,Cadherin,PF00028,113,212,domain_2,P09803,269,368",
      "CATH": "4QD2,J,2,2.60.40.60,102,213,domain_2,P09803,258,369"
    },
    "64": {
      "Pfam": "3LNF,A,Cadherin,PF00028,113,212,domain_2,P09803,269,368",
      "CATH": "3LNF,A,2,2.60.40.60,102,213,domain_2,P09803,258,369"
    },
    "65": {
      "Pfam": "3LNF,B,Cadherin,PF00028,113,212,domain_2,P09803,269,368",
      "CATH": "3LNF,B,2,2.60.40.60,102,213,domain_2,P09803,258,369"
    },
    "66": {
      "Pfam": "3LNH,A,Cadherin,PF00028,113,212,domain_2,P09803,269,368",
      "CATH": "3LNH,A,2,2.60.40.60,102,213,domain_2,P09803,258,369"
    },
    "67": {
      "Pfam": "3LNH,B,Cadherin,PF00028,113,212,domain_2,P09803,269,368",
      "CATH": "3LNH,B,2,2.60.40.60,102,213,domain_2,P09803,258,369"
    },
    "68": {
      "Pfam": "3LNG,A,Cadherin,PF00028,113,212,domain_2,P09803,269,368",
      "CATH": "3LNG,A,2,2.60.40.60,102,213,domain_2,P09803,258,369"
    },
    "69": {
      "Pfam": "3LNG,B,Cadherin,PF00028,113,212,domain_2,P09803,269,368",
      "CATH": "3LNG,B,2,2.60.40.60,102,213,domain_2,P09803,258,369"
    },
    "70": {
      "Pfam": "3Q2L,A,Cadherin,PF00028,113,212,domain_2,P09803,269,368",
      "CATH": "3Q2L,A,2,2.60.40.60,102,213,domain_2,P09803,258,369"
    },
    "71": {
      "Pfam": "3Q2L,B,Cadherin,PF00028,113,212,domain_2,P09803,269,368",
      "CATH": "3Q2L,B,2,2.60.40.60,102,213,domain_2,P09803,258,369"
    },
    "72": {
      "Pfam": "1FF5,A,Cadherin,PF00028,113,212,domain_2,P09803,269,368",
      "CATH": "1FF5,A,2,2.60.40.60,102,213,domain_2,P09803,258,369"
    },
    "73": {
      "Pfam": "1FF5,B,Cadherin,PF00028,113,212,domain_2,P09803,269,368",
      "CATH": "1FF5,B,2,2.60.40.60,102,213,domain_2,P09803,258,369"
    },
    "74": {
      "Pfam": "1Q1P,A,Cadherin,PF00028,113,212,domain_2,P09803,269,368",
      "CATH": "1Q1P,A,2,2.60.40.60,102,213,domain_2,P09803,258,369"
    },
    "75": {
      "Pfam": "3Q2V,B,Cadherin,PF00028,113,212,domain_2,P09803,269,368",
      "CATH": "3Q2V,B,2,2.60.40.60,102,213,domain_2,P09803,258,369"
    },
    "76": {
      "Pfam": "3Q2N,A,Cadherin,PF00028,113,212,domain_2,P09803,269,368",
      "CATH": "3Q2N,A,2,2.60.40.60,102,213,domain_2,P09803,258,369"
    },
    "77": {
      "Pfam": "3Q2N,B,Cadherin,PF00028,113,212,domain_2,P09803,269,368",
      "CATH": "3Q2N,B,2,2.60.40.60,102,213,domain_2,P09803,258,369"
    },
    "78": {
      "Pfam": "3Q2V,A,Cadherin,PF00028,113,212,domain_2,P09803,269,368",
      "CATH": "3Q2V,A,2,2.60.40.60,102,215,domain_2,P09803,258,371"
    },
    "79": {
      "Pfam": "3Q2V,B,Cadherin,PF00028,226,324,domain_3,P09803,382,480",
      "CATH": "3Q2V,B,3,2.60.40.60,214,327,domain_3,P09803,370,483"
    },
    "80": {
      "Pfam": "3Q2V,A,Cadherin,PF00028,226,324,domain_3,P09803,382,480",
      "CATH": "3Q2V,A,3,2.60.40.60,216,330,domain_3,P09803,372,486"
    },
    "81": {
      "Pfam": "3Q2V,B,Cadherin,PF00028,337,432,domain_4,P09803,493,588",
      "CATH": "3Q2V,B,4,2.60.40.60,328,433,domain_4,P09803,484,589"
    },
    "82": {
      "Pfam": "3Q2V,A,Cadherin,PF00028,337,432,domain_4,P09803,493,588",
      "CATH": "3Q2V,A,4,2.60.40.60,331,436,domain_4,P09803,487,592"
    },
    "83": {
      "Pfam": "3Q2V,A,Cadherin,PF00028,444,532,domain_5,P09803,600,688",
      "CATH": "3Q2V,A,5,2.60.40.60,437,536,domain_5,P09803,593,692"
    },
    "84": {
      "Pfam": "4NQQ,A,Cadherin,PF00028,5,99,domain_1,P10287,104,198",
      "CATH": "4NQQ,A,1,2.60.40.60,3,101,domain_1,P10287,102,200"
    },
    "85": {
      "Pfam": "4NQQ,B,Cadherin,PF00028,5,99,domain_1,P10287,104,198",
      "CATH": "4NQQ,B,1,2.60.40.60,3,101,domain_1,P10287,102,200"
    },
    "86": {
      "Pfam": "4NQQ,D,Cadherin,PF00028,5,99,domain_1,P10287,104,198",
      "CATH": "4NQQ,D,1,2.60.40.60,3,101,domain_1,P10287,102,200"
    },
    "87": {
      "Pfam": "4NQQ,C,Cadherin,PF00028,5,99,domain_1,P10287,104,198",
      "CATH": "4NQQ,C,1,2.60.40.60,4,101,domain_1,P10287,103,200"
    },
    "88": {
      "Pfam": "4NQQ,D,Cadherin,PF00028,113,211,domain_2,P10287,212,310",
      "CATH": "4NQQ,D,2,2.60.40.60,102,211,domain_2,P10287,201,310"
    },
    "89": {
      "Pfam": "4NQQ,A,Cadherin,PF00028,113,212,domain_2,P10287,212,311",
      "CATH": "4NQQ,A,2,2.60.40.60,102,213,domain_2,P10287,201,312"
    },
    "90": {
      "Pfam": "4NQQ,B,Cadherin,PF00028,113,212,domain_2,P10287,212,311",
      "CATH": "4NQQ,B,2,2.60.40.60,102,213,domain_2,P10287,201,312"
    },
    "91": {
      "Pfam": "4NQQ,C,Cadherin,PF00028,113,212,domain_2,P10287,212,311",
      "CATH": "4NQQ,C,2,2.60.40.60,102,213,domain_2,P10287,201,312"
    },
    "92": {
      "Pfam": "3FF7,B,Cadherin,PF00028,5,99,domain_1,P12830,159,253",
      "CATH": "3FF7,B,0,2.60.40.60,0,99,domain_1,P12830,155,253"
    },
    "93": {
      "Pfam": "3FF7,A,Cadherin,PF00028,5,99,domain_1,P12830,159,253",
      "CATH": "3FF7,A,0,2.60.40.60,0,99,domain_1,P12830,155,253"
    },
    "94": {
      "Pfam": "3FF8,B,Cadherin,PF00028,5,99,domain_1,P12830,159,253",
      "CATH": "3FF8,B,0,2.60.40.60,0,99,domain_1,P12830,155,253"
    },
    "95": {
      "Pfam": "3FF8,A,Cadherin,PF00028,5,99,domain_1,P12830,159,253",
      "CATH": "3FF8,A,0,2.60.40.60,0,100,domain_1,P12830,155,254"
    },
    "96": {
      "Pfam": "1O6S,B,Cadherin,PF00028,5,99,domain_1,P12830,159,253",
      "CATH": "1O6S,B,0,2.60.40.60,-3,101,domain_1,P12830,155,255"
    },
    "97": {
      "Pfam": "2OMZ,B,Cadherin,PF00028,5,99,domain_1,P12830,159,253",
      "CATH": "2OMZ,B,0,2.60.40.60,-3,101,domain_1,P12830,156,254"
    },
    "98": {
      "Pfam": "2OMY,B,Cadherin,PF00028,5,99,domain_1,P12830,159,253",
      "CATH": "2OMY,B,0,2.60.40.60,-3,101,domain_1,P12830,156,254"
    },
    "99": {
      "Pfam": "2OMV,B,Cadherin,PF00028,5,99,domain_1,P12830,159,253",
      "CATH": "2OMV,B,0,2.60.40.60,-2,100,domain_1,P12830,156,254"
    },
    "100": {
      "Pfam": "2OMU,B,Cadherin,PF00028,5,99,domain_1,P12830,159,253",
      "CATH": "2OMU,B,0,2.60.40.60,-3,101,domain_1,P12830,156,255"
    },
    "101": {
      "Pfam": "2OMT,B,Cadherin,PF00028,5,99,domain_1,P12830,159,253",
      "CATH": "2OMT,B,0,2.60.40.60,-3,101,domain_1,P12830,156,255"
    },
    "102": {
      "Pfam": "2OMX,B,Cadherin,PF00028,5,99,domain_1,P12830,159,253",
      "CATH": "2OMX,B,0,2.60.40.60,-2,104,domain_1,P12830,156,258"
    },
    "103": {
      "Pfam": "6CXY,C,Cadherin,PF00028,5,99,domain_1,P12830,159,253",
      "CATH": "6CXY,C,1,2.60.40.60,3,101,domain_1,P12830,157,255"
    },
    "104": {
      "Pfam": "2O72,A,Cadherin,PF00028,5,99,domain_1,P12830,159,253",
      "CATH": "2O72,A,1,2.60.40.60,3,101,domain_1,P12830,157,255"
    },
    "105": {
      "Pfam": "4ZTE,A,Cadherin,PF00028,5,99,domain_1,P12830,159,253",
      "CATH": "4ZTE,A,1,2.60.40.60,4,101,domain_1,P12830,158,255"
    },
    "106": {
      "Pfam": "4ZTE,B,Cadherin,PF00028,5,99,domain_1,P12830,159,253",
      "CATH": "4ZTE,B,1,2.60.40.60,4,101,domain_1,P12830,158,255"
    },
    "107": {
      "Pfam": "4ZT1,A,Cadherin,PF00028,5,99,domain_1,P12830,159,253",
      "CATH": "4ZT1,A,1,2.60.40.60,5,101,domain_1,P12830,159,255"
    },
    "108": {
      "Pfam": "4ZT1,B,Cadherin,PF00028,5,99,domain_1,P12830,159,253",
      "CATH": "4ZT1,B,1,2.60.40.60,5,101,domain_1,P12830,159,255"
    },
    "109": {
      "Pfam": "4ZT1,A,Cadherin,PF00028,113,212,domain_2,P12830,267,366",
      "CATH": "4ZT1,A,2,2.60.40.60,102,213,domain_2,P12830,256,367"
    },
    "110": {
      "Pfam": "4ZT1,B,Cadherin,PF00028,113,212,domain_2,P12830,267,366",
      "CATH": "4ZT1,B,2,2.60.40.60,102,213,domain_2,P12830,256,367"
    },
    "111": {
      "Pfam": "2O72,A,Cadherin,PF00028,113,212,domain_2,P12830,267,366",
      "CATH": "2O72,A,2,2.60.40.60,102,213,domain_2,P12830,256,367"
    },
    "112": {
      "Pfam": "4ZTE,A,Cadherin,PF00028,113,212,domain_2,P12830,267,366",
      "CATH": "4ZTE,A,2,2.60.40.60,102,213,domain_2,P12830,256,367"
    },
    "113": {
      "Pfam": "4ZTE,B,Cadherin,PF00028,113,212,domain_2,P12830,267,366",
      "CATH": "4ZTE,B,2,2.60.40.60,102,213,domain_2,P12830,256,367"
    },
    "114": {
      "Pfam": "1NCG,A,Cadherin,PF00028,5,99,domain_1,P15116,164,258",
      "CATH": "1NCG,A,0,2.60.40.60,1,99,domain_2,P15116,160,258"
    },
    "115": {
      "Pfam": "1NCH,A,Cadherin,PF00028,5,99,domain_1,P15116,164,258",
      "CATH": "1NCH,A,0,2.60.40.60,-2,99,domain_2,P15116,160,258"
    },
    "116": {
      "Pfam": "1NCI,A,Cadherin,PF00028,5,99,domain_1,P15116,164,258",
      "CATH": "1NCI,A,0,2.60.40.60,-2,100,domain_2,P15116,160,259"
    },
    "117": {
      "Pfam": "1NCH,B,Cadherin,PF00028,5,99,domain_1,P15116,164,258",
      "CATH": "1NCH,B,0,2.60.40.60,1,100,domain_2,P15116,160,259"
    },
    "118": {
      "Pfam": "1NCI,B,Cadherin,PF00028,5,99,domain_1,P15116,164,258",
      "CATH": "1NCI,B,0,2.60.40.60,-2,100,domain_2,P15116,160,259"
    },
    "119": {
      "Pfam": "4NUQ,A,Cadherin,PF00028,5,99,domain_1,P15116,164,258",
      "CATH": "4NUQ,A,1,2.60.40.60,1,101,domain_2,P15116,160,260"
    },
    "120": {
      "Pfam": "4NUP,A,Cadherin,PF00028,5,99,domain_1,P15116,164,258",
      "CATH": "4NUP,A,1,2.60.40.60,-1,101,domain_2,P15116,160,260"
    },
    "121": {
      "Pfam": "4NUP,B,Cadherin,PF00028,5,99,domain_1,P15116,164,258",
      "CATH": "4NUP,B,1,2.60.40.60,-1,101,domain_2,P15116,160,260"
    },
    "122": {
      "Pfam": "4NUP,C,Cadherin,PF00028,5,99,domain_1,P15116,164,258",
      "CATH": "4NUP,C,1,2.60.40.60,-1,101,domain_2,P15116,160,260"
    },
    "123": {
      "Pfam": "2QVI,A,Cadherin,PF00028,5,99,domain_1,P15116,164,258",
      "CATH": "2QVI,A,1,2.60.40.60,1,101,domain_2,P15116,160,260"
    },
    "124": {
      "Pfam": "3Q2W,A,Cadherin,PF00028,5,99,domain_1,P15116,164,258",
      "CATH": "3Q2W,A,1,2.60.40.60,1,101,domain_2,P15116,160,260"
    },
    "125": {
      "Pfam": "4NUM,A,Cadherin,PF00028,5,99,domain_1,P15116,164,258",
      "CATH": "4NUM,A,1,2.60.40.60,1,101,domain_2,P15116,160,260"
    },
    "126": {
      "Pfam": "4NUM,B,Cadherin,PF00028,5,99,domain_1,P15116,164,258",
      "CATH": "4NUM,B,1,2.60.40.60,1,101,domain_2,P15116,160,260"
    },
    "127": {
      "Pfam": "4NUM,C,Cadherin,PF00028,5,99,domain_1,P15116,164,258",
      "CATH": "4NUM,C,1,2.60.40.60,1,101,domain_2,P15116,160,260"
    },
    "128": {
      "Pfam": "4NUM,D,Cadherin,PF00028,5,99,domain_1,P15116,164,258",
      "CATH": "4NUM,D,1,2.60.40.60,1,101,domain_2,P15116,160,260"
    },
    "129": {
      "Pfam": "1NCJ,A,Cadherin,PF00028,5,99,domain_1,P15116,164,258",
      "CATH": "1NCJ,A,1,2.60.40.60,2,101,domain_2,P15116,161,260"
    },
    "130": {
      "Pfam": "4NUQ,A,Cadherin,PF00028,113,214,domain_2,P15116,272,373",
      "CATH": "4NUQ,A,2,2.60.40.60,102,215,domain_3,P15116,261,374"
    },
    "131": {
      "Pfam": "4NUP,A,Cadherin,PF00028,113,214,domain_2,P15116,272,373",
      "CATH": "4NUP,A,2,2.60.40.60,102,215,domain_3,P15116,261,374"
    },
    "132": {
      "Pfam": "4NUP,B,Cadherin,PF00028,113,214,domain_2,P15116,272,373",
      "CATH": "4NUP,B,2,2.60.40.60,102,215,domain_3,P15116,261,374"
    },
    "133": {
      "Pfam": "4NUP,C,Cadherin,PF00028,113,214,domain_2,P15116,272,373",
      "CATH": "4NUP,C,2,2.60.40.60,102,215,domain_3,P15116,261,374"
    },
    "134": {
      "Pfam": "2QVI,A,Cadherin,PF00028,113,214,domain_2,P15116,272,373",
      "CATH": "2QVI,A,2,2.60.40.60,102,215,domain_3,P15116,261,374"
    },
    "135": {
      "Pfam": "4NUM,A,Cadherin,PF00028,113,214,domain_2,P15116,272,373",
      "CATH": "4NUM,A,2,2.60.40.60,102,215,domain_3,P15116,261,374"
    },
    "136": {
      "Pfam": "4NUM,B,Cadherin,PF00028,113,214,domain_2,P15116,272,373",
      "CATH": "4NUM,B,2,2.60.40.60,102,215,domain_3,P15116,261,374"
    },
    "137": {
      "Pfam": "4NUM,C,Cadherin,PF00028,113,214,domain_2,P15116,272,373",
      "CATH": "4NUM,C,2,2.60.40.60,102,215,domain_3,P15116,261,374"
    },
    "138": {
      "Pfam": "4NUM,D,Cadherin,PF00028,113,214,domain_2,P15116,272,373",
      "CATH": "4NUM,D,2,2.60.40.60,102,215,domain_3,P15116,261,374"
    },
    "139": {
      "Pfam": "1NCJ,A,Cadherin,PF00028,113,214,domain_2,P15116,272,373",
      "CATH": "1NCJ,A,2,2.60.40.60,102,215,domain_3,P15116,261,374"
    },
    "140": {
      "Pfam": "3Q2W,A,Cadherin,PF00028,113,214,domain_2,P15116,272,373",
      "CATH": "3Q2W,A,2,2.60.40.60,102,217,domain_3,P15116,261,376"
    },
    "141": {
      "Pfam": "3Q2W,A,Cadherin,PF00028,228,330,domain_3,P15116,387,489",
      "CATH": "3Q2W,A,3,2.60.40.60,218,336,domain_4,P15116,377,495"
    },
    "142": {
      "Pfam": "3Q2W,A,Cadherin,PF00028,343,437,domain_4,P15116,502,596",
      "CATH": "3Q2W,A,4,2.60.40.60,337,441,domain_5,P15116,496,600"
    },
    "143": {
      "Pfam": "3Q2W,A,Cadherin,PF00028,449,542,domain_5,P15116,608,701",
      "CATH": "3Q2W,A,5,2.60.40.60,442,542,domain_6,P15116,601,701"
    },
    "144": {
      "Pfam": "4ZMY,A,Cadherin,PF00028,5,99,domain_1,P22223,112,206",
      "CATH": "4ZMY,A,1,2.60.40.60,3,101,domain_1,P22223,110,208"
    },
    "145": {
      "Pfam": "4ZMO,A,Cadherin,PF00028,5,99,domain_1,P22223,112,206",
      "CATH": "4ZMO,A,1,2.60.40.60,3,101,domain_1,P22223,110,208"
    },
    "146": {
      "Pfam": "4OY9,A,Cadherin,PF00028,5,99,domain_1,P22223,112,206",
      "CATH": "4OY9,A,1,2.60.40.60,3,101,domain_1,P22223,110,208"
    },
    "147": {
      "Pfam": "4ZML,A,Cadherin,PF00028,5,99,domain_1,P22223,112,206",
      "CATH": "4ZML,A,1,2.60.40.60,3,101,domain_1,P22223,110,208"
    },
    "148": {
      "Pfam": "4ZMZ,A,Cadherin,PF00028,5,99,domain_1,P22223,112,206",
      "CATH": "4ZMZ,A,1,2.60.40.60,3,101,domain_1,P22223,110,208"
    },
    "149": {
      "Pfam": "4ZMQ,B,Cadherin,PF00028,5,99,domain_1,P22223,112,206",
      "CATH": "4ZMQ,B,1,2.60.40.60,3,101,domain_1,P22223,110,208"
    },
    "150": {
      "Pfam": "5JYM,A,Cadherin,PF00028,5,99,domain_1,P22223,112,206",
      "CATH": "5JYM,A,1,2.60.40.60,3,101,domain_1,P22223,110,208"
    },
    "151": {
      "Pfam": "5JYM,C,Cadherin,PF00028,5,99,domain_1,P22223,112,206",
      "CATH": "5JYM,C,1,2.60.40.60,3,101,domain_1,P22223,110,208"
    },
    "152": {
      "Pfam": "4ZMN,A,Cadherin,PF00028,5,99,domain_1,P22223,112,206",
      "CATH": "4ZMN,A,1,2.60.40.60,3,101,domain_1,P22223,110,208"
    },
    "153": {
      "Pfam": "4ZMQ,A,Cadherin,PF00028,5,99,domain_1,P22223,112,206",
      "CATH": "4ZMQ,A,1,2.60.40.60,3,101,domain_1,P22223,110,208"
    },
    "154": {
      "Pfam": "4ZMT,A,Cadherin,PF00028,5,99,domain_1,P22223,112,206",
      "CATH": "4ZMT,A,1,2.60.40.60,3,101,domain_1,P22223,110,208"
    },
    "155": {
      "Pfam": "4ZMT,B,Cadherin,PF00028,5,99,domain_1,P22223,112,206",
      "CATH": "4ZMT,B,1,2.60.40.60,3,101,domain_1,P22223,110,208"
    },
    "156": {
      "Pfam": "4ZMT,C,Cadherin,PF00028,5,99,domain_1,P22223,112,206",
      "CATH": "4ZMT,C,1,2.60.40.60,3,101,domain_1,P22223,110,208"
    },
    "157": {
      "Pfam": "4ZMT,E,Cadherin,PF00028,5,99,domain_1,P22223,112,206",
      "CATH": "4ZMT,E,1,2.60.40.60,3,101,domain_1,P22223,110,208"
    },
    "158": {
      "Pfam": "4ZMT,D,Cadherin,PF00028,5,99,domain_1,P22223,112,206",
      "CATH": "4ZMT,D,1,2.60.40.60,3,101,domain_1,P22223,110,208"
    },
    "159": {
      "Pfam": "4ZMT,F,Cadherin,PF00028,5,99,domain_1,P22223,112,206",
      "CATH": "4ZMT,F,1,2.60.40.60,3,101,domain_1,P22223,110,208"
    },
    "160": {
      "Pfam": "4ZMP,A,Cadherin,PF00028,5,99,domain_1,P22223,112,206",
      "CATH": "4ZMP,A,1,2.60.40.60,3,101,domain_1,P22223,110,208"
    },
    "161": {
      "Pfam": "4ZMW,A,Cadherin,PF00028,5,99,domain_1,P22223,112,206",
      "CATH": "4ZMW,A,1,2.60.40.60,3,101,domain_1,P22223,110,208"
    },
    "162": {
      "Pfam": "4ZMW,B,Cadherin,PF00028,5,99,domain_1,P22223,112,206",
      "CATH": "4ZMW,B,1,2.60.40.60,3,101,domain_1,P22223,110,208"
    },
    "163": {
      "Pfam": "4ZMV,A,Cadherin,PF00028,5,99,domain_1,P22223,112,206",
      "CATH": "4ZMV,A,1,2.60.40.60,3,101,domain_1,P22223,110,208"
    },
    "164": {
      "Pfam": "4ZMV,B,Cadherin,PF00028,5,99,domain_1,P22223,112,206",
      "CATH": "4ZMV,B,1,2.60.40.60,3,101,domain_1,P22223,110,208"
    },
    "165": {
      "Pfam": "5JYL,A,Cadherin,PF00028,5,99,domain_1,P22223,112,206",
      "CATH": "5JYL,A,0,2.60.40.60,4,100,domain_1,P22223,111,207"
    },
    "166": {
      "Pfam": "4ZMX,A,Cadherin,PF00028,5,99,domain_1,P22223,112,206",
      "CATH": "4ZMX,A,1,2.60.40.60,4,101,domain_1,P22223,111,208"
    },
    "167": {
      "Pfam": "5JYL,C,Cadherin,PF00028,5,99,domain_1,P22223,112,206",
      "CATH": "5JYL,C,0,2.60.40.60,5,100,domain_1,P22223,112,207"
    },
    "168": {
      "Pfam": "4ZMX,B,Cadherin,PF00028,5,99,domain_1,P22223,112,206",
      "CATH": "4ZMX,B,1,2.60.40.60,5,101,domain_1,P22223,112,208"
    },
    "169": {
      "Pfam": "4ZMY,A,Cadherin,PF00028,113,212,domain_2,P22223,220,319",
      "CATH": "4ZMY,A,2,2.60.40.60,102,213,domain_2,P22223,209,320"
    },
    "170": {
      "Pfam": "4OY9,A,Cadherin,PF00028,113,212,domain_2,P22223,220,319",
      "CATH": "4OY9,A,2,2.60.40.60,102,213,domain_2,P22223,209,320"
    },
    "171": {
      "Pfam": "4ZMQ,A,Cadherin,PF00028,113,212,domain_2,P22223,220,319",
      "CATH": "4ZMQ,A,2,2.60.40.60,102,213,domain_2,P22223,209,320"
    },
    "172": {
      "Pfam": "4ZMQ,B,Cadherin,PF00028,113,212,domain_2,P22223,220,319",
      "CATH": "4ZMQ,B,2,2.60.40.60,102,213,domain_2,P22223,209,320"
    },
    "173": {
      "Pfam": "4ZMW,B,Cadherin,PF00028,113,212,domain_2,P22223,220,319",
      "CATH": "4ZMW,B,2,2.60.40.60,102,213,domain_2,P22223,209,320"
    },
    "174": {
      "Pfam": "4ZMV,B,Cadherin,PF00028,113,212,domain_2,P22223,220,319",
      "CATH": "4ZMV,B,2,2.60.40.60,102,213,domain_2,P22223,209,320"
    },
    "175": {
      "Pfam": "4ZMT,C,Cadherin,PF00028,113,212,domain_2,P22223,220,319",
      "CATH": "4ZMT,C,2,2.60.40.60,102,213,domain_2,P22223,209,320"
    },
    "176": {
      "Pfam": "4ZMX,A,Cadherin,PF00028,113,212,domain_2,P22223,220,319",
      "CATH": "4ZMX,A,2,2.60.40.60,102,213,domain_2,P22223,209,320"
    },
    "177": {
      "Pfam": "4ZMT,D,Cadherin,PF00028,113,212,domain_2,P22223,220,319",
      "CATH": "4ZMT,D,2,2.60.40.60,102,214,domain_2,P22223,209,321"
    },
    "178": {
      "Pfam": "1L3W,A,Cadherin,PF00028,5,99,domain_1,P33148,160,254",
      "CATH": "1L3W,A,1,2.60.40.60,1,101,domain_1,P33148,156,256"
    },
    "179": {
      "Pfam": "1L3W,A,Cadherin,PF00028,113,212,domain_2,P33148,268,367",
      "CATH": "1L3W,A,2,2.60.40.60,102,213,domain_2,P33148,257,368"
    },
    "180": {
      "Pfam": "1L3W,A,Cadherin,PF00028,226,324,domain_3,P33148,381,479",
      "CATH": "1L3W,A,3,2.60.40.60,214,327,domain_3,P33148,369,482"
    },
    "181": {
      "Pfam": "1L3W,A,Cadherin,PF00028,337,431,domain_4,P33148,492,586",
      "CATH": "1L3W,A,4,2.60.40.60,328,433,domain_4,P33148,483,588"
    },
    "182": {
      "Pfam": "3K6I,A,Cadherin,PF00028,5,98,domain_1,P33150,143,236",
      "CATH": "3K6I,A,0,2.60.40.60,1,99,domain_1,P33150,140,237"
    },
    "183": {
      "Pfam": "3K5S,A,Cadherin,PF00028,5,98,domain_1,P33150,143,236",
      "CATH": "3K5S,A,1,2.60.40.60,1,100,domain_1,P33150,140,238"
    },
    "184": {
      "Pfam": "3K5S,B,Cadherin,PF00028,5,98,domain_1,P33150,143,236",
      "CATH": "3K5S,B,1,2.60.40.60,1,100,domain_1,P33150,140,238"
    },
    "185": {
      "Pfam": "3K5S,A,Cadherin,PF00028,112,216,domain_2,P33150,250,354",
      "CATH": "3K5S,A,2,2.60.40.60,101,217,domain_2,P33150,239,355"
    },
    "186": {
      "Pfam": "3K5S,B,Cadherin,PF00028,112,216,domain_2,P33150,250,354",
      "CATH": "3K5S,B,2,2.60.40.60,101,217,domain_2,P33150,239,355"
    },
    "187": {
      "Pfam": "6CGB,A,Cadherin,PF00028,6,97,domain_1,P55288,59,150",
      "CATH": "6CGB,A,1,2.60.40.60,1,99,domain_1,P55288,54,152"
    },
    "188": {
      "Pfam": "2A4E,A,Cadherin,PF00028,6,97,domain_1,P55288,59,150",
      "CATH": "2A4E,A,1,2.60.40.60,0,99,domain_1,P55288,54,152"
    },
    "189": {
      "Pfam": "2A4C,A,Cadherin,PF00028,6,97,domain_1,P55288,59,150",
      "CATH": "2A4C,A,1,2.60.40.60,5,98,domain_1,P55288,58,151"
    },
    "190": {
      "Pfam": "2A4C,B,Cadherin,PF00028,6,97,domain_1,P55288,59,150",
      "CATH": "2A4C,B,1,2.60.40.60,5,98,domain_1,P55288,58,151"
    },
    "191": {
      "Pfam": "2A4E,A,Cadherin,PF00028,111,206,domain_2,P55288,164,259",
      "CATH": "2A4E,A,2,2.60.40.60,100,207,domain_2,P55288,153,260"
    },
    "192": {
      "Pfam": "2V37,A,Cadherin,PF00028,5,98,domain_1,P55290,143,236",
      "CATH": "2V37,A,0,2.60.40.60,1,105,domain_1,P55290,139,243"
    },
    "193": {
      "Pfam": "6CG6,A,Cadherin,PF00028,6,97,domain_1,P70408,60,151",
      "CATH": "6CG6,A,1,2.60.40.60,1,99,domain_1,P70408,55,153"
    },
    "194": {
      "Pfam": "1ZXK,A,Cadherin,PF00028,6,97,domain_1,P97291,67,158",
      "CATH": "1ZXK,A,1,2.60.40.60,5,98,domain_1,P97291,66,159"
    },
    "195": {
      "Pfam": "1ZXK,B,Cadherin,PF00028,6,97,domain_1,P97291,67,158",
      "CATH": "1ZXK,B,1,2.60.40.60,5,98,domain_1,P97291,66,159"
    },
    "196": {
      "Pfam": "6CGU,A,Cadherin,PF00028,6,97,domain_1,P97326,59,150",
      "CATH": "6CGU,A,1,2.60.40.60,1,99,domain_1,P97326,54,152"
    },
    "197": {
      "Pfam": "6CGU,B,Cadherin,PF00028,6,97,domain_1,P97326,59,150",
      "CATH": "6CGU,B,1,2.60.40.60,1,99,domain_1,P97326,54,152"
    },
    "198": {
      "Pfam": "6CGU,C,Cadherin,PF00028,6,97,domain_1,P97326,59,150",
      "CATH": "6CGU,C,1,2.60.40.60,1,99,domain_1,P97326,54,152"
    },
    "199": {
      "Pfam": "6CGU,D,Cadherin,PF00028,6,97,domain_1,P97326,59,150",
      "CATH": "6CGU,D,1,2.60.40.60,1,99,domain_1,P97326,54,152"
    },
    "200": {
      "Pfam": "3LND,B,Cadherin,PF00028,6,97,domain_1,P97326,59,150",
      "CATH": "3LND,B,1,2.60.40.60,1,99,domain_1,P97326,54,152"
    },
    "201": {
      "Pfam": "3LND,D,Cadherin,PF00028,6,97,domain_1,P97326,59,150",
      "CATH": "3LND,D,1,2.60.40.60,1,99,domain_1,P97326,54,152"
    },
    "202": {
      "Pfam": "3LND,C,Cadherin,PF00028,6,97,domain_1,P97326,59,150",
      "CATH": "3LND,C,1,2.60.40.60,4,99,domain_1,P97326,57,152"
    },
    "203": {
      "Pfam": "3LND,A,Cadherin,PF00028,6,97,domain_1,P97326,59,150",
      "CATH": "3LND,A,1,2.60.40.60,5,99,domain_1,P97326,58,152"
    },
    "204": {
      "Pfam": "3LND,B,Cadherin,PF00028,111,206,domain_2,P97326,164,259",
      "CATH": "3LND,B,2,2.60.40.60,100,207,domain_2,P97326,153,260"
    },
    "205": {
      "Pfam": "3LND,C,Cadherin,PF00028,111,206,domain_2,P97326,164,259",
      "CATH": "3LND,C,2,2.60.40.60,100,207,domain_2,P97326,153,260"
    },
    "206": {
      "Pfam": "3LND,D,Cadherin,PF00028,111,206,domain_2,P97326,164,259",
      "CATH": "3LND,D,2,2.60.40.60,100,207,domain_2,P97326,153,260"
    },
    "207": {
      "Pfam": "3LND,A,Cadherin,PF00028,111,206,domain_2,P97326,164,259",
      "CATH": "3LND,A,2,2.60.40.60,100,207,domain_2,P97326,153,260"
    },
    "208": {
      "Pfam": "6BX7,A,Cadherin,PF00028,116,214,domain_1,Q08174,173,271",
      "CATH": "6BX7,A,2,2.60.40.60,107,216,domain_1,Q08174,164,273"
    },
    "209": {
      "Pfam": "6BX7,A,Cadherin,PF00028,228,321,domain_2,Q08174,285,378",
      "CATH": "6BX7,A,3,2.60.40.60,217,324,domain_2,Q08174,274,381"
    },
    "210": {
      "Pfam": "6BX7,A,Cadherin,PF00028,344,440,domain_3,Q08174,401,497",
      "CATH": "6BX7,A,4,2.60.40.60,325,443,domain_3,Q08174,382,500"
    },
    "211": {
      "Pfam": "3K6D,A,Cadherin,PF00028,5,98,domain_1,Q5XHE3,139,232",
      "CATH": "3K6D,A,0,2.60.40.60,1,99,domain_1,Q5XHE3,136,233"
    },
    "212": {
      "Pfam": "3PPE,A,Cadherin,PF00028,5,95,domain_1,Q8AYD0,45,135",
      "CATH": "3PPE,A,1,2.60.40.60,1,97,domain_1,Q8AYD0,41,137"
    },
    "213": {
      "Pfam": "3PPE,B,Cadherin,PF00028,5,95,domain_1,Q8AYD0,45,135",
      "CATH": "3PPE,B,1,2.60.40.60,1,97,domain_1,Q8AYD0,41,137"
    },
    "214": {
      "Pfam": "3PPE,A,Cadherin,PF00028,109,202,domain_2,Q8AYD0,149,242",
      "CATH": "3PPE,A,2,2.60.40.60,98,203,domain_2,Q8AYD0,138,243"
    },
    "215": {
      "Pfam": "3PPE,B,Cadherin,PF00028,109,202,domain_2,Q8AYD0,149,242",
      "CATH": "3PPE,B,2,2.60.40.60,98,203,domain_2,Q8AYD0,138,243"
    },
    "216": {
      "Pfam": "6CGS,A,Cadherin,PF00028,5,97,domain_1,Q8BM92,52,144",
      "CATH": "6CGS,A,1,2.60.40.60,1,99,domain_1,Q8BM92,48,146"
    },
    "217": {
      "Pfam": "6CGS,B,Cadherin,PF00028,5,97,domain_1,Q8BM92,52,144",
      "CATH": "6CGS,B,1,2.60.40.60,1,99,domain_1,Q8BM92,48,146"
    },
    "218": {
      "Pfam": "5T9T,A,Cadherin,PF00028,108,203,domain_1,Q8K486,137,232",
      "CATH": "5T9T,A,2,2.60.40.60,96,205,domain_2,Q8K486,125,234"
    },
    "219": {
      "Pfam": "5T9T,B,Cadherin,PF00028,108,203,domain_1,Q8K486,137,232",
      "CATH": "5T9T,B,2,2.60.40.60,96,205,domain_2,Q8K486,125,234"
    },
    "220": {
      "Pfam": "5T9T,A,Cadherin,PF00028,217,308,domain_2,Q8K486,246,337",
      "CATH": "5T9T,A,3,2.60.40.60,206,309,domain_3,Q8K486,235,338"
    },
    "221": {
      "Pfam": "5T9T,B,Cadherin,PF00028,217,308,domain_2,Q8K486,246,337",
      "CATH": "5T9T,B,3,2.60.40.60,206,309,domain_3,Q8K486,235,338"
    },
    "222": {
      "Pfam": "5T9T,A,Cadherin,PF00028,323,413,domain_3,Q8K486,352,442",
      "CATH": "5T9T,A,4,2.60.40.60,310,415,domain_4,Q8K486,339,444"
    },
    "223": {
      "Pfam": "5T9T,B,Cadherin,PF00028,323,413,domain_3,Q8K486,352,442",
      "CATH": "5T9T,B,4,2.60.40.60,310,415,domain_4,Q8K486,339,444"
    },
    "224": {
      "Pfam": "5T9T,A,Cadherin,PF00028,427,523,domain_4,Q8K486,456,552",
      "CATH": "5T9T,A,5,2.60.40.60,416,526,domain_5,Q8K486,445,555"
    },
    "225": {
      "Pfam": "5T9T,B,Cadherin,PF00028,427,523,domain_4,Q8K486,456,552",
      "CATH": "5T9T,B,5,2.60.40.60,416,527,domain_5,Q8K486,445,556"
    },
    "226": {
      "Pfam": "1ZVN,A,Cadherin,PF00028,5,97,domain_1,Q8QGH3,63,155",
      "CATH": "1ZVN,A,1,2.60.40.60,5,98,domain_1,Q8QGH3,63,156"
    },
    "227": {
      "Pfam": "1ZVN,B,Cadherin,PF00028,5,97,domain_1,Q8QGH3,63,155",
      "CATH": "1ZVN,B,1,2.60.40.60,5,98,domain_1,Q8QGH3,63,156"
    },
    "228": {
      "Pfam": "4ZPO,A,Cadherin,PF00028,109,204,domain_1,Q91XW9,138,233",
      "CATH": "4ZPO,A,2,2.60.40.60,98,205,domain_2,Q91XW9,127,234"
    },
    "229": {
      "Pfam": "4ZPP,A,Cadherin,PF00028,109,204,domain_1,Q91XW9,138,233",
      "CATH": "4ZPP,A,2,2.60.40.60,98,205,domain_2,Q91XW9,127,234"
    },
    "230": {
      "Pfam": "4ZPP,B,Cadherin,PF00028,109,204,domain_1,Q91XW9,138,233",
      "CATH": "4ZPP,B,2,2.60.40.60,98,205,domain_2,Q91XW9,127,234"
    },
    "231": {
      "Pfam": "4ZPQ,A,Cadherin,PF00028,109,204,domain_1,Q91XW9,138,233",
      "CATH": "4ZPQ,A,2,2.60.40.60,98,205,domain_2,Q91XW9,127,234"
    },
    "232": {
      "Pfam": "4ZPQ,B,Cadherin,PF00028,109,204,domain_1,Q91XW9,138,233",
      "CATH": "4ZPQ,B,2,2.60.40.60,98,205,domain_2,Q91XW9,127,234"
    },
    "233": {
      "Pfam": "4ZPQ,C,Cadherin,PF00028,109,204,domain_1,Q91XW9,138,233",
      "CATH": "4ZPQ,C,2,2.60.40.60,98,205,domain_2,Q91XW9,127,234"
    },
    "234": {
      "Pfam": "4ZPN,A,Cadherin,PF00028,114,209,domain_1,Q91XW9,138,233",
      "CATH": "4ZPN,A,2,2.60.40.60,103,210,domain_2,Q91XW9,127,234"
    },
    "235": {
      "Pfam": "4ZPN,B,Cadherin,PF00028,114,209,domain_1,Q91XW9,138,233",
      "CATH": "4ZPN,B,2,2.60.40.60,103,210,domain_2,Q91XW9,127,234"
    },
    "236": {
      "Pfam": "4ZPO,A,Cadherin,PF00028,219,311,domain_2,Q91XW9,248,340",
      "CATH": "4ZPO,A,3,2.60.40.60,206,311,domain_3,Q91XW9,235,340"
    },
    "237": {
      "Pfam": "4ZPP,A,Cadherin,PF00028,219,311,domain_2,Q91XW9,248,340",
      "CATH": "4ZPP,A,3,2.60.40.60,206,311,domain_3,Q91XW9,235,340"
    },
    "238": {
      "Pfam": "4ZPP,B,Cadherin,PF00028,219,311,domain_2,Q91XW9,248,340",
      "CATH": "4ZPP,B,3,2.60.40.60,206,311,domain_3,Q91XW9,235,340"
    },
    "239": {
      "Pfam": "4ZPQ,C,Cadherin,PF00028,219,311,domain_2,Q91XW9,248,340",
      "CATH": "4ZPQ,C,3,2.60.40.60,206,311,domain_3,Q91XW9,235,340"
    },
    "240": {
      "Pfam": "4ZPQ,B,Cadherin,PF00028,219,312,domain_2,Q91XW9,248,341",
      "CATH": "4ZPQ,B,3,2.60.40.60,206,312,domain_3,Q91XW9,235,341"
    },
    "241": {
      "Pfam": "4ZPQ,A,Cadherin,PF00028,219,312,domain_2,Q91XW9,248,341",
      "CATH": "4ZPQ,A,3,2.60.40.60,206,315,domain_3,Q91XW9,235,344"
    },
    "242": {
      "Pfam": "4ZPN,A,Cadherin,PF00028,224,317,domain_2,Q91XW9,248,341",
      "CATH": "4ZPN,A,3,2.60.40.60,211,320,domain_3,Q91XW9,235,344"
    },
    "243": {
      "Pfam": "4ZPN,B,Cadherin,PF00028,224,317,domain_2,Q91XW9,248,341",
      "CATH": "4ZPN,B,3,2.60.40.60,211,321,domain_3,Q91XW9,235,345"
    },
    "244": {
      "Pfam": "4ZI8,A,Cadherin,PF00028,110,205,domain_1,Q91XX1,140,235",
      "CATH": "4ZI8,A,2,2.60.40.60,99,206,domain_2,Q91XX1,129,236"
    },
    "245": {
      "Pfam": "4ZI8,B,Cadherin,PF00028,110,205,domain_1,Q91XX1,140,235",
      "CATH": "4ZI8,B,2,2.60.40.60,99,206,domain_2,Q91XX1,129,236"
    },
    "246": {
      "Pfam": "4ZI8,A,Cadherin,PF00028,219,313,domain_2,Q91XX1,249,343",
      "CATH": "4ZI8,A,3,2.60.40.60,207,314,domain_3,Q91XX1,237,344"
    },
    "247": {
      "Pfam": "4ZI8,B,Cadherin,PF00028,219,313,domain_2,Q91XX1,249,343",
      "CATH": "4ZI8,B,3,2.60.40.60,207,314,domain_3,Q91XX1,237,344"
    },
    "248": {
      "Pfam": "5SZP,A,Cadherin,PF00028,108,203,domain_1,Q91XX3,138,233",
      "CATH": "5SZP,A,2,2.60.40.60,99,205,domain_2,Q91XX3,129,235"
    },
    "249": {
      "Pfam": "5SZP,B,Cadherin,PF00028,108,203,domain_1,Q91XX3,138,233",
      "CATH": "5SZP,B,2,2.60.40.60,99,205,domain_2,Q91XX3,129,235"
    },
    "250": {
      "Pfam": "5SZO,A,Cadherin,PF00028,108,203,domain_1,Q91XX3,138,233",
      "CATH": "5SZO,A,2,2.60.40.60,99,205,domain_2,Q91XX3,129,235"
    },
    "251": {
      "Pfam": "5SZO,B,Cadherin,PF00028,108,203,domain_1,Q91XX3,138,233",
      "CATH": "5SZO,B,2,2.60.40.60,99,205,domain_2,Q91XX3,129,235"
    },
    "252": {
      "Pfam": "5SZP,A,Cadherin,PF00028,217,306,domain_2,Q91XX3,247,336",
      "CATH": "5SZP,A,3,2.60.40.60,206,309,domain_3,Q91XX3,236,339"
    },
    "253": {
      "Pfam": "5SZP,B,Cadherin,PF00028,217,306,domain_2,Q91XX3,247,336",
      "CATH": "5SZP,B,3,2.60.40.60,206,309,domain_3,Q91XX3,236,339"
    },
    "254": {
      "Pfam": "5SZO,A,Cadherin,PF00028,217,306,domain_2,Q91XX3,247,336",
      "CATH": "5SZO,A,3,2.60.40.60,206,309,domain_3,Q91XX3,236,339"
    },
    "255": {
      "Pfam": "5SZO,B,Cadherin,PF00028,217,306,domain_2,Q91XX3,247,336",
      "CATH": "5SZO,B,3,2.60.40.60,206,309,domain_3,Q91XX3,236,339"
    },
    "256": {
      "Pfam": "5SZP,A,Cadherin,PF00028,321,410,domain_3,Q91XX3,351,440",
      "CATH": "5SZP,A,4,2.60.40.60,310,410,domain_4,Q91XX3,340,440"
    },
    "257": {
      "Pfam": "5SZP,B,Cadherin,PF00028,321,410,domain_3,Q91XX3,351,440",
      "CATH": "5SZP,B,4,2.60.40.60,310,410,domain_4,Q91XX3,340,440"
    },
    "258": {
      "Pfam": "5SZO,A,Cadherin,PF00028,321,411,domain_3,Q91XX3,351,441",
      "CATH": "5SZO,A,4,2.60.40.60,310,413,domain_4,Q91XX3,340,443"
    },
    "259": {
      "Pfam": "5SZO,B,Cadherin,PF00028,321,411,domain_3,Q91XX3,351,441",
      "CATH": "5SZO,B,4,2.60.40.60,310,414,domain_4,Q91XX3,340,444"
    },
    "260": {
      "Pfam": "5SZN,A,Cadherin,PF00028,111,205,domain_1,Q91XX9,140,234",
      "CATH": "5SZN,A,2,2.60.40.60,98,207,domain_2,Q91XX9,127,236"
    },
    "261": {
      "Pfam": "5SZN,A,Cadherin,PF00028,326,415,domain_3,Q91XX9,355,444",
      "CATH": "5SZN,A,4,2.60.40.60,312,417,domain_3,Q91XX9,341,446"
    },
    "262": {
      "Pfam": "5SZN,A,Cadherin,PF00028,429,525,domain_4,Q91XX9,458,554",
      "CATH": "5SZN,A,5,2.60.40.60,418,529,domain_4,Q91XX9,447,558"
    },
    "263": {
      "Pfam": "4ZPS,A,Cadherin,PF00028,109,204,domain_1,Q91XY0,138,233",
      "CATH": "4ZPS,A,2,2.60.40.60,98,205,domain_2,Q91XY0,127,234"
    },
    "264": {
      "Pfam": "5SZM,A,Cadherin,PF00028,109,204,domain_1,Q91XY0,138,233",
      "CATH": "5SZM,A,2,2.60.40.60,100,206,domain_2,Q91XY0,129,235"
    },
    "265": {
      "Pfam": "4ZPS,A,Cadherin,PF00028,218,309,domain_2,Q91XY0,247,338",
      "CATH": "4ZPS,A,3,2.60.40.60,206,313,domain_3,Q91XY0,235,342"
    },
    "266": {
      "Pfam": "5SZM,A,Cadherin,PF00028,218,309,domain_2,Q91XY0,247,338",
      "CATH": "5SZM,A,3,2.60.40.60,207,312,domain_3,Q91XY0,236,341"
    },
    "267": {
      "Pfam": "5SZM,A,Cadherin,PF00028,326,414,domain_3,Q91XY0,355,443",
      "CATH": "5SZM,A,4,2.60.40.60,313,416,domain_4,Q91XY0,342,445"
    },
    "268": {
      "Pfam": "4ZI9,A,Cadherin,PF00028,219,310,domain_1,Q91XZ0,247,338",
      "CATH": "4ZI9,A,3,2.60.40.60,207,310,domain_3,Q91XZ0,235,338"
    },
    "269": {
      "Pfam": "4ZI9,B,Cadherin,PF00028,219,310,domain_1,Q91XZ0,247,338",
      "CATH": "4ZI9,B,3,2.60.40.60,207,310,domain_3,Q91XZ0,235,338"
    },
    "270": {
      "Pfam": "5DZY,A,Cadherin,PF00028,111,205,domain_1,Q91XZ2,139,233",
      "CATH": "5DZY,A,2,2.60.40.60,101,207,domain_2,Q91XZ2,129,235"
    },
    "271": {
      "Pfam": "5DZY,B,Cadherin,PF00028,111,205,domain_1,Q91XZ2,139,233",
      "CATH": "5DZY,B,2,2.60.40.60,101,207,domain_2,Q91XZ2,129,235"
    },
    "272": {
      "Pfam": "5DZY,C,Cadherin,PF00028,111,205,domain_1,Q91XZ2,139,233",
      "CATH": "5DZY,C,2,2.60.40.60,101,207,domain_2,Q91XZ2,129,235"
    },
    "273": {
      "Pfam": "5DZY,D,Cadherin,PF00028,111,205,domain_1,Q91XZ2,139,233",
      "CATH": "5DZY,D,2,2.60.40.60,101,207,domain_2,Q91XZ2,129,235"
    },
    "274": {
      "Pfam": "5DZY,E,Cadherin,PF00028,111,205,domain_1,Q91XZ2,139,233",
      "CATH": "5DZY,E,2,2.60.40.60,101,207,domain_2,Q91XZ2,129,235"
    },
    "275": {
      "Pfam": "5DZY,F,Cadherin,PF00028,111,205,domain_1,Q91XZ2,139,233",
      "CATH": "5DZY,F,2,2.60.40.60,101,207,domain_2,Q91XZ2,129,235"
    },
    "276": {
      "Pfam": "5DZY,A,Cadherin,PF00028,219,309,domain_2,Q91XZ2,247,337",
      "CATH": "5DZY,A,3,2.60.40.60,208,312,domain_3,Q91XZ2,236,340"
    },
    "277": {
      "Pfam": "5DZY,B,Cadherin,PF00028,219,309,domain_2,Q91XZ2,247,337",
      "CATH": "5DZY,B,3,2.60.40.60,208,312,domain_3,Q91XZ2,236,340"
    },
    "278": {
      "Pfam": "5DZY,C,Cadherin,PF00028,219,309,domain_2,Q91XZ2,247,337",
      "CATH": "5DZY,C,3,2.60.40.60,208,312,domain_3,Q91XZ2,236,340"
    },
    "279": {
      "Pfam": "5DZY,D,Cadherin,PF00028,219,309,domain_2,Q91XZ2,247,337",
      "CATH": "5DZY,D,3,2.60.40.60,208,312,domain_3,Q91XZ2,236,340"
    },
    "280": {
      "Pfam": "5DZY,E,Cadherin,PF00028,219,309,domain_2,Q91XZ2,247,337",
      "CATH": "5DZY,E,3,2.60.40.60,208,312,domain_3,Q91XZ2,236,340"
    },
    "281": {
      "Pfam": "5DZY,F,Cadherin,PF00028,219,309,domain_2,Q91XZ2,247,337",
      "CATH": "5DZY,F,3,2.60.40.60,208,312,domain_3,Q91XZ2,236,340"
    },
    "282": {
      "Pfam": "5DZY,D,Cadherin,PF00028,323,413,domain_3,Q91XZ2,351,441",
      "CATH": "5DZY,D,4,2.60.40.60,313,413,domain_4,Q91XZ2,341,441"
    },
    "283": {
      "Pfam": "5DZY,B,Cadherin,PF00028,323,413,domain_3,Q91XZ2,351,441",
      "CATH": "5DZY,B,4,2.60.40.60,313,415,domain_4,Q91XZ2,341,443"
    },
    "284": {
      "Pfam": "5DZY,E,Cadherin,PF00028,323,413,domain_3,Q91XZ2,351,441",
      "CATH": "5DZY,E,4,2.60.40.60,313,415,domain_4,Q91XZ2,341,443"
    },
    "285": {
      "Pfam": "5DZY,F,Cadherin,PF00028,323,413,domain_3,Q91XZ2,351,441",
      "CATH": "5DZY,F,4,2.60.40.60,313,415,domain_4,Q91XZ2,341,443"
    },
    "286": {
      "Pfam": "5DZY,A,Cadherin,PF00028,323,413,domain_3,Q91XZ2,351,441",
      "CATH": "5DZY,A,4,2.60.40.60,313,416,domain_4,Q91XZ2,341,444"
    },
    "287": {
      "Pfam": "5DZY,C,Cadherin,PF00028,323,413,domain_3,Q91XZ2,351,441",
      "CATH": "5DZY,C,4,2.60.40.60,313,416,domain_4,Q91XZ2,341,444"
    },
    "288": {
      "Pfam": "5DZX,A,Cadherin,PF00028,111,205,domain_1,Q91XZ4,139,233",
      "CATH": "5DZX,A,2,2.60.40.60,101,207,domain_2,Q91XZ4,129,235"
    },
    "289": {
      "Pfam": "5DZX,B,Cadherin,PF00028,111,205,domain_1,Q91XZ4,139,233",
      "CATH": "5DZX,B,2,2.60.40.60,101,207,domain_2,Q91XZ4,129,235"
    },
    "290": {
      "Pfam": "5DZX,A,Cadherin,PF00028,219,309,domain_2,Q91XZ4,247,337",
      "CATH": "5DZX,A,3,2.60.40.60,208,312,domain_3,Q91XZ4,236,340"
    },
    "291": {
      "Pfam": "5DZX,B,Cadherin,PF00028,219,309,domain_2,Q91XZ4,247,337",
      "CATH": "5DZX,B,3,2.60.40.60,208,312,domain_3,Q91XZ4,236,340"
    },
    "292": {
      "Pfam": "5DZX,B,Cadherin,PF00028,323,412,domain_3,Q91XZ4,351,440",
      "CATH": "5DZX,B,4,2.60.40.60,313,412,domain_4,Q91XZ4,341,440"
    },
    "293": {
      "Pfam": "5DZX,A,Cadherin,PF00028,323,413,domain_3,Q91XZ4,351,441",
      "CATH": "5DZX,A,4,2.60.40.60,313,416,domain_4,Q91XZ4,341,444"
    },
    "294": {
      "Pfam": "4ZPL,A,Cadherin,PF00028,110,205,domain_1,Q91Y08,138,233",
      "CATH": "4ZPL,A,2,2.60.40.60,99,206,domain_2,Q91Y08,127,234"
    },
    "295": {
      "Pfam": "4ZPL,A,Cadherin,PF00028,219,310,domain_2,Q91Y08,247,338",
      "CATH": "4ZPL,A,3,2.60.40.60,207,316,domain_3,Q91Y08,235,342"
    },
    "296": {
      "Pfam": "4ZPM,B,Cadherin,PF00028,111,206,domain_1,Q91Y09,152,247",
      "CATH": "4ZPM,B,2,2.60.40.60,100,207,domain_2,Q91Y09,141,248"
    },
    "297": {
      "Pfam": "4ZPM,A,Cadherin,PF00028,111,206,domain_1,Q91Y09,152,247",
      "CATH": "4ZPM,A,2,2.60.40.60,100,207,domain_2,Q91Y09,141,248"
    },
    "298": {
      "Pfam": "4ZPM,A,Cadherin,PF00028,220,314,domain_2,Q91Y09,261,355",
      "CATH": "4ZPM,A,3,2.60.40.60,208,317,domain_3,Q91Y09,249,358"
    },
    "299": {
      "Pfam": "4ZPM,B,Cadherin,PF00028,220,314,domain_2,Q91Y09,261,355",
      "CATH": "4ZPM,B,3,2.60.40.60,208,317,domain_3,Q91Y09,249,358"
    },
    "300": {
      "Pfam": "5DZV,B,Cadherin,PF00028,113,204,domain_1,Q91Y13,142,233",
      "CATH": "5DZV,B,2,2.60.40.60,97,206,domain_2,Q91Y13,126,235"
    },
    "301": {
      "Pfam": "5DZV,A,Cadherin,PF00028,113,204,domain_1,Q91Y13,142,233",
      "CATH": "5DZV,A,2,2.60.40.60,97,206,domain_2,Q91Y13,126,235"
    },
    "302": {
      "Pfam": "5DZV,A,Cadherin,PF00028,218,312,domain_2,Q91Y13,247,341",
      "CATH": "5DZV,A,3,2.60.40.60,207,313,domain_3,Q91Y13,236,342"
    },
    "303": {
      "Pfam": "5DZV,B,Cadherin,PF00028,218,312,domain_2,Q91Y13,247,341",
      "CATH": "5DZV,B,3,2.60.40.60,207,313,domain_3,Q91Y13,236,342"
    },
    "304": {
      "Pfam": "5DZV,A,Cadherin,PF00028,326,417,domain_3,Q91Y13,355,446",
      "CATH": "5DZV,A,4,2.60.40.60,314,419,domain_4,Q91Y13,343,448"
    },
    "305": {
      "Pfam": "5DZV,B,Cadherin,PF00028,326,417,domain_3,Q91Y13,355,446",
      "CATH": "5DZV,B,4,2.60.40.60,314,419,domain_4,Q91Y13,343,448"
    },
    "306": {
      "Pfam": "5DZV,B,Cadherin,PF00028,431,527,domain_4,Q91Y13,460,556",
      "CATH": "5DZV,B,5,2.60.40.60,420,528,domain_5,Q91Y13,449,557"
    },
    "307": {
      "Pfam": "5DZV,A,Cadherin,PF00028,431,527,domain_4,Q91Y13,460,556",
      "CATH": "5DZV,A,5,2.60.40.60,420,528,domain_5,Q91Y13,449,557"
    },
    "308": {
      "Pfam": "5T4N,B,Cadherin,PF00028,493,585,domain_2,Q96QU1,514,606",
      "CATH": "5T4N,B,3,2.60.40.60,482,586,domain_1,Q96QU1,503,607"
    },
    "309": {
      "Pfam": "2WBX,A,Cadherin,PF00028,17,100,domain_1,Q99PF4,39,122",
      "CATH": "2WBX,A,0,2.60.40.60,1,102,domain_1,Q99PF4,24,124"
    },
    "310": {
      "Pfam": "3MVS,A,Cadherin,PF00028,16,99,domain_1,Q99PF4,39,122",
      "CATH": "3MVS,A,1,2.60.40.60,1,102,domain_1,Q99PF4,24,125"
    },
    "311": {
      "Pfam": "4APX,A,Cadherin,PF00028,17,100,domain_1,Q99PF4,39,122",
      "CATH": "4APX,A,1,2.60.40.60,1,103,domain_1,Q99PF4,24,125"
    },
    "312": {
      "Pfam": "2WCP,A,Cadherin,PF00028,17,100,domain_1,Q99PF4,39,122",
      "CATH": "2WCP,A,1,2.60.40.60,1,103,domain_1,Q99PF4,24,125"
    },
    "313": {
      "Pfam": "4AXW,A,Cadherin,PF00028,17,100,domain_1,Q99PF4,39,122",
      "CATH": "4AXW,A,1,2.60.40.60,1,103,domain_1,Q99PF4,24,125"
    },
    "314": {
      "Pfam": "4XXW,C,Cadherin,PF00028,16,99,domain_1,Q99PF4,39,122",
      "CATH": "4XXW,C,1,2.60.40.60,1,102,domain_1,Q99PF4,24,125"
    },
    "315": {
      "Pfam": "4XXW,D,Cadherin,PF00028,16,99,domain_1,Q99PF4,39,122",
      "CATH": "4XXW,D,1,2.60.40.60,1,102,domain_1,Q99PF4,24,125"
    },
    "316": {
      "Pfam": "2WHV,A,Cadherin,PF00028,17,100,domain_1,Q99PF4,39,122",
      "CATH": "2WHV,A,1,2.60.40.60,1,103,domain_1,Q99PF4,24,125"
    },
    "317": {
      "Pfam": "4AQ8,A,Cadherin,PF00028,17,100,domain_1,Q99PF4,39,122",
      "CATH": "4AQ8,A,1,2.60.40.60,1,103,domain_1,Q99PF4,24,125"
    },
    "318": {
      "Pfam": "4AQ8,B,Cadherin,PF00028,17,100,domain_1,Q99PF4,39,122",
      "CATH": "4AQ8,B,1,2.60.40.60,1,103,domain_1,Q99PF4,24,125"
    },
    "319": {
      "Pfam": "4AQA,A,Cadherin,PF00028,17,100,domain_1,Q99PF4,39,122",
      "CATH": "4AQA,A,1,2.60.40.60,1,103,domain_1,Q99PF4,24,125"
    },
    "320": {
      "Pfam": "2WD0,A,Cadherin,PF00028,17,100,domain_1,Q99PF4,39,122",
      "CATH": "2WD0,A,1,2.60.40.60,2,103,domain_1,Q99PF4,24,125"
    },
    "321": {
      "Pfam": "2WD0,C,Cadherin,PF00028,17,100,domain_1,Q99PF4,39,122",
      "CATH": "2WD0,C,1,2.60.40.60,2,103,domain_1,Q99PF4,24,125"
    },
    "322": {
      "Pfam": "4AQE,A,Cadherin,PF00028,17,100,domain_1,Q99PF4,39,122",
      "CATH": "4AQE,A,1,2.60.40.60,1,103,domain_1,Q99PF4,24,125"
    },
    "323": {
      "Pfam": "4XXW,C,Cadherin,PF00028,114,204,domain_2,Q99PF4,137,227",
      "CATH": "4XXW,C,2,2.60.40.60,103,204,domain_2,Q99PF4,126,227"
    },
    "324": {
      "Pfam": "4XXW,D,Cadherin,PF00028,114,204,domain_2,Q99PF4,137,227",
      "CATH": "4XXW,D,2,2.60.40.60,103,204,domain_2,Q99PF4,126,227"
    },
    "325": {
      "Pfam": "4APX,A,Cadherin,PF00028,115,205,domain_2,Q99PF4,137,227",
      "CATH": "4APX,A,2,2.60.40.60,104,208,domain_2,Q99PF4,126,228"
    },
    "326": {
      "Pfam": "4AQA,A,Cadherin,PF00028,115,205,domain_2,Q99PF4,137,227",
      "CATH": "4AQA,A,2,2.60.40.60,104,206,domain_2,Q99PF4,126,228"
    },
    "327": {
      "Pfam": "2WCP,A,Cadherin,PF00028,115,205,domain_2,Q99PF4,137,227",
      "CATH": "2WCP,A,2,2.60.40.60,104,208,domain_2,Q99PF4,126,228"
    },
    "328": {
      "Pfam": "4AXW,A,Cadherin,PF00028,115,205,domain_2,Q99PF4,137,227",
      "CATH": "4AXW,A,2,2.60.40.60,104,208,domain_2,Q99PF4,126,228"
    },
    "329": {
      "Pfam": "4AQE,A,Cadherin,PF00028,115,205,domain_2,Q99PF4,137,227",
      "CATH": "4AQE,A,2,2.60.40.60,104,206,domain_2,Q99PF4,126,228"
    },
    "330": {
      "Pfam": "2WHV,A,Cadherin,PF00028,115,205,domain_2,Q99PF4,137,227",
      "CATH": "2WHV,A,2,2.60.40.60,104,208,domain_2,Q99PF4,126,228"
    },
    "331": {
      "Pfam": "4AQ8,A,Cadherin,PF00028,115,205,domain_2,Q99PF4,137,227",
      "CATH": "4AQ8,A,2,2.60.40.60,104,208,domain_2,Q99PF4,126,228"
    },
    "332": {
      "Pfam": "4AQ8,B,Cadherin,PF00028,115,205,domain_2,Q99PF4,137,227",
      "CATH": "4AQ8,B,2,2.60.40.60,104,208,domain_2,Q99PF4,126,228"
    },
    "333": {
      "Pfam": "2WD0,A,Cadherin,PF00028,115,205,domain_2,Q99PF4,137,227",
      "CATH": "2WD0,A,2,2.60.40.60,104,209,domain_2,Q99PF4,126,228"
    },
    "334": {
      "Pfam": "2WD0,C,Cadherin,PF00028,115,205,domain_2,Q99PF4,137,227",
      "CATH": "2WD0,C,2,2.60.40.60,104,209,domain_2,Q99PF4,126,228"
    },
    "335": {
      "Pfam": "3MVS,A,Cadherin,PF00028,114,204,domain_2,Q99PF4,137,227",
      "CATH": "3MVS,A,2,2.60.40.60,103,210,domain_2,Q99PF4,126,233"
    },
    "336": {
      "Pfam": "5TFL,B,Cadherin,PF00028,760,856,domain_4,Q99PF4,783,879",
      "CATH": "5TFL,B,2,2.60.40.60,749,860,domain_3,Q99PF4,772,883"
    },
    "337": {
      "Pfam": "5TFL,A,Cadherin,PF00028,760,856,domain_4,Q99PF4,783,879",
      "CATH": "5TFL,A,2,2.60.40.60,749,861,domain_3,Q99PF4,772,884"
    },
    "338": {
      "Pfam": "5VH2,A,Cadherin,PF00028,1192,1281,domain_5,Q99PF4,1215,1304",
      "CATH": "5VH2,A,1,2.60.40.60,1179,1283,domain_4,Q99PF4,1202,1306"
    },
    "339": {
      "Pfam": "5VH2,B,Cadherin,PF00028,1192,1281,domain_5,Q99PF4,1215,1304",
      "CATH": "5VH2,B,1,2.60.40.60,1179,1283,domain_4,Q99PF4,1202,1306"
    },
    "340": {
      "Pfam": "5VH2,D,Cadherin,PF00028,1192,1281,domain_5,Q99PF4,1215,1304",
      "CATH": "5VH2,D,1,2.60.40.60,1180,1283,domain_4,Q99PF4,1203,1306"
    },
    "341": {
      "Pfam": "5VH2,C,Cadherin,PF00028,1192,1281,domain_5,Q99PF4,1215,1304",
      "CATH": "5VH2,C,1,2.60.40.60,1180,1283,domain_4,Q99PF4,1203,1306"
    },
    "342": {
      "Pfam": "5VH2,B,Cadherin,PF00028,1295,1386,domain_6,Q99PF4,1318,1409",
      "CATH": "5VH2,B,2,2.60.40.60,1284,1386,domain_5,Q99PF4,1307,1409"
    },
    "343": {
      "Pfam": "5VH2,A,Cadherin,PF00028,1295,1386,domain_6,Q99PF4,1318,1409",
      "CATH": "5VH2,A,2,2.60.40.60,1284,1387,domain_5,Q99PF4,1307,1410"
    },
    "344": {
      "Pfam": "5VH2,C,Cadherin,PF00028,1295,1386,domain_6,Q99PF4,1318,1409",
      "CATH": "5VH2,C,2,2.60.40.60,1284,1388,domain_5,Q99PF4,1307,1411"
    },
    "345": {
      "Pfam": "5VH2,D,Cadherin,PF00028,1295,1386,domain_6,Q99PF4,1318,1409",
      "CATH": "5VH2,D,2,2.60.40.60,1284,1388,domain_5,Q99PF4,1307,1411"
    },
    "346": {
      "Pfam": "5WJM,A,Cadherin,PF00028,1728,1819,domain_7,Q99PF4,1751,1842",
      "CATH": "5WJM,A,1,2.60.40.60,1716,1821,domain_6,Q99PF4,1739,1844"
    },
    "347": {
      "Pfam": "5WJM,A,Cadherin,PF00028,1833,1917,domain_8,Q99PF4,1856,1940",
      "CATH": "5WJM,A,2,2.60.40.60,1822,1931,domain_7,Q99PF4,1845,1954"
    },
    "348": {
      "Pfam": "5VT8,C,Cadherin,PF00028,2491,2579,domain_13,Q99PF4,2514,2602",
      "CATH": "5VT8,C,1,2.60.40.60,2481,2581,domain_9,Q99PF4,2504,2604"
    },
    "349": {
      "Pfam": "5VT8,A,Cadherin,PF00028,2491,2579,domain_13,Q99PF4,2514,2602",
      "CATH": "5VT8,A,1,2.60.40.60,2481,2581,domain_9,Q99PF4,2504,2604"
    },
    "350": {
      "Pfam": "5VT8,B,Cadherin,PF00028,2491,2579,domain_13,Q99PF4,2514,2602",
      "CATH": "5VT8,B,1,2.60.40.60,2481,2581,domain_9,Q99PF4,2504,2604"
    },
    "351": {
      "Pfam": "5VT8,D,Cadherin,PF00028,2491,2579,domain_13,Q99PF4,2514,2602",
      "CATH": "5VT8,D,1,2.60.40.60,2481,2581,domain_9,Q99PF4,2504,2604"
    },
    "352": {
      "Pfam": "5VT8,D,Cadherin,PF00028,2596,2688,domain_14,Q99PF4,2619,2711",
      "CATH": "5VT8,D,2,2.60.40.60,2582,2688,domain_10,Q99PF4,2605,2711"
    },
    "353": {
      "Pfam": "5VT8,C,Cadherin,PF00028,2596,2689,domain_14,Q99PF4,2619,2712",
      "CATH": "5VT8,C,2,2.60.40.60,2582,2692,domain_10,Q99PF4,2605,2715"
    },
    "354": {
      "Pfam": "5VT8,A,Cadherin,PF00028,2596,2689,domain_14,Q99PF4,2619,2712",
      "CATH": "5VT8,A,2,2.60.40.60,2582,2692,domain_10,Q99PF4,2605,2715"
    },
    "355": {
      "Pfam": "5VT8,B,Cadherin,PF00028,2596,2689,domain_14,Q99PF4,2619,2712",
      "CATH": "5VT8,B,2,2.60.40.60,2582,2692,domain_10,Q99PF4,2605,2715"
    },
    "356": {
      "Pfam": "4APX,B,Cadherin,PF00028,131,233,domain_1,Q99PJ1,157,259",
      "CATH": "4APX,B,2,2.60.40.60,120,237,domain_1,Q99PJ1,146,259"
    },
    "357": {
      "Pfam": "4AQA,B,Cadherin,PF00028,131,233,domain_1,Q99PJ1,157,259",
      "CATH": "4AQA,B,2,2.60.40.60,120,236,domain_1,Q99PJ1,146,259"
    },
    "358": {
      "Pfam": "4AXW,B,Cadherin,PF00028,131,233,domain_1,Q99PJ1,157,259",
      "CATH": "4AXW,B,2,2.60.40.60,120,236,domain_1,Q99PJ1,146,259"
    },
    "359": {
      "Pfam": "4XXW,A,Cadherin,PF00028,131,233,domain_1,Q99PJ1,157,259",
      "CATH": "4XXW,A,2,2.60.40.60,120,236,domain_1,Q99PJ1,146,259"
    },
    "360": {
      "Pfam": "4XXW,B,Cadherin,PF00028,131,233,domain_1,Q99PJ1,157,259",
      "CATH": "4XXW,B,2,2.60.40.60,120,236,domain_1,Q99PJ1,146,259"
    },
    "361": {
      "Pfam": "4AQE,B,Cadherin,PF00028,131,233,domain_1,Q99PJ1,157,259",
      "CATH": "4AQE,B,2,2.60.40.60,120,237,domain_1,Q99PJ1,146,259"
    },
    "362": {
      "Pfam": "4AQ8,C,Cadherin,PF00028,131,233,domain_1,Q99PJ1,157,259",
      "CATH": "4AQ8,C,2,2.60.40.60,120,237,domain_1,Q99PJ1,146,259"
    },
    "363": {
      "Pfam": "4AQ8,D,Cadherin,PF00028,131,233,domain_1,Q99PJ1,157,259",
      "CATH": "4AQ8,D,2,2.60.40.60,120,237,domain_1,Q99PJ1,146,259"
    },
    "364": {
      "Pfam": "5TPK,A,Cadherin,PF00028,702,789,domain_4,Q99PJ1,728,815",
      "CATH": "5TPK,A,1,2.60.40.60,690,791,domain_2,Q99PJ1,716,817"
    },
    "365": {
      "Pfam": "6BWN,A,Cadherin,PF00028,702,789,domain_4,Q99PJ1,728,815",
      "CATH": "6BWN,A,2,2.60.40.60,690,794,domain_2,Q99PJ1,716,818"
    },
    "366": {
      "Pfam": "5TPK,A,Cadherin,PF00028,803,896,domain_5,Q99PJ1,829,922",
      "CATH": "5TPK,A,2,2.60.40.60,792,897,domain_3,Q99PJ1,818,923"
    },
    "367": {
      "Pfam": "5KJ4,A,Cadherin,PF00028,910,1006,domain_6,Q99PJ1,936,1032",
      "CATH": "5KJ4,A,1,2.60.40.60,898,1009,domain_4,Q99PJ1,924,1035"
    },
    "368": {
      "Pfam": "5KJ4,B,Cadherin,PF00028,910,1006,domain_6,Q99PJ1,936,1032",
      "CATH": "5KJ4,B,1,2.60.40.60,898,1009,domain_4,Q99PJ1,924,1035"
    },
    "369": {
      "Pfam": "5KJ4,C,Cadherin,PF00028,910,1006,domain_6,Q99PJ1,936,1032",
      "CATH": "5KJ4,C,1,2.60.40.60,898,1009,domain_4,Q99PJ1,924,1035"
    },
    "370": {
      "Pfam": "5KJ4,D,Cadherin,PF00028,910,1006,domain_6,Q99PJ1,936,1032",
      "CATH": "5KJ4,D,1,2.60.40.60,898,1009,domain_4,Q99PJ1,924,1035"
    },
    "371": {
      "Pfam": "5KJ4,C,Cadherin,PF00028,1023,1114,domain_7,Q99PJ1,1049,1140",
      "CATH": "5KJ4,C,2,2.60.40.60,1010,1119,domain_5,Q99PJ1,1036,1145"
    },
    "372": {
      "Pfam": "5KJ4,D,Cadherin,PF00028,1023,1114,domain_7,Q99PJ1,1049,1140",
      "CATH": "5KJ4,D,2,2.60.40.60,1010,1119,domain_5,Q99PJ1,1036,1145"
    },
    "373": {
      "Pfam": "5KJ4,A,Cadherin,PF00028,1023,1114,domain_7,Q99PJ1,1049,1140",
      "CATH": "5KJ4,A,2,2.60.40.60,1010,1125,domain_5,Q99PJ1,1036,1149"
    },
    "374": {
      "Pfam": "5KJ4,B,Cadherin,PF00028,1023,1114,domain_7,Q99PJ1,1049,1140",
      "CATH": "5KJ4,B,2,2.60.40.60,1010,1125,domain_5,Q99PJ1,1036,1149"
    },
    "375": {
      "Pfam": "5CZR,B,Cadherin,PF00028,11,95,domain_1,Q9BYE9,31,115",
      "CATH": "5CZR,B,1,2.60.40.60,0,97,domain_1,Q9BYE9,21,117"
    },
    "376": {
      "Pfam": "5CZR,D,Cadherin,PF00028,11,95,domain_1,Q9BYE9,31,115",
      "CATH": "5CZR,D,1,2.60.40.60,0,97,domain_1,Q9BYE9,21,117"
    },
    "377": {
      "Pfam": "5CZR,A,Cadherin,PF00028,11,95,domain_1,Q9BYE9,31,115",
      "CATH": "5CZR,A,1,2.60.40.60,1,97,domain_1,Q9BYE9,21,117"
    },
    "378": {
      "Pfam": "5CZR,C,Cadherin,PF00028,11,95,domain_1,Q9BYE9,31,115",
      "CATH": "5CZR,C,1,2.60.40.60,1,97,domain_1,Q9BYE9,21,117"
    },
    "379": {
      "Pfam": "5CZR,A,Cadherin,PF00028,109,205,domain_2,Q9BYE9,129,225",
      "CATH": "5CZR,A,2,2.60.40.60,98,215,domain_2,Q9BYE9,118,235"
    },
    "380": {
      "Pfam": "5CZR,B,Cadherin,PF00028,109,205,domain_2,Q9BYE9,129,225",
      "CATH": "5CZR,B,2,2.60.40.60,98,215,domain_2,Q9BYE9,118,235"
    },
    "381": {
      "Pfam": "5CZR,D,Cadherin,PF00028,109,205,domain_2,Q9BYE9,129,225",
      "CATH": "5CZR,D,2,2.60.40.60,98,215,domain_2,Q9BYE9,118,235"
    },
    "382": {
      "Pfam": "5CZR,C,Cadherin,PF00028,109,205,domain_2,Q9BYE9,129,225",
      "CATH": "5CZR,C,2,2.60.40.60,98,216,domain_2,Q9BYE9,118,236"
    },
    "383": {
      "Pfam": "5WJ8,A,Cadherin,PF00028,1295,1386,domain_4,Q9H251,1318,1409",
      "CATH": "5WJ8,A,1,2.60.40.60,1287,1388,domain_1,Q9H251,1310,1411"
    },
    "384": {
      "Pfam": "5WJ8,A,Cadherin,PF00028,1401,1495,domain_5,Q9H251,1424,1518",
      "CATH": "5WJ8,A,2,2.60.40.60,1389,1496,domain_2,Q9H251,1412,1519"
    },
    "385": {
      "Pfam": "2EE0,A,Cadherin,PF00028,19,111,domain_1,Q9HC56,257,349",
      "CATH": "2EE0,A,1,2.60.40.60,15,114,domain_1,Q9HC56,253,352"
    },
    "386": {
      "Pfam": "6CG7,A,Cadherin,PF00028,5,97,domain_1,Q9WTP5,64,156",
      "CATH": "6CG7,A,1,2.60.40.60,1,99,domain_1,Q9WTP5,60,158"
    },
    "387": {
      "Pfam": "6CG7,B,Cadherin,PF00028,5,97,domain_1,Q9WTP5,64,156",
      "CATH": "6CG7,B,1,2.60.40.60,1,99,domain_1,Q9WTP5,60,158"
    },
    "388": {
      "Pfam": "3K6F,A,Cadherin,PF00028,5,98,domain_1,Q9WTR5,143,236",
      "CATH": "3K6F,A,0,2.60.40.60,0,99,domain_1,Q9WTR5,140,237"
    },
    "389": {
      "Pfam": "3K6F,B,Cadherin,PF00028,5,98,domain_1,Q9WTR5,143,236",
      "CATH": "3K6F,B,0,2.60.40.60,0,99,domain_1,Q9WTR5,140,237"
    },
    "390": {
      "Pfam": "3K5R,A,Cadherin,PF00028,5,98,domain_1,Q9WTR5,143,236",
      "CATH": "3K5R,A,1,2.60.40.60,0,100,domain_1,Q9WTR5,140,238"
    },
    "391": {
      "Pfam": "3K5R,B,Cadherin,PF00028,5,98,domain_1,Q9WTR5,143,236",
      "CATH": "3K5R,B,1,2.60.40.60,0,100,domain_1,Q9WTR5,140,238"
    },
    "392": {
      "Pfam": "3K5R,A,Cadherin,PF00028,112,216,domain_2,Q9WTR5,250,354",
      "CATH": "3K5R,A,2,2.60.40.60,101,217,domain_2,Q9WTR5,239,355"
    },
    "393": {
      "Pfam": "3K5R,B,Cadherin,PF00028,112,216,domain_2,Q9WTR5,250,354",
      "CATH": "3K5R,B,2,2.60.40.60,101,217,domain_2,Q9WTR5,239,355"
    },
    "394": {
      "Pfam": "5K8R,A,Cadherin,PF00028,108,203,domain_1,Q9Y5G1,138,233",
      "CATH": "5K8R,A,2,2.60.40.60,99,205,domain_2,Q9Y5G1,129,235"
    },
    "395": {
      "Pfam": "5K8R,A,Cadherin,PF00028,217,308,domain_2,Q9Y5G1,247,338",
      "CATH": "5K8R,A,3,2.60.40.60,206,311,domain_3,Q9Y5G1,236,341"
    },
    "396": {
      "Pfam": "5K8R,A,Cadherin,PF00028,322,413,domain_3,Q9Y5G1,352,443",
      "CATH": "5K8R,A,4,2.60.40.60,312,414,domain_4,Q9Y5G1,342,444"
    }
  },
  "1": {
    "0": {
      "Pfam": "1WUZ,A,Cadherin_2,PF08266,4,86,domain_1,O88689,30,112",
      "CATH": "1WUZ,A,1,2.60.40.60,1,99,domain_1,O88689,27,125"
    },
    "1": {
      "Pfam": "5DZW,A,Cadherin_2,PF08266,1,83,domain_1,O88689,30,112",
      "CATH": "5DZW,A,1,2.60.40.60,1,99,domain_1,O88689,30,128"
    },
    "2": {
      "Pfam": "1WYJ,A,Cadherin_2,PF08266,12,94,domain_1,Q6PB90,30,112",
      "CATH": "1WYJ,A,1,2.60.40.60,13,107,domain_1,Q6PB90,31,125"
    },
    "3": {
      "Pfam": "5T9T,A,Cadherin_2,PF08266,2,82,domain_1,Q8K486,31,111",
      "CATH": "5T9T,A,1,2.60.40.60,1,95,domain_1,Q8K486,30,124"
    },
    "4": {
      "Pfam": "5T9T,B,Cadherin_2,PF08266,2,82,domain_1,Q8K486,31,111",
      "CATH": "5T9T,B,1,2.60.40.60,2,95,domain_1,Q8K486,31,124"
    },
    "5": {
      "Pfam": "4ZPN,A,Cadherin_2,PF08266,6,88,domain_1,Q91XW9,30,112",
      "CATH": "4ZPN,A,1,2.60.40.60,1,102,domain_1,Q91XW9,25,126"
    },
    "6": {
      "Pfam": "4ZPN,B,Cadherin_2,PF08266,6,88,domain_1,Q91XW9,30,112",
      "CATH": "4ZPN,B,1,2.60.40.60,2,102,domain_1,Q91XW9,26,126"
    },
    "7": {
      "Pfam": "4ZPO,A,Cadherin_2,PF08266,1,83,domain_1,Q91XW9,30,112",
      "CATH": "4ZPO,A,1,2.60.40.60,1,97,domain_1,Q91XW9,30,126"
    },
    "8": {
      "Pfam": "4ZPP,A,Cadherin_2,PF08266,1,83,domain_1,Q91XW9,30,112",
      "CATH": "4ZPP,A,1,2.60.40.60,1,97,domain_1,Q91XW9,30,126"
    },
    "9": {
      "Pfam": "4ZPP,B,Cadherin_2,PF08266,1,83,domain_1,Q91XW9,30,112",
      "CATH": "4ZPP,B,1,2.60.40.60,1,97,domain_1,Q91XW9,30,126"
    },
    "10": {
      "Pfam": "4ZPQ,A,Cadherin_2,PF08266,1,83,domain_1,Q91XW9,30,112",
      "CATH": "4ZPQ,A,1,2.60.40.60,1,97,domain_1,Q91XW9,30,126"
    },
    "11": {
      "Pfam": "4ZPQ,B,Cadherin_2,PF08266,1,83,domain_1,Q91XW9,30,112",
      "CATH": "4ZPQ,B,1,2.60.40.60,1,97,domain_1,Q91XW9,30,126"
    },
    "12": {
      "Pfam": "4ZPQ,C,Cadherin_2,PF08266,1,83,domain_1,Q91XW9,30,112",
      "CATH": "4ZPQ,C,1,2.60.40.60,1,97,domain_1,Q91XW9,30,126"
    },
    "13": {
      "Pfam": "4ZI8,B,Cadherin_2,PF08266,2,84,domain_1,Q91XX1,32,114",
      "CATH": "4ZI8,B,1,2.60.40.60,-8,98,domain_1,Q91XX1,30,128"
    },
    "14": {
      "Pfam": "4ZI8,A,Cadherin_2,PF08266,2,84,domain_1,Q91XX1,32,114",
      "CATH": "4ZI8,A,1,2.60.40.60,2,98,domain_1,Q91XX1,32,128"
    },
    "15": {
      "Pfam": "5SZO,B,Cadherin_2,PF08266,2,82,domain_1,Q91XX3,32,112",
      "CATH": "5SZO,B,1,2.60.40.60,1,98,domain_1,Q91XX3,31,128"
    },
    "16": {
      "Pfam": "5SZP,A,Cadherin_2,PF08266,2,82,domain_1,Q91XX3,32,112",
      "CATH": "5SZP,A,1,2.60.40.60,2,98,domain_1,Q91XX3,32,128"
    },
    "17": {
      "Pfam": "5SZP,B,Cadherin_2,PF08266,2,82,domain_1,Q91XX3,32,112",
      "CATH": "5SZP,B,1,2.60.40.60,2,98,domain_1,Q91XX3,32,128"
    },
    "18": {
      "Pfam": "5SZO,A,Cadherin_2,PF08266,2,82,domain_1,Q91XX3,32,112",
      "CATH": "5SZO,A,1,2.60.40.60,2,98,domain_1,Q91XX3,32,128"
    },
    "19": {
      "Pfam": "5SZN,A,Cadherin_2,PF08266,3,84,domain_1,Q91XX9,32,113",
      "CATH": "5SZN,A,1,2.60.40.60,3,97,domain_1,Q91XX9,32,126"
    },
    "20": {
      "Pfam": "4ZPS,A,Cadherin_2,PF08266,1,83,domain_1,Q91XY0,30,112",
      "CATH": "4ZPS,A,1,2.60.40.60,1,97,domain_1,Q91XY0,30,126"
    },
    "21": {
      "Pfam": "5SZM,A,Cadherin_2,PF08266,1,83,domain_1,Q91XY0,30,112",
      "CATH": "5SZM,A,1,2.60.40.60,1,99,domain_1,Q91XY0,30,128"
    },
    "22": {
      "Pfam": "4ZI9,A,Cadherin_2,PF08266,2,84,domain_1,Q91XZ0,30,112",
      "CATH": "4ZI9,A,1,2.60.40.60,2,98,domain_1,Q91XZ0,30,126"
    },
    "23": {
      "Pfam": "4ZI9,B,Cadherin_2,PF08266,2,84,domain_1,Q91XZ0,30,112",
      "CATH": "4ZI9,B,1,2.60.40.60,2,98,domain_1,Q91XZ0,30,126"
    },
    "24": {
      "Pfam": "5DZY,B,Cadherin_2,PF08266,2,84,domain_1,Q91XZ2,30,112",
      "CATH": "5DZY,B,1,2.60.40.60,1,100,domain_1,Q91XZ2,29,128"
    },
    "25": {
      "Pfam": "5DZY,F,Cadherin_2,PF08266,2,84,domain_1,Q91XZ2,30,112",
      "CATH": "5DZY,F,1,2.60.40.60,1,100,domain_1,Q91XZ2,29,128"
    },
    "26": {
      "Pfam": "5DZY,C,Cadherin_2,PF08266,2,84,domain_1,Q91XZ2,30,112",
      "CATH": "5DZY,C,1,2.60.40.60,2,100,domain_1,Q91XZ2,30,128"
    },
    "27": {
      "Pfam": "5DZY,D,Cadherin_2,PF08266,2,84,domain_1,Q91XZ2,30,112",
      "CATH": "5DZY,D,1,2.60.40.60,2,100,domain_1,Q91XZ2,30,128"
    },
    "28": {
      "Pfam": "5DZY,A,Cadherin_2,PF08266,3,84,domain_1,Q91XZ2,31,112",
      "CATH": "5DZY,A,1,2.60.40.60,3,100,domain_1,Q91XZ2,31,128"
    },
    "29": {
      "Pfam": "5DZY,E,Cadherin_2,PF08266,3,84,domain_1,Q91XZ2,31,112",
      "CATH": "5DZY,E,1,2.60.40.60,3,100,domain_1,Q91XZ2,31,128"
    },
    "30": {
      "Pfam": "5DZX,B,Cadherin_2,PF08266,2,84,domain_1,Q91XZ4,30,112",
      "CATH": "5DZX,B,1,2.60.40.60,2,100,domain_1,Q91XZ4,30,128"
    },
    "31": {
      "Pfam": "5DZX,A,Cadherin_2,PF08266,3,84,domain_1,Q91XZ4,31,112",
      "CATH": "5DZX,A,1,2.60.40.60,3,100,domain_1,Q91XZ4,31,128"
    },
    "32": {
      "Pfam": "4ZPL,A,Cadherin_2,PF08266,2,84,domain_1,Q91Y08,30,112",
      "CATH": "4ZPL,A,1,2.60.40.60,1,98,domain_1,Q91Y08,29,126"
    },
    "33": {
      "Pfam": "4ZPM,A,Cadherin_2,PF08266,1,85,domain_1,Q91Y09,42,126",
      "CATH": "4ZPM,A,1,2.60.40.60,1,99,domain_1,Q91Y09,42,140"
    },
    "34": {
      "Pfam": "4ZPM,B,Cadherin_2,PF08266,1,85,domain_1,Q91Y09,42,126",
      "CATH": "4ZPM,B,1,2.60.40.60,1,99,domain_1,Q91Y09,42,140"
    },
    "35": {
      "Pfam": "5DZV,A,Cadherin_2,PF08266,1,83,domain_1,Q91Y13,30,112",
      "CATH": "5DZV,A,1,2.60.40.60,1,96,domain_1,Q91Y13,30,125"
    },
    "36": {
      "Pfam": "5DZV,B,Cadherin_2,PF08266,1,83,domain_1,Q91Y13,30,112",
      "CATH": "5DZV,B,1,2.60.40.60,1,96,domain_1,Q91Y13,30,125"
    },
    "37": {
      "Pfam": "5K8R,A,Cadherin_2,PF08266,2,82,domain_1,Q9Y5G1,32,112",
      "CATH": "5K8R,A,1,2.60.40.60,1,98,domain_1,Q9Y5G1,31,128"
    },
    "38": {
      "Pfam": "1OP4,A,Cadherin_pro,PF08758,31,121,domain_1,P15116,31,121",
      "CATH": "1OP4,A,1,2.60.40.60,34,122,domain_1,P15116,34,122"
    },
    "39": {
      "Pfam": "2X2U,A,RET_CLD1,PF17756,29,154,domain_1,P07949,29,154",
      "CATH": "2X2U,A,1,2.60.40.60,29,151,domain_1,P07949,29,151"
    }
  }
}