PDB_id,Chain_id,Domain,Family_id,PDB_start,PDB_end,Domain_pos,UNP_id,UNP_start,UNP_end
2RSJ,A,zf-H2C2_5,PF13909,38,62,domain_1,Q9P243,299,323
2ELT,A,zf-H2C2_5,PF13909,10,34,domain_1,Q9P243,299,323
2RUU,A,zf-H2C2_5,PF13909,10,34,domain_1,Q9P243,299,323
2RV7,A,zf-H2C2_5,PF13909,10,34,domain_1,Q9P243,299,323
2RV6,A,zf-H2C2_5,PF13909,38,62,domain_1,Q9P243,299,323
2DMD,A,zf-H2C2_5,PF13909,37,61,domain_1,Q9NTW7,203,227
5T0U,D,zf-H2C2_5,PF13909,351,375,domain_1,P49711,351,375
5K5H,A,zf-H2C2_5,PF13909,351,375,domain_1,P49711,351,375
5YEH,B,zf-H2C2_5,PF13909,351,375,domain_1,P49711,351,375
5YEF,J,zf-H2C2_5,PF13909,351,375,domain_1,P49711,351,375
5UND,A,zf-H2C2_5,PF13909,351,375,domain_1,P49711,351,375
5YEF,B,zf-H2C2_5,PF13909,351,375,domain_1,P49711,351,375
5KKQ,A,zf-H2C2_5,PF13909,351,375,domain_1,P49711,351,375
5YEG,A,zf-H2C2_5,PF13909,351,375,domain_1,P49711,351,375
5T0U,A,zf-H2C2_5,PF13909,351,375,domain_1,P49711,351,375
5T00,A,zf-H2C2_5,PF13909,351,375,domain_1,P49711,351,375
5KKQ,D,zf-H2C2_5,PF13909,351,375,domain_1,P49711,351,375
5YEF,G,zf-H2C2_5,PF13909,351,375,domain_1,P49711,351,375
5UND,B,zf-H2C2_5,PF13909,351,375,domain_1,P49711,351,375
5YEF,A,zf-H2C2_5,PF13909,351,375,domain_1,P49711,351,375
5YEG,B,zf-H2C2_5,PF13909,351,375,domain_1,P49711,351,375
5YEH,A,zf-H2C2_5,PF13909,351,375,domain_1,P49711,351,375
5T00,D,zf-H2C2_5,PF13909,351,375,domain_1,P49711,351,375
1KLS,A,zf-H2C2_5,PF13909,3,28,domain_1,P08048,572,597
5ZNF,A,zf-H2C2_5,PF13909,3,28,domain_1,P08048,572,597
1KLR,A,zf-H2C2_5,PF13909,3,28,domain_1,P08048,572,597
1XRZ,A,zf-H2C2_5,PF13909,3,28,domain_1,P08048,572,597
7ZNF,A,zf-H2C2_5,PF13909,3,28,domain_1,P08048,572,597
4WA6,C,Sgf11,PF08209,67,94,domain_1,A6ZWK1,67,94
4WA6,G,Sgf11,PF08209,70,94,domain_1,A6ZWK1,70,94
6AQR,C,Sgf11,PF08209,67,94,domain_1,Q03067,67,94
4ZUX,g,Sgf11,PF08209,67,95,domain_1,Q03067,67,95
6T9L,M,Sgf11,PF08209,67,95,domain_1,Q03067,67,95
4ZUX,W,Sgf11,PF08209,67,95,domain_1,Q03067,67,95
4ZUX,b,Sgf11,PF08209,67,95,domain_1,Q03067,67,95
4ZUX,l,Sgf11,PF08209,67,95,domain_1,Q03067,67,95
2LO2,A,Sgf11,PF08209,6,38,domain_1,Q03067,67,99
6TBM,O,Sgf11,PF08209,91,119,domain_1,C4R2D9,91,119
